/*BEGIN;
SELECT fc_startsession();
 
-- INSERIR TIPO DO FORMULARIO
INSERT INTO esocialformulariotipo
VALUES(25,'Cadastramento Inicial do Viculo e Admissao/Ingresso de Trabalhador');
 
-- INSERIR FORMULARIO 
INSERT INTO avaliacao (db101_sequencial, db101_avaliacaotipo, db101_descricao, db101_identificador, db101_obs, db101_ativo, db101_cargadados, db101_permiteedicao) VALUES (4000093, 5, 'FORMULÁRIO S2200 - CADASTRAMENTO INICIAL DO VÍNCULO E ADMISSÃO/INGRESSO DE TRABALHADOR V2.5', 'formulario-s2200-v25', 'Versão 2.5 do formulario S2200 do eSocial', true, NULL, false);
 
INSERT INTO esocialversaoformulario
VALUES(nextval('esocialversaoformulario_rh211_sequencial_seq'),'2.4',4000093,25);
 
-- INSERIR GRUPOS DO REGISTRO 2200
INSERT INTO avaliacaogrupopergunta (db102_sequencial, db102_avaliacao, db102_descricao, db102_identificador, db102_identificadorcampo) VALUES (4000092, 4000093, 'Informações Pessoais do Trabalhador', 'informacoes-pessoais-do-trabalhador-4000092', 'trabalhador');
INSERT INTO avaliacaogrupopergunta (db102_sequencial, db102_avaliacao, db102_descricao, db102_identificador, db102_identificadorcampo) VALUES (4000093, 4000093, 'Grupo de informações do nascimento do trabalhador', 'grupo-de-informacoes-do-nascimento-do-trabalhador-4000093', 'nascimento');
INSERT INTO avaliacaogrupopergunta (db102_sequencial, db102_avaliacao, db102_descricao, db102_identificador, db102_identificadorcampo) VALUES (4000094, 4000093, 'Informações da Carteira de Trabalho e Previdência Social(CTPS)', 'informacoes-da-carteira-de-trabalho-e-previdencia-social-4000094', 'CTPS');
INSERT INTO avaliacaogrupopergunta (db102_sequencial, db102_avaliacao, db102_descricao, db102_identificador, db102_identificadorcampo) VALUES (4000095, 4000093, 'nformações do Documento Nacional de Identidade - DNI (Registro de Identificação Civil - RIC)', 'nformacoes-do-documento-nacional-de-identidade--dni-registro-de-identificacao-civil--ric-4000095', 'RIC');
INSERT INTO avaliacaogrupopergunta (db102_sequencial, db102_avaliacao, db102_descricao, db102_identificador, db102_identificadorcampo) VALUES (4000096, 4000093, 'Informações do Registro Geral (RG)', 'informacoes-do-registro-geral-rg-4000096', 'RG');
INSERT INTO avaliacaogrupopergunta (db102_sequencial, db102_avaliacao, db102_descricao, db102_identificador, db102_identificadorcampo) VALUES (4000097, 4000093, 'Informações do Registro Nacional de Estrangeiro', 'informacoes-do-registro-nacional-de-estrangeiro-4000097', 'RNE');
INSERT INTO avaliacaogrupopergunta (db102_sequencial, db102_avaliacao, db102_descricao, db102_identificador, db102_identificadorcampo) VALUES (4000098, 4000093, 'Informações do número de registro em Órgão de Classe (OC)', 'informacoes-do-numero-de-registro-em-orgao-de-classe-oc-4000098', 'OC');
INSERT INTO avaliacaogrupopergunta (db102_sequencial, db102_avaliacao, db102_descricao, db102_identificador, db102_identificadorcampo) VALUES (4000099, 4000093, 'Informações da Carteira Nacional de Habilitação (CNH)', 'informacoes-da-carteira-nacional-de-habilitacao-cnh-4000099', 'CNH');
INSERT INTO avaliacaogrupopergunta (db102_sequencial, db102_avaliacao, db102_descricao, db102_identificador, db102_identificadorcampo) VALUES (4000100, 4000093, 'Preenchimento obrigatório para trabalhador residente no Brasil(Endereço)', 'preenchimento-obrigatorio-para-trabalhador-residente-no-brasil-4000100', 'brasil');
INSERT INTO avaliacaogrupopergunta (db102_sequencial, db102_avaliacao, db102_descricao, db102_identificador, db102_identificadorcampo) VALUES (4000101, 4000093, 'Preenchido em caso de trabalhador residente no exterior', 'preenchido-em-caso-de-trabalhador-residente-no-exterior-4000101', 'exterior');
INSERT INTO avaliacaogrupopergunta (db102_sequencial, db102_avaliacao, db102_descricao, db102_identificador, db102_identificadorcampo) VALUES (4000102, 4000093, 'Grupo de informações do Trabalhador Estrangeiro', 'grupo-de-informacoes-do-trabalhador-estrangeiro-4000102', 'trabEstrangeiro');
INSERT INTO avaliacaogrupopergunta (db102_sequencial, db102_avaliacao, db102_descricao, db102_identificador, db102_identificadorcampo) VALUES (4000103, 4000093, 'Pessoa com Deficiência', 'pessoa-deficiencia-4000103', 'infoDeficiencia');
INSERT INTO avaliacaogrupopergunta (db102_sequencial, db102_avaliacao, db102_descricao, db102_identificador, db102_identificadorcampo) VALUES (4000104, 4000093, 'Informação de aposentadoria do trabalhador', 'informacao-de-aposentadoria-do-trabalhador-4000104', 'aposentadoria');
INSERT INTO avaliacaogrupopergunta (db102_sequencial, db102_avaliacao, db102_descricao, db102_identificador, db102_identificadorcampo) VALUES (4000105, 4000093, 'Informações de Contato', 'informacoes-de-contato-4000105', 'contato');
INSERT INTO avaliacaogrupopergunta (db102_sequencial, db102_avaliacao, db102_descricao, db102_identificador, db102_identificadorcampo) VALUES (4000106, 4000093, 'Grupo de informações do vínculo', 'grupo-de-informacoes-do-vinculo-4000106', 'vinculo');
INSERT INTO avaliacaogrupopergunta (db102_sequencial, db102_avaliacao, db102_descricao, db102_identificador, db102_identificadorcampo) VALUES (4000107, 4000093, 'Informações de Trabalhador Celetista', 'informacoes-de-trabalhador-celetista-4000107', 'infoCeletista');
INSERT INTO avaliacaogrupopergunta (db102_sequencial, db102_avaliacao, db102_descricao, db102_identificador, db102_identificadorcampo) VALUES (4000108, 4000093, 'Informações do Fundo de Garantia do Tempo de Serviço - FGTS', 'informacoes-do-fundo-de-garantia-do-tempo-de-servico-fgts-4000108', 'FGTS');
INSERT INTO avaliacaogrupopergunta (db102_sequencial, db102_avaliacao, db102_descricao, db102_identificador, db102_identificadorcampo) VALUES (4000109, 4000093, 'Dados sobre trabalho temporário. Preenchimento obrigatório na contratação de trabalhador temporário', 'dados-sobre-trabalho-temporario-preenchimento-obrigatorio-na-contratacao-de-trabalhador-te-4000109', 'trabTemporario');
INSERT INTO avaliacaogrupopergunta (db102_sequencial, db102_avaliacao, db102_descricao, db102_identificador, db102_identificadorcampo) VALUES (4000110, 4000093, 'Identifica a empresa contratante para a qual o trabalhador temporário será alocado', 'identifica-a-empresa-contratante-para-a-qual-o-trabalhador-temporario-sera-alocado-4000110', 'ideTomadorServ');
INSERT INTO avaliacaogrupopergunta (db102_sequencial, db102_avaliacao, db102_descricao, db102_identificador, db102_identificadorcampo) VALUES (4000111, 4000093, 'Identificação do estabelecimento ao qual o trabalhador temporário está vinculado', 'identificacao-do-estabelecimento-ao-qual-o-trabalhador-temporario-esta-vinculado-4000111', 'ideEstabVinc');
INSERT INTO avaliacaogrupopergunta (db102_sequencial, db102_avaliacao, db102_descricao, db102_identificador, db102_identificadorcampo) VALUES (4000112, 4000093, 'Identificação do(s) trabalhador(es) substituído(s)', 'identificacao-dos-trabalhadores-substituidos-4000112', 'ideTrabSubstituido');
INSERT INTO avaliacaogrupopergunta (db102_sequencial, db102_avaliacao, db102_descricao, db102_identificador, db102_identificadorcampo) VALUES (4000113, 4000093, 'Informações para identificação do empregador contratante de aprendiz', 'informacoes-para-identificacao-do-empregador-contratante-de-aprendiz-4000113', 'aprend');
INSERT INTO avaliacaogrupopergunta (db102_sequencial, db102_avaliacao, db102_descricao, db102_identificador, db102_identificadorcampo) VALUES (4000114, 4000093, 'Informações de Trabalhador Estatutário', 'informacoes-de-trabalhador-estatutario-4000114', 'infoEstatutario');
INSERT INTO avaliacaogrupopergunta (db102_sequencial, db102_avaliacao, db102_descricao, db102_identificador, db102_identificadorcampo) VALUES (4000115, 4000093, 'Informações sobre os dados da decisão judicial', 'informacoes-sobre-os-dados-da-decisao-judicial-4000115', 'infoDecJud');
INSERT INTO avaliacaogrupopergunta (db102_sequencial, db102_avaliacao, db102_descricao, db102_identificador, db102_identificadorcampo) VALUES (4000116, 4000093, 'Informações do Contrato de Trabalho', 'informacoes-do-contrato-de-trabalho-4000116', 'infoContrato');
INSERT INTO avaliacaogrupopergunta (db102_sequencial, db102_avaliacao, db102_descricao, db102_identificador, db102_identificadorcampo) VALUES (4000117, 4000093, 'Informações da remuneração e periodicidade de pagamento', 'informacoes-da-remuneracao-e-periodicidade-de-pagamento-4000117', 'remuneracao');
INSERT INTO avaliacaogrupopergunta (db102_sequencial, db102_avaliacao, db102_descricao, db102_identificador, db102_identificadorcampo) VALUES (4000118, 4000093, 'Duração do Contrato de Trabalho', 'duracao-do-contrato-de-trabalho-4000118', 'duracao');
INSERT INTO avaliacaogrupopergunta (db102_sequencial, db102_avaliacao, db102_descricao, db102_identificador, db102_identificadorcampo) VALUES (4000119, 4000093, 'Estabelecimento (CNPJ, CNO, CAEPF) onde o trabalhador (exceto doméstico e temporário) trabalhará ', 'local-de-trabalho-geral-4000119', 'localTrabGeral');
INSERT INTO avaliacaogrupopergunta (db102_sequencial, db102_avaliacao, db102_descricao, db102_identificador, db102_identificadorcampo) VALUES (4000120, 4000093, 'Registro preenchido exclusivamente em caso de trabalhador doméstico e trabalhador temporário', 'registro-preenchido-exclusivamente-em-caso-de-trabalhador-domestico-e-trabalhador-temporar-4000120', 'localTrabDom');
INSERT INTO avaliacaogrupopergunta (db102_sequencial, db102_avaliacao, db102_descricao, db102_identificador, db102_identificadorcampo) VALUES (4000121, 4000093, 'Informações do Horário Contratual do Trabalhador', 'informacoes-do-horario-contratual-do-trabalhador-4000121', 'horContratual');
INSERT INTO avaliacaogrupopergunta (db102_sequencial, db102_avaliacao, db102_descricao, db102_identificador, db102_identificadorcampo) VALUES (4000122, 4000093, 'Informações diárias do horário contratual', 'informacoes-diarias-do-horario-contratual-4000122', 'horario');
INSERT INTO avaliacaogrupopergunta (db102_sequencial, db102_avaliacao, db102_descricao, db102_identificador, db102_identificadorcampo) VALUES (4000123, 4000093, 'Filiação Sindical do Trabalhador', 'filiacao-sindical-do-trabalhador-4000123', 'filiacaoSindical');
INSERT INTO avaliacaogrupopergunta (db102_sequencial, db102_avaliacao, db102_descricao, db102_identificador, db102_identificadorcampo) VALUES (4000124, 4000093, 'Informações do alvará judicial em caso de contratação de menores de 14 anos, em qualquer categori...', 'informacoes-do-alvara-judicial-em-caso-de-contratacao-de-menores-de-14-anos-em-qualquer-ca-4000124', 'alvaraJudicial');
INSERT INTO avaliacaogrupopergunta (db102_sequencial, db102_avaliacao, db102_descricao, db102_identificador, db102_identificadorcampo) VALUES (4000125, 4000093, 'Observações do contrato de trabalho', 'observacoes-do-contrato-de-trabalho-4000125', 'observacoes');
INSERT INTO avaliacaogrupopergunta (db102_sequencial, db102_avaliacao, db102_descricao, db102_identificador, db102_identificadorcampo) VALUES (4000126, 4000093, 'Grupo de informações da sucessão de vínculo trabalhista/estatutário', 'grupo-de-informacoes-da-sucessao-de-vinculo-trabalhistaestatutario-4000126', 'sucessaoVinc');
INSERT INTO avaliacaogrupopergunta (db102_sequencial, db102_avaliacao, db102_descricao, db102_identificador, db102_identificadorcampo) VALUES (4000127, 4000093, 'Informações do empregado doméstico transferido de outro representante da mesma unidade familiar', 'informacoes-do-empregado-domestico-transferido-de-outro-representante-da-mesma-unidade-fam-4000127', 'transfDom');
INSERT INTO avaliacaogrupopergunta (db102_sequencial, db102_avaliacao, db102_descricao, db102_identificador, db102_identificadorcampo) VALUES (4000128, 4000093, 'Informações de mudança de CPF do trabalhador', 'informacoes-de-mudanca-de-cpf-do-trabalhador-4000128', 'mudancaCPF');
INSERT INTO avaliacaogrupopergunta (db102_sequencial, db102_avaliacao, db102_descricao, db102_identificador, db102_identificadorcampo) VALUES (4000129, 4000093, 'Informações de afastamento do trabalhador', 'informacoes-de-afastamento-do-trabalhador-4000129', 'afastamento');
INSERT INTO avaliacaogrupopergunta (db102_sequencial, db102_avaliacao, db102_descricao, db102_identificador, db102_identificadorcampo) VALUES (4000130, 4000093, 'Informações do desligamento do trabalhador', 'informacoes-do-desligamento-do-trabalhador-4000130', 'desligamento');
INSERT INTO avaliacaogrupopergunta (db102_sequencial, db102_avaliacao, db102_descricao, db102_identificador, db102_identificadorcampo) VALUES (4000131, 4000093, 'Informações do processo trabalhista', 'informacoes-do-processo-trabalhista-4000131', 'infoProcTrab');
 
-- INSERIR PERGUNTAS DO REGISTRO 2200
INSERT INTO avaliacaopergunta (db103_sequencial, db103_avaliacaotiporesposta, db103_avaliacaogrupopergunta, db103_descricao, db103_identificador, db103_obrigatoria, db103_ativo, db103_ordem, db103_tipo, db103_mascara, db103_dblayoutcampo, db103_perguntaidentificadora, db103_camposql, db103_identificadorcampo) VALUES (4000253, 2, 4000119, 'Informar o número de inscrição do contribuint', 'informar-o-numero-de-inscricao-do-contri-4000253', true, true, 2, 1, '', 0, false, 'nrinsc', 'nrInsc');
INSERT INTO avaliacaopergunta (db103_sequencial, db103_avaliacaotiporesposta, db103_avaliacaogrupopergunta, db103_descricao, db103_identificador, db103_obrigatoria, db103_ativo, db103_ordem, db103_tipo, db103_mascara, db103_dblayoutcampo, db103_perguntaidentificadora, db103_camposql, db103_identificadorcampo) VALUES (4000166, 2, 4000099, 'Número do Registro da Carteira Nacional de Habilitação - CNH', 'registro-carteira-nacional-habilit-cnh-4000166', true, true, 1, 1, '', 0, false, 'nrregcnh', 'nrRegCnh');
INSERT INTO avaliacaopergunta (db103_sequencial, db103_avaliacaotiporesposta, db103_avaliacaogrupopergunta, db103_descricao, db103_identificador, db103_obrigatoria, db103_ativo, db103_ordem, db103_tipo, db103_mascara, db103_dblayoutcampo, db103_perguntaidentificadora, db103_camposql, db103_identificadorcampo) VALUES (4000259, 2, 4000120, 'Nome do bairro/distrito', 'nome-do-bairrodistrito-4000259', false, true, 5, 1, '', 0, false, NULL, 'bairro');
INSERT INTO avaliacaopergunta (db103_sequencial, db103_avaliacaotiporesposta, db103_avaliacaogrupopergunta, db103_descricao, db103_identificador, db103_obrigatoria, db103_ativo, db103_ordem, db103_tipo, db103_mascara, db103_dblayoutcampo, db103_perguntaidentificadora, db103_camposql, db103_identificadorcampo) VALUES (4000165, 2, 4000098, 'Preencher com a data de validade', 'preencher-com-a-data-de-validade-4000165', false, true, 4, 5, '', 0, false, NULL, 'dtValid');
INSERT INTO avaliacaopergunta (db103_sequencial, db103_avaliacaotiporesposta, db103_avaliacaogrupopergunta, db103_descricao, db103_identificador, db103_obrigatoria, db103_ativo, db103_ordem, db103_tipo, db103_mascara, db103_dblayoutcampo, db103_perguntaidentificadora, db103_camposql, db103_identificadorcampo) VALUES (4000289, 2, 4000131, 'Número do processo trabalhista', 'numero-do-processo-trabalhista-4000289', false, true, 1, 1, '', 0, false, '', 'nrProcTrab');
INSERT INTO avaliacaopergunta (db103_sequencial, db103_avaliacaotiporesposta, db103_avaliacaogrupopergunta, db103_descricao, db103_identificador, db103_obrigatoria, db103_ativo, db103_ordem, db103_tipo, db103_mascara, db103_dblayoutcampo, db103_perguntaidentificadora, db103_camposql, db103_identificadorcampo) VALUES (4000136, 2, 4000092, 'Nome do Trabalhador', 'nome-do-trabalhador-4000136', true, true, 3, 1, '', 0, false, 'nmtrab', 'nmTrab');
INSERT INTO avaliacaopergunta (db103_sequencial, db103_avaliacaotiporesposta, db103_avaliacaogrupopergunta, db103_descricao, db103_identificador, db103_obrigatoria, db103_ativo, db103_ordem, db103_tipo, db103_mascara, db103_dblayoutcampo, db103_perguntaidentificadora, db103_camposql, db103_identificadorcampo) VALUES (4000137, 1, 4000092, 'Sexo do Trabalhador:', 'sexo-do-trabalhador', true, true, 4, 1, '', 0, false, 'sexo', 'sexo');
INSERT INTO avaliacaopergunta (db103_sequencial, db103_avaliacaotiporesposta, db103_avaliacaogrupopergunta, db103_descricao, db103_identificador, db103_obrigatoria, db103_ativo, db103_ordem, db103_tipo, db103_mascara, db103_dblayoutcampo, db103_perguntaidentificadora, db103_camposql, db103_identificadorcampo) VALUES (4000221, 1, 4000108, 'Opção pelo FGTS', 'opcao-pelo-fgts-4000221', true, true, 1, 1, '', 0, false, 'opcfgts', 'opcFGTS');
INSERT INTO avaliacaopergunta (db103_sequencial, db103_avaliacaotiporesposta, db103_avaliacaogrupopergunta, db103_descricao, db103_identificador, db103_obrigatoria, db103_ativo, db103_ordem, db103_tipo, db103_mascara, db103_dblayoutcampo, db103_perguntaidentificadora, db103_camposql, db103_identificadorcampo) VALUES (4000232, 1, 4000113, 'Preencher com o código correspondente ao tipo de inscrição, conforme tabela 5', 'preencher-com-o-codigo-correspondente-ao-4000232', true, true, 1, 1, '', 0, false, NULL, 'tpInsc');
INSERT INTO avaliacaopergunta (db103_sequencial, db103_avaliacaotiporesposta, db103_avaliacaogrupopergunta, db103_descricao, db103_identificador, db103_obrigatoria, db103_ativo, db103_ordem, db103_tipo, db103_mascara, db103_dblayoutcampo, db103_perguntaidentificadora, db103_camposql, db103_identificadorcampo) VALUES (4000280, 2, 4000127, 'Data da transferência do vínculo ao novo representante da unidade familiar', 'data-da-transferencia-do-vinculo-ao-novo-4000280', true, true, 3, 5, '', 0, false, NULL, 'dtTransf');
INSERT INTO avaliacaopergunta (db103_sequencial, db103_avaliacaotiporesposta, db103_avaliacaogrupopergunta, db103_descricao, db103_identificador, db103_obrigatoria, db103_ativo, db103_ordem, db103_tipo, db103_mascara, db103_dblayoutcampo, db103_perguntaidentificadora, db103_camposql, db103_identificadorcampo) VALUES (4000275, 2, 4000126, 'Preencher com a data da transferência do empregado para o empregador declarante', 'data-da-transferencia-do-empregado-4000275', true, true, 4, 5, '', 0, false, NULL, 'dtTransf');
INSERT INTO avaliacaopergunta (db103_sequencial, db103_avaliacaotiporesposta, db103_avaliacaogrupopergunta, db103_descricao, db103_identificador, db103_obrigatoria, db103_ativo, db103_ordem, db103_tipo, db103_mascara, db103_dblayoutcampo, db103_perguntaidentificadora, db103_camposql, db103_identificadorcampo) VALUES (4000274, 2, 4000126, 'Matrícula do trabalhador no empregador anterio', 'matricula-do-trabalhador-no-empregador-a-4000274', false, true, 3, 1, '', 0, false, NULL, 'matricAnt');
INSERT INTO avaliacaopergunta (db103_sequencial, db103_avaliacaotiporesposta, db103_avaliacaogrupopergunta, db103_descricao, db103_identificador, db103_obrigatoria, db103_ativo, db103_ordem, db103_tipo, db103_mascara, db103_dblayoutcampo, db103_perguntaidentificadora, db103_camposql, db103_identificadorcampo) VALUES (4000279, 2, 4000127, 'Matrícula do trabalhador no representante anterior da unidade familiar', 'matricula-do-trabalhador-no-representant-4000279', false, true, 2, 1, '', 0, false, NULL, 'matricAnt');
INSERT INTO avaliacaopergunta (db103_sequencial, db103_avaliacaotiporesposta, db103_avaliacaogrupopergunta, db103_descricao, db103_identificador, db103_obrigatoria, db103_ativo, db103_ordem, db103_tipo, db103_mascara, db103_dblayoutcampo, db103_perguntaidentificadora, db103_camposql, db103_identificadorcampo) VALUES (4000282, 2, 4000128, 'Preencher com a matrícula anterior do trabalhador', 'preencher-com-a-matricula-anterior-do-tr-4000282', true, true, 2, 1, '', 0, false, NULL, 'matricAnt');
INSERT INTO avaliacaopergunta (db103_sequencial, db103_avaliacaotiporesposta, db103_avaliacaogrupopergunta, db103_descricao, db103_identificador, db103_obrigatoria, db103_ativo, db103_ordem, db103_tipo, db103_mascara, db103_dblayoutcampo, db103_perguntaidentificadora, db103_camposql, db103_identificadorcampo) VALUES (4000272, 1, 4000126, 'Preencher com o código correspondente ao tipo de inscrição', 'preencher-com-o-codigo-correspondente-ao-4000272', true, true, 1, 1, '', 0, false, 'tpinscant', 'tpInscAnt');
INSERT INTO avaliacaopergunta (db103_sequencial, db103_avaliacaotiporesposta, db103_avaliacaogrupopergunta, db103_descricao, db103_identificador, db103_obrigatoria, db103_ativo, db103_ordem, db103_tipo, db103_mascara, db103_dblayoutcampo, db103_perguntaidentificadora, db103_camposql, db103_identificadorcampo) VALUES (4000273, 2, 4000126, 'Informar o número de inscrição do empregador anterior', 'informar-o-numero-de-inscricao-do-empreg-4000273', true, true, 2, 1, '', 0, false, 'cnpjempregant', 'cnpjEmpregAnt');
INSERT INTO avaliacaopergunta (db103_sequencial, db103_avaliacaotiporesposta, db103_avaliacaogrupopergunta, db103_descricao, db103_identificador, db103_obrigatoria, db103_ativo, db103_ordem, db103_tipo, db103_mascara, db103_dblayoutcampo, db103_perguntaidentificadora, db103_camposql, db103_identificadorcampo) VALUES (4000278, 2, 4000127, 'Preencher com o número do CPF do representante anterior da unidade familiar', 'numero-do-cpf-do-representante-4000278', true, true, 1, 4, '', 0, false, 'cpfsubstituido', 'cpfSubstituido');
INSERT INTO avaliacaopergunta (db103_sequencial, db103_avaliacaotiporesposta, db103_avaliacaogrupopergunta, db103_descricao, db103_identificador, db103_obrigatoria, db103_ativo, db103_ordem, db103_tipo, db103_mascara, db103_dblayoutcampo, db103_perguntaidentificadora, db103_camposql, db103_identificadorcampo) VALUES (4000281, 2, 4000128, 'Preencher com o número do CPF antigo do trabalhador', 'preencher-com-o-numero-do-cpf-antigo-do--4000281', true, true, 1, 4, '', 0, false, 'cpfant', 'cpfAnt');
INSERT INTO avaliacaopergunta (db103_sequencial, db103_avaliacaotiporesposta, db103_avaliacaogrupopergunta, db103_descricao, db103_identificador, db103_obrigatoria, db103_ativo, db103_ordem, db103_tipo, db103_mascara, db103_dblayoutcampo, db103_perguntaidentificadora, db103_camposql, db103_identificadorcampo) VALUES (4000211, 1, 4000106, 'Tipo de regime previdenciário conforme opções abaixo', 'tipo-de-regime-previdenciario-4000211', true, true, 3, 1, '', 0, false, 'tpregprev', 'tpRegPrev');
INSERT INTO avaliacaopergunta (db103_sequencial, db103_avaliacaotiporesposta, db103_avaliacaogrupopergunta, db103_descricao, db103_identificador, db103_obrigatoria, db103_ativo, db103_ordem, db103_tipo, db103_mascara, db103_dblayoutcampo, db103_perguntaidentificadora, db103_camposql, db103_identificadorcampo) VALUES (4000254, 2, 4000119, 'Descrição complementar do local de trabalho', 'descricao-complementar-do-local-de-traba-4000254', false, true, 3, 1, '', 0, false, 'desccomp', 'descComp');
INSERT INTO avaliacaopergunta (db103_sequencial, db103_avaliacaotiporesposta, db103_avaliacaogrupopergunta, db103_descricao, db103_identificador, db103_obrigatoria, db103_ativo, db103_ordem, db103_tipo, db103_mascara, db103_dblayoutcampo, db103_perguntaidentificadora, db103_camposql, db103_identificadorcampo) VALUES (4000212, 2, 4000106, 'Informar o número do recibo do evento S-2190 - Admissão de Trabalhador - Registro Preliminar, caso o mesmo tenha sido enviado', 'informar-numero-recibo-do-evento-s2190-4000212', false, true, 4, 1, '', 0, false, 'nrrecinfprelim', 'nrRecInfPrelim');
INSERT INTO avaliacaopergunta (db103_sequencial, db103_avaliacaotiporesposta, db103_avaliacaogrupopergunta, db103_descricao, db103_identificador, db103_obrigatoria, db103_ativo, db103_ordem, db103_tipo, db103_mascara, db103_dblayoutcampo, db103_perguntaidentificadora, db103_camposql, db103_identificadorcampo) VALUES (4000213, 1, 4000106, 'Indicar se o evento se refere a cadastramento inicial de vínculo ou se refere a uma admissão', 'cadastrao-inicial-ou-admissao-4000213', true, true, 5, 1, '', 0, false, 'cadini', 'cadIni');
INSERT INTO avaliacaopergunta (db103_sequencial, db103_avaliacaotiporesposta, db103_avaliacaogrupopergunta, db103_descricao, db103_identificador, db103_obrigatoria, db103_ativo, db103_ordem, db103_tipo, db103_mascara, db103_dblayoutcampo, db103_perguntaidentificadora, db103_camposql, db103_identificadorcampo) VALUES (4000258, 2, 4000120, 'Complemento do logradouro', 'complemento-do-logradouro-4000258', false, true, 4, 1, '', 0, false, NULL, 'complemento');
INSERT INTO avaliacaopergunta (db103_sequencial, db103_avaliacaotiporesposta, db103_avaliacaogrupopergunta, db103_descricao, db103_identificador, db103_obrigatoria, db103_ativo, db103_ordem, db103_tipo, db103_mascara, db103_dblayoutcampo, db103_perguntaidentificadora, db103_camposql, db103_identificadorcampo) VALUES (4000214, 2, 4000107, 'Preencher com a data de admissão do trabalhador', 'preencher-com-a-data-de-admissao-do-trab-4000214', true, true, 1, 5, '', 0, false, 'dtadm', 'dtAdm');
INSERT INTO avaliacaopergunta (db103_sequencial, db103_avaliacaotiporesposta, db103_avaliacaogrupopergunta, db103_descricao, db103_identificador, db103_obrigatoria, db103_ativo, db103_ordem, db103_tipo, db103_mascara, db103_dblayoutcampo, db103_perguntaidentificadora, db103_camposql, db103_identificadorcampo) VALUES (4000215, 1, 4000107, 'Tipo de admissão do trabalhador, conforme opções abaixo:', 'tipo-de-admissao-do-trabalhador-4000215', true, true, 2, 1, '', 0, false, 'tpadmissao', 'tpAdmissao');
INSERT INTO avaliacaopergunta (db103_sequencial, db103_avaliacaotiporesposta, db103_avaliacaogrupopergunta, db103_descricao, db103_identificador, db103_obrigatoria, db103_ativo, db103_ordem, db103_tipo, db103_mascara, db103_dblayoutcampo, db103_perguntaidentificadora, db103_camposql, db103_identificadorcampo) VALUES (4000216, 1, 4000107, 'Indicativo de Admissão', 'indicativo-de-admissao-4000216', true, true, 3, 1, '', 0, false, 'indadmissao', 'indAdmissao');
INSERT INTO avaliacaopergunta (db103_sequencial, db103_avaliacaotiporesposta, db103_avaliacaogrupopergunta, db103_descricao, db103_identificador, db103_obrigatoria, db103_ativo, db103_ordem, db103_tipo, db103_mascara, db103_dblayoutcampo, db103_perguntaidentificadora, db103_camposql, db103_identificadorcampo) VALUES (4000244, 2, 4000116, 'Data de ingresso na carreira', 'data-de-ingresso-na-carreira-4000244', false, true, 5, 5, '', 0, false, 'dtingrcarr', 'dtIngrCarr');
INSERT INTO avaliacaopergunta (db103_sequencial, db103_avaliacaotiporesposta, db103_avaliacaogrupopergunta, db103_descricao, db103_identificador, db103_obrigatoria, db103_ativo, db103_ordem, db103_tipo, db103_mascara, db103_dblayoutcampo, db103_perguntaidentificadora, db103_camposql, db103_identificadorcampo) VALUES (4000252, 1, 4000119, 'Preencher com o código correspondente ao tipo de inscrição', 'codigo-correspondente-ao-tipo-inscricao-4000252', true, true, 1, 1, '', 0, false, 'tpinsc', 'tpInsc');
INSERT INTO avaliacaopergunta (db103_sequencial, db103_avaliacaotiporesposta, db103_avaliacaogrupopergunta, db103_descricao, db103_identificador, db103_obrigatoria, db103_ativo, db103_ordem, db103_tipo, db103_mascara, db103_dblayoutcampo, db103_perguntaidentificadora, db103_camposql, db103_identificadorcampo) VALUES (4000263, 2, 4000121, 'Quantidade média de horas relativas à jornada semanal do trabalhador', 'quantidade-media-de-horas-relativas-a-jo-4000263', false, true, 1, 1, '', 0, false, 'qtdhrssem', 'qtdHrsSem');
INSERT INTO avaliacaopergunta (db103_sequencial, db103_avaliacaotiporesposta, db103_avaliacaogrupopergunta, db103_descricao, db103_identificador, db103_obrigatoria, db103_ativo, db103_ordem, db103_tipo, db103_mascara, db103_dblayoutcampo, db103_perguntaidentificadora, db103_camposql, db103_identificadorcampo) VALUES (4000264, 1, 4000121, 'Tipo da Jornada', 'tipo-da-jornada-4000264', true, true, 2, 1, '', 0, false, 'tpjornada', 'tpJornada');
INSERT INTO avaliacaopergunta (db103_sequencial, db103_avaliacaotiporesposta, db103_avaliacaogrupopergunta, db103_descricao, db103_identificador, db103_obrigatoria, db103_ativo, db103_ordem, db103_tipo, db103_mascara, db103_dblayoutcampo, db103_perguntaidentificadora, db103_camposql, db103_identificadorcampo) VALUES (4000265, 2, 4000121, 'Descrição do tipo de jornada', 'descricao-do-tipo-de-jornada-4000265', false, true, 3, 1, '', 0, false, 'dsctpjorn', 'dscTpJorn');
INSERT INTO avaliacaopergunta (db103_sequencial, db103_avaliacaotiporesposta, db103_avaliacaogrupopergunta, db103_descricao, db103_identificador, db103_obrigatoria, db103_ativo, db103_ordem, db103_tipo, db103_mascara, db103_dblayoutcampo, db103_perguntaidentificadora, db103_camposql, db103_identificadorcampo) VALUES (4000266, 1, 4000121, 'Preencher com o código relativo ao tipo de contrato em tempo parcial', 'preencher-com-o-codigo-relativo-ao-tipo-4000266', true, true, 4, 1, '', 0, false, 'tmpparc', 'tmpParc');
INSERT INTO avaliacaopergunta (db103_sequencial, db103_avaliacaotiporesposta, db103_avaliacaogrupopergunta, db103_descricao, db103_identificador, db103_obrigatoria, db103_ativo, db103_ordem, db103_tipo, db103_mascara, db103_dblayoutcampo, db103_perguntaidentificadora, db103_camposql, db103_identificadorcampo) VALUES (4000267, 1, 4000122, 'Preencher com o código relativo ao dia do horário', 'codigo-relativo-ao-dia-do-horario-4000267', true, true, 1, 1, '', 0, false, 'dia', 'dia');
INSERT INTO avaliacaopergunta (db103_sequencial, db103_avaliacaotiporesposta, db103_avaliacaogrupopergunta, db103_descricao, db103_identificador, db103_obrigatoria, db103_ativo, db103_ordem, db103_tipo, db103_mascara, db103_dblayoutcampo, db103_perguntaidentificadora, db103_camposql, db103_identificadorcampo) VALUES (4000268, 2, 4000122, 'Preencher com o código atribuído pela empresa para o Horário Contratual', 'codigo-atribuido-pela-empresa-horario-4000268', true, true, 2, 1, '', 0, false, 'codhorcontrat', 'codHorContrat');
INSERT INTO avaliacaopergunta (db103_sequencial, db103_avaliacaotiporesposta, db103_avaliacaogrupopergunta, db103_descricao, db103_identificador, db103_obrigatoria, db103_ativo, db103_ordem, db103_tipo, db103_mascara, db103_dblayoutcampo, db103_perguntaidentificadora, db103_camposql, db103_identificadorcampo) VALUES (4000269, 2, 4000123, 'Preencher com o CNPJ do sindicato ao qual o trabalhador encontra-se filiado', 'preencher-com-o-cnpj-do-sindicato-ao-qua-4000269', true, true, 1, 3, '', 0, false, 'cnpjsindtrab', 'cnpjSindTrab');
INSERT INTO avaliacaopergunta (db103_sequencial, db103_avaliacaotiporesposta, db103_avaliacaogrupopergunta, db103_descricao, db103_identificador, db103_obrigatoria, db103_ativo, db103_ordem, db103_tipo, db103_mascara, db103_dblayoutcampo, db103_perguntaidentificadora, db103_camposql, db103_identificadorcampo) VALUES (4000270, 2, 4000124, 'Preencher com o número do processo judicial', 'preencher-com-o-numero-do-processo-judic-4000270', true, true, 1, 1, '', 0, false, 'nrprocjud', 'nrProcJud');
INSERT INTO avaliacaopergunta (db103_sequencial, db103_avaliacaotiporesposta, db103_avaliacaogrupopergunta, db103_descricao, db103_identificador, db103_obrigatoria, db103_ativo, db103_ordem, db103_tipo, db103_mascara, db103_dblayoutcampo, db103_perguntaidentificadora, db103_camposql, db103_identificadorcampo) VALUES (4000134, 2, 4000092, 'Preencher com o número do CPF do trabalhador', 'preencher-com-numero-cpf-do-trabalhador', true, true, 1, 4, '', 0, true, 'cpftrab', 'cpfTrab');
INSERT INTO avaliacaopergunta (db103_sequencial, db103_avaliacaotiporesposta, db103_avaliacaogrupopergunta, db103_descricao, db103_identificador, db103_obrigatoria, db103_ativo, db103_ordem, db103_tipo, db103_mascara, db103_dblayoutcampo, db103_perguntaidentificadora, db103_camposql, db103_identificadorcampo) VALUES (4000135, 2, 4000092, 'Preencher com o Número de Identificação Social - NIS, o qual pode ser o PIS, PASEP ou NIT', 'preencher-identificacao-Social-4000135', true, true, 2, 1, '', 0, false, 'nistrab', 'nisTrab');
INSERT INTO avaliacaopergunta (db103_sequencial, db103_avaliacaotiporesposta, db103_avaliacaogrupopergunta, db103_descricao, db103_identificador, db103_obrigatoria, db103_ativo, db103_ordem, db103_tipo, db103_mascara, db103_dblayoutcampo, db103_perguntaidentificadora, db103_camposql, db103_identificadorcampo) VALUES (4000138, 1, 4000092, 'Raça e cor do trabalhador, conforme opções abaixo:', 'raca-e-cor-do-trabalhador-conforme-opcoe-4000138', true, true, 5, 1, '', 0, false, 'racacor', 'racaCor');
INSERT INTO avaliacaopergunta (db103_sequencial, db103_avaliacaotiporesposta, db103_avaliacaogrupopergunta, db103_descricao, db103_identificador, db103_obrigatoria, db103_ativo, db103_ordem, db103_tipo, db103_mascara, db103_dblayoutcampo, db103_perguntaidentificadora, db103_camposql, db103_identificadorcampo) VALUES (4000139, 1, 4000092, 'Estado civil do trabalhador, conforme opções abaixo:', 'estado-civil-do-trabalhador-4000139', true, true, 6, 1, '', 0, false, 'estciv', 'estCiv');
INSERT INTO avaliacaopergunta (db103_sequencial, db103_avaliacaotiporesposta, db103_avaliacaogrupopergunta, db103_descricao, db103_identificador, db103_obrigatoria, db103_ativo, db103_ordem, db103_tipo, db103_mascara, db103_dblayoutcampo, db103_perguntaidentificadora, db103_camposql, db103_identificadorcampo) VALUES (4000141, 2, 4000092, 'Nome social para travesti ou transexual', 'nome-social-para-travesti-ou-transexual-4000141', false, true, 9, 1, '', 0, false, 'nmsoc', 'nmSoc');
INSERT INTO avaliacaopergunta (db103_sequencial, db103_avaliacaotiporesposta, db103_avaliacaogrupopergunta, db103_descricao, db103_identificador, db103_obrigatoria, db103_ativo, db103_ordem, db103_tipo, db103_mascara, db103_dblayoutcampo, db103_perguntaidentificadora, db103_camposql, db103_identificadorcampo) VALUES (4000140, 1, 4000092, 'Indicar caso se trate do primeiro emprego do trabalhador', 'indicar-caso-se-trate-do-primeiro-empreg-4000140', true, true, 8, 1, '', 0, false, 'indpriempr', 'indPriEmpr');
INSERT INTO avaliacaopergunta (db103_sequencial, db103_avaliacaotiporesposta, db103_avaliacaogrupopergunta, db103_descricao, db103_identificador, db103_obrigatoria, db103_ativo, db103_ordem, db103_tipo, db103_mascara, db103_dblayoutcampo, db103_perguntaidentificadora, db103_camposql, db103_identificadorcampo) VALUES (4000142, 1, 4000092, 'Grau de instrução do trabalhador, conforme opções abaixo', 'grau-de-instrucao-do-trabalhador-4000142', true, true, 7, 1, '', 0, false, 'grauinstr', 'grauInstr');
INSERT INTO avaliacaopergunta (db103_sequencial, db103_avaliacaotiporesposta, db103_avaliacaogrupopergunta, db103_descricao, db103_identificador, db103_obrigatoria, db103_ativo, db103_ordem, db103_tipo, db103_mascara, db103_dblayoutcampo, db103_perguntaidentificadora, db103_camposql, db103_identificadorcampo) VALUES (4000143, 2, 4000093, 'Preencher com a data de nascimento', 'preencher-com-a-data-de-nascimento-4000143', true, true, 1, 5, '', 0, false, 'dtnascto', 'dtNascto');
INSERT INTO avaliacaopergunta (db103_sequencial, db103_avaliacaotiporesposta, db103_avaliacaogrupopergunta, db103_descricao, db103_identificador, db103_obrigatoria, db103_ativo, db103_ordem, db103_tipo, db103_mascara, db103_dblayoutcampo, db103_perguntaidentificadora, db103_camposql, db103_identificadorcampo) VALUES (4000146, 2, 4000093, 'Preencher com o código do país de nascimento', 'preencher-com-o-codigo-do-pais-de-nascim-4000146', true, true, 4, 1, '', 0, false, 'paisnascto', 'paisNascto');
INSERT INTO avaliacaopergunta (db103_sequencial, db103_avaliacaotiporesposta, db103_avaliacaogrupopergunta, db103_descricao, db103_identificador, db103_obrigatoria, db103_ativo, db103_ordem, db103_tipo, db103_mascara, db103_dblayoutcampo, db103_perguntaidentificadora, db103_camposql, db103_identificadorcampo) VALUES (4000147, 2, 4000093, 'Preencher com o código do país de nacionalidade do trabalhador, conforme tabela 6', 'preencher-com-o-codigo-do-pais-de-nacion-4000147', true, true, 5, 1, '', 0, false, 'paisnac', 'paisNac');
INSERT INTO avaliacaopergunta (db103_sequencial, db103_avaliacaotiporesposta, db103_avaliacaogrupopergunta, db103_descricao, db103_identificador, db103_obrigatoria, db103_ativo, db103_ordem, db103_tipo, db103_mascara, db103_dblayoutcampo, db103_perguntaidentificadora, db103_camposql, db103_identificadorcampo) VALUES (4000148, 2, 4000093, 'Nome da mãe', 'nome-da-mae-4000148', false, true, 6, 1, '', 0, false, 'nmmae', 'nmMae');
INSERT INTO avaliacaopergunta (db103_sequencial, db103_avaliacaotiporesposta, db103_avaliacaogrupopergunta, db103_descricao, db103_identificador, db103_obrigatoria, db103_ativo, db103_ordem, db103_tipo, db103_mascara, db103_dblayoutcampo, db103_perguntaidentificadora, db103_camposql, db103_identificadorcampo) VALUES (4000149, 2, 4000093, 'Nome do pai do trabalhador.', 'nome-do-pai-do-trabalhador-4000149', false, true, 7, 1, '', 0, false, 'nmpai', 'nmPai');
INSERT INTO avaliacaopergunta (db103_sequencial, db103_avaliacaotiporesposta, db103_avaliacaogrupopergunta, db103_descricao, db103_identificador, db103_obrigatoria, db103_ativo, db103_ordem, db103_tipo, db103_mascara, db103_dblayoutcampo, db103_perguntaidentificadora, db103_camposql, db103_identificadorcampo) VALUES (4000286, 2, 4000129, 'Data de início do afastamento', 'data-de-inicio-do-afastamento-4000286', true, true, 1, 5, '', 0, false, 'dtiniafast', 'dtIniAfast');
INSERT INTO avaliacaopergunta (db103_sequencial, db103_avaliacaotiporesposta, db103_avaliacaogrupopergunta, db103_descricao, db103_identificador, db103_obrigatoria, db103_ativo, db103_ordem, db103_tipo, db103_mascara, db103_dblayoutcampo, db103_perguntaidentificadora, db103_camposql, db103_identificadorcampo) VALUES (4000288, 2, 4000130, 'Preencher com a data do último dia trabalhado para o respectivo vínculo', 'preencher-com-a-data-do-ultimo-dia-traba-4000288', true, true, 1, 5, '', 0, false, 'dtdeslig', 'dtDeslig');
INSERT INTO avaliacaopergunta (db103_sequencial, db103_avaliacaotiporesposta, db103_avaliacaogrupopergunta, db103_descricao, db103_identificador, db103_obrigatoria, db103_ativo, db103_ordem, db103_tipo, db103_mascara, db103_dblayoutcampo, db103_perguntaidentificadora, db103_camposql, db103_identificadorcampo) VALUES (4000287, 1, 4000129, 'Preencher com o código do motivo de afastamento temporário', 'preencher-com-o-codigo-do-motivo-de-afas-4000287', true, true, 2, 1, '', 0, false, 'codmotafast', 'codMotAfast');
INSERT INTO avaliacaopergunta (db103_sequencial, db103_avaliacaotiporesposta, db103_avaliacaogrupopergunta, db103_descricao, db103_identificador, db103_obrigatoria, db103_ativo, db103_ordem, db103_tipo, db103_mascara, db103_dblayoutcampo, db103_perguntaidentificadora, db103_camposql, db103_identificadorcampo) VALUES (4000150, 2, 4000094, 'CTPS', 'ctps', true, true, 1, 1, '', 0, false, 'nrctps', 'nrCtps');
INSERT INTO avaliacaopergunta (db103_sequencial, db103_avaliacaotiporesposta, db103_avaliacaogrupopergunta, db103_descricao, db103_identificador, db103_obrigatoria, db103_ativo, db103_ordem, db103_tipo, db103_mascara, db103_dblayoutcampo, db103_perguntaidentificadora, db103_camposql, db103_identificadorcampo) VALUES (4000151, 2, 4000094, 'Número de série da CTPS', 'numero-de-serie-da-ctps-4000151', true, true, 2, 1, '', 0, false, 'seriectps', 'serieCtps');
INSERT INTO avaliacaopergunta (db103_sequencial, db103_avaliacaotiporesposta, db103_avaliacaogrupopergunta, db103_descricao, db103_identificador, db103_obrigatoria, db103_ativo, db103_ordem, db103_tipo, db103_mascara, db103_dblayoutcampo, db103_perguntaidentificadora, db103_camposql, db103_identificadorcampo) VALUES (4000152, 2, 4000094, 'UF da expedição da CTPS', 'uf-da-expedicao-da-ctps-4000152', true, true, 3, 1, '', 0, false, 'ufctps', 'ufCtps');
INSERT INTO avaliacaopergunta (db103_sequencial, db103_avaliacaotiporesposta, db103_avaliacaogrupopergunta, db103_descricao, db103_identificador, db103_obrigatoria, db103_ativo, db103_ordem, db103_tipo, db103_mascara, db103_dblayoutcampo, db103_perguntaidentificadora, db103_camposql, db103_identificadorcampo) VALUES (4000153, 2, 4000095, 'Número do Documento Nacional de Identidade - DNI', 'documento-nacional-de-identidade-dni-4000153', true, true, 1, 1, '', 0, false, 'nrric', 'nrRic');
INSERT INTO avaliacaopergunta (db103_sequencial, db103_avaliacaotiporesposta, db103_avaliacaogrupopergunta, db103_descricao, db103_identificador, db103_obrigatoria, db103_ativo, db103_ordem, db103_tipo, db103_mascara, db103_dblayoutcampo, db103_perguntaidentificadora, db103_camposql, db103_identificadorcampo) VALUES (4000217, 1, 4000107, 'Identifica o regime de jornada do empregado', 'identifica-o-regime-de-jornada-do-empreg-4000217', true, true, 4, 1, '', 0, false, 'tpregjor', 'tpRegJor');
INSERT INTO avaliacaopergunta (db103_sequencial, db103_avaliacaotiporesposta, db103_avaliacaogrupopergunta, db103_descricao, db103_identificador, db103_obrigatoria, db103_ativo, db103_ordem, db103_tipo, db103_mascara, db103_dblayoutcampo, db103_perguntaidentificadora, db103_camposql, db103_identificadorcampo) VALUES (4000218, 1, 4000107, 'Natureza da atividade, conforme opções abaixo', 'natureza-da-atividade-conforme-opcoes-ab-4000218', true, true, 5, 1, '', 0, false, 'natatividade', 'natAtividade');
INSERT INTO avaliacaopergunta (db103_sequencial, db103_avaliacaotiporesposta, db103_avaliacaogrupopergunta, db103_descricao, db103_identificador, db103_obrigatoria, db103_ativo, db103_ordem, db103_tipo, db103_mascara, db103_dblayoutcampo, db103_perguntaidentificadora, db103_camposql, db103_identificadorcampo) VALUES (4000219, 2, 4000107, 'Mês relativo à data base da categoria profissional do trabalhador', 'mes-relativo-a-data-base-da-categoria-pr-4000219', false, true, 6, 6, '', 0, false, 'dtbase', 'dtBase');
INSERT INTO avaliacaopergunta (db103_sequencial, db103_avaliacaotiporesposta, db103_avaliacaogrupopergunta, db103_descricao, db103_identificador, db103_obrigatoria, db103_ativo, db103_ordem, db103_tipo, db103_mascara, db103_dblayoutcampo, db103_perguntaidentificadora, db103_camposql, db103_identificadorcampo) VALUES (4000220, 2, 4000107, 'Preencher com o CNPJ do sindicato representativo da categoria (Preponderante ou Diferenciada)', 'preencher-com-o-cnpj-do-sindicato-repres-4000220', true, true, 7, 3, '', 0, false, 'cnpjsindcategprof', 'cnpjSindCategProf');
INSERT INTO avaliacaopergunta (db103_sequencial, db103_avaliacaotiporesposta, db103_avaliacaogrupopergunta, db103_descricao, db103_identificador, db103_obrigatoria, db103_ativo, db103_ordem, db103_tipo, db103_mascara, db103_dblayoutcampo, db103_perguntaidentificadora, db103_camposql, db103_identificadorcampo) VALUES (4000222, 2, 4000108, 'Informar a data de opção do trabalhador pelo FGTS', 'informar-a-data-de-opcao-do-trabalhador-4000222', false, true, 2, 5, '', 0, false, 'dtopcfgts', 'dtOpcFGTS');
INSERT INTO avaliacaopergunta (db103_sequencial, db103_avaliacaotiporesposta, db103_avaliacaogrupopergunta, db103_descricao, db103_identificador, db103_obrigatoria, db103_ativo, db103_ordem, db103_tipo, db103_mascara, db103_dblayoutcampo, db103_perguntaidentificadora, db103_camposql, db103_identificadorcampo) VALUES (4000260, 2, 4000120, 'Código de Endereçamento Postal - CEP', 'codigo-de-enderecamento-postal--cep-4000260', true, true, 6, 2, '', 0, false, NULL, 'cep');
INSERT INTO avaliacaopergunta (db103_sequencial, db103_avaliacaotiporesposta, db103_avaliacaogrupopergunta, db103_descricao, db103_identificador, db103_obrigatoria, db103_ativo, db103_ordem, db103_tipo, db103_mascara, db103_dblayoutcampo, db103_perguntaidentificadora, db103_camposql, db103_identificadorcampo) VALUES (4000144, 2, 4000093, 'Preencher com o código do município, conforme tabela do IBGE', 'preencher-com-o-codigo-do-municipio-4000144', false, true, 2, 6, '', 0, false, NULL, 'codMunic');
INSERT INTO avaliacaopergunta (db103_sequencial, db103_avaliacaotiporesposta, db103_avaliacaogrupopergunta, db103_descricao, db103_identificador, db103_obrigatoria, db103_ativo, db103_ordem, db103_tipo, db103_mascara, db103_dblayoutcampo, db103_perguntaidentificadora, db103_camposql, db103_identificadorcampo) VALUES (4000261, 2, 4000120, 'Preencher com o código do município, conforme tabela do IBGE', 'preencher-com-o-codigo-do-municipio-4000261', true, true, 7, 1, '', 0, false, NULL, 'codMunic');
INSERT INTO avaliacaopergunta (db103_sequencial, db103_avaliacaotiporesposta, db103_avaliacaogrupopergunta, db103_descricao, db103_identificador, db103_obrigatoria, db103_ativo, db103_ordem, db103_tipo, db103_mascara, db103_dblayoutcampo, db103_perguntaidentificadora, db103_camposql, db103_identificadorcampo) VALUES (4000271, 2, 4000125, 'Observação relacionada ao contrato de trabalho', 'observacao-relacionada-ao-contrato-de-tr-4000271', true, true, 1, 1, '', 0, false, NULL, 'observacao');
INSERT INTO avaliacaopergunta (db103_sequencial, db103_avaliacaotiporesposta, db103_avaliacaogrupopergunta, db103_descricao, db103_identificador, db103_obrigatoria, db103_ativo, db103_ordem, db103_tipo, db103_mascara, db103_dblayoutcampo, db103_perguntaidentificadora, db103_camposql, db103_identificadorcampo) VALUES (4000277, 2, 4000126, 'Observação', 'observacao-4000277', false, true, 5, 1, '', 0, false, NULL, 'observacao');
INSERT INTO avaliacaopergunta (db103_sequencial, db103_avaliacaotiporesposta, db103_avaliacaogrupopergunta, db103_descricao, db103_identificador, db103_obrigatoria, db103_ativo, db103_ordem, db103_tipo, db103_mascara, db103_dblayoutcampo, db103_perguntaidentificadora, db103_camposql, db103_identificadorcampo) VALUES (4000285, 2, 4000128, 'Observação', 'observacao-4000285', false, true, 4, 1, '', 0, false, NULL, 'observacao');
INSERT INTO avaliacaopergunta (db103_sequencial, db103_avaliacaotiporesposta, db103_avaliacaogrupopergunta, db103_descricao, db103_identificador, db103_obrigatoria, db103_ativo, db103_ordem, db103_tipo, db103_mascara, db103_dblayoutcampo, db103_perguntaidentificadora, db103_camposql, db103_identificadorcampo) VALUES (4000154, 2, 4000095, 'Órgão e UF de emissão', 'orgao-e-uf-de-emissao-4000154', true, true, 2, 1, '', 0, false, NULL, 'orgaoEmissor');
INSERT INTO avaliacaopergunta (db103_sequencial, db103_avaliacaotiporesposta, db103_avaliacaogrupopergunta, db103_descricao, db103_identificador, db103_obrigatoria, db103_ativo, db103_ordem, db103_tipo, db103_mascara, db103_dblayoutcampo, db103_perguntaidentificadora, db103_camposql, db103_identificadorcampo) VALUES (4000255, 2, 4000120, 'Tipo de Logradouro, conforme tabela 20', 'tipo-de-logradouro-conforme-tabela-20-4000255', true, true, 1, 1, '', 0, false, NULL, 'tpLograd');
INSERT INTO avaliacaopergunta (db103_sequencial, db103_avaliacaotiporesposta, db103_avaliacaogrupopergunta, db103_descricao, db103_identificador, db103_obrigatoria, db103_ativo, db103_ordem, db103_tipo, db103_mascara, db103_dblayoutcampo, db103_perguntaidentificadora, db103_camposql, db103_identificadorcampo) VALUES (4000145, 2, 4000093, 'Preencher com a sigla da Unidade da Federação', 'uf-4000145', false, true, 3, 1, '', 0, false, NULL, 'uf');
INSERT INTO avaliacaopergunta (db103_sequencial, db103_avaliacaotiporesposta, db103_avaliacaogrupopergunta, db103_descricao, db103_identificador, db103_obrigatoria, db103_ativo, db103_ordem, db103_tipo, db103_mascara, db103_dblayoutcampo, db103_perguntaidentificadora, db103_camposql, db103_identificadorcampo) VALUES (4000262, 2, 4000120, 'Preencher com a sigla da Unidade da Federação', 'preencher-com-a-sigla-da-unidade-da-fede-4000262', true, true, 8, 1, '', 0, false, NULL, 'uf');
INSERT INTO avaliacaopergunta (db103_sequencial, db103_avaliacaotiporesposta, db103_avaliacaogrupopergunta, db103_descricao, db103_identificador, db103_obrigatoria, db103_ativo, db103_ordem, db103_tipo, db103_mascara, db103_dblayoutcampo, db103_perguntaidentificadora, db103_camposql, db103_identificadorcampo) VALUES (4000223, 1, 4000109, 'Hipótese legal para contratação de trabalhador temporário', 'hipotese-legal-para-contratacao-de-traba-4000223', true, true, 1, 1, '', 0, false, 'hipleg', 'hipLeg');
INSERT INTO avaliacaopergunta (db103_sequencial, db103_avaliacaotiporesposta, db103_avaliacaogrupopergunta, db103_descricao, db103_identificador, db103_obrigatoria, db103_ativo, db103_ordem, db103_tipo, db103_mascara, db103_dblayoutcampo, db103_perguntaidentificadora, db103_camposql, db103_identificadorcampo) VALUES (4000225, 2, 4000109, 'Descrição do fato determinado que, no caso concreto, justifica a hipótese legal para a contratação de trabalho temporário.', 'descricao-do-fato-determinado-que-no-cas-4000225', true, true, 2, 1, '', 0, false, 'justcontr', 'justContr');
INSERT INTO avaliacaopergunta (db103_sequencial, db103_avaliacaotiporesposta, db103_avaliacaogrupopergunta, db103_descricao, db103_identificador, db103_obrigatoria, db103_ativo, db103_ordem, db103_tipo, db103_mascara, db103_dblayoutcampo, db103_perguntaidentificadora, db103_camposql, db103_identificadorcampo) VALUES (4000226, 1, 4000109, 'Informar o tipo de inclusão de contrato', 'informar-o-tipo-de-inclusao-de-contrato-4000226', true, true, 3, 1, '', 0, false, 'tpinclcontr', 'tpInclContr');
INSERT INTO avaliacaopergunta (db103_sequencial, db103_avaliacaotiporesposta, db103_avaliacaogrupopergunta, db103_descricao, db103_identificador, db103_obrigatoria, db103_ativo, db103_ordem, db103_tipo, db103_mascara, db103_dblayoutcampo, db103_perguntaidentificadora, db103_camposql, db103_identificadorcampo) VALUES (4000231, 2, 4000112, 'CPF do trabalhador substituído', 'cpf-do-trabalhador-substituido-4000231', true, true, 1, 1, '', 0, false, 'cpftrabsubst', 'cpfTrabSubst');
INSERT INTO avaliacaopergunta (db103_sequencial, db103_avaliacaotiporesposta, db103_avaliacaogrupopergunta, db103_descricao, db103_identificador, db103_obrigatoria, db103_ativo, db103_ordem, db103_tipo, db103_mascara, db103_dblayoutcampo, db103_perguntaidentificadora, db103_camposql, db103_identificadorcampo) VALUES (4000156, 2, 4000096, 'RG', 'rg-4000156', true, true, 1, 1, '', 0, false, 'nrrg', 'nrRg');
INSERT INTO avaliacaopergunta (db103_sequencial, db103_avaliacaotiporesposta, db103_avaliacaogrupopergunta, db103_descricao, db103_identificador, db103_obrigatoria, db103_ativo, db103_ordem, db103_tipo, db103_mascara, db103_dblayoutcampo, db103_perguntaidentificadora, db103_camposql, db103_identificadorcampo) VALUES (4000283, 2, 4000128, 'Data de alteração do CPF', 'data-de-alteracao-do-cpf-4000283', true, true, 3, 5, '', 0, false, 'dtaltcpf', 'dtAltCPF');
INSERT INTO avaliacaopergunta (db103_sequencial, db103_avaliacaotiporesposta, db103_avaliacaogrupopergunta, db103_descricao, db103_identificador, db103_obrigatoria, db103_ativo, db103_ordem, db103_tipo, db103_mascara, db103_dblayoutcampo, db103_perguntaidentificadora, db103_camposql, db103_identificadorcampo) VALUES (4000159, 2, 4000097, 'Número de inscrição no Registro Nacional de Estrangeiros', 'inscricao-no-registro-nacional-estrangei-4000159', true, true, 1, 1, '', 0, false, 'nrrne', 'nrRne');
INSERT INTO avaliacaopergunta (db103_sequencial, db103_avaliacaotiporesposta, db103_avaliacaogrupopergunta, db103_descricao, db103_identificador, db103_obrigatoria, db103_ativo, db103_ordem, db103_tipo, db103_mascara, db103_dblayoutcampo, db103_perguntaidentificadora, db103_camposql, db103_identificadorcampo) VALUES (4000162, 2, 4000098, 'Número de inscrição no órgão de classe', 'numero-de-inscricao-no-orgao-de-classe-4000162', true, true, 1, 1, '', 0, false, 'nroc', 'nrOc');
INSERT INTO avaliacaopergunta (db103_sequencial, db103_avaliacaotiporesposta, db103_avaliacaogrupopergunta, db103_descricao, db103_identificador, db103_obrigatoria, db103_ativo, db103_ordem, db103_tipo, db103_mascara, db103_dblayoutcampo, db103_perguntaidentificadora, db103_camposql, db103_identificadorcampo) VALUES (4000170, 2, 4000099, 'Data da primeira habilitação', 'data-da-primeira-habilitacao-4000170', false, true, 5, 5, '', 0, false, 'dtprihab', 'dtPriHab');
INSERT INTO avaliacaopergunta (db103_sequencial, db103_avaliacaotiporesposta, db103_avaliacaogrupopergunta, db103_descricao, db103_identificador, db103_obrigatoria, db103_ativo, db103_ordem, db103_tipo, db103_mascara, db103_dblayoutcampo, db103_perguntaidentificadora, db103_camposql, db103_identificadorcampo) VALUES (4000172, 2, 4000100, 'Tipo de Logradouro, conforme tabela 20', 'tipo-de-logradouro-conforme-tabela-20-4000172', true, true, 1, 1, '', 0, false, 'tplograd', 'tpLograd');
INSERT INTO avaliacaopergunta (db103_sequencial, db103_avaliacaotiporesposta, db103_avaliacaogrupopergunta, db103_descricao, db103_identificador, db103_obrigatoria, db103_ativo, db103_ordem, db103_tipo, db103_mascara, db103_dblayoutcampo, db103_perguntaidentificadora, db103_camposql, db103_identificadorcampo) VALUES (4000173, 2, 4000100, 'Descrição do logradouro', 'descricao-do-logradouro-4000173', true, true, 2, 1, '', 0, false, 'dsclograd', 'dscLograd');
INSERT INTO avaliacaopergunta (db103_sequencial, db103_avaliacaotiporesposta, db103_avaliacaogrupopergunta, db103_descricao, db103_identificador, db103_obrigatoria, db103_ativo, db103_ordem, db103_tipo, db103_mascara, db103_dblayoutcampo, db103_perguntaidentificadora, db103_camposql, db103_identificadorcampo) VALUES (4000174, 2, 4000100, 'Número do logradouro. Se não houver número a ser informado, preencher com S/N', 'numero-do-logradouro-4000174', true, true, 3, 1, '', 0, false, 'nrlograd', 'nrLograd');
INSERT INTO avaliacaopergunta (db103_sequencial, db103_avaliacaotiporesposta, db103_avaliacaogrupopergunta, db103_descricao, db103_identificador, db103_obrigatoria, db103_ativo, db103_ordem, db103_tipo, db103_mascara, db103_dblayoutcampo, db103_perguntaidentificadora, db103_camposql, db103_identificadorcampo) VALUES (4000175, 2, 4000100, 'Complemento do logradouro', 'complemento-do-logradouro-4000175', false, true, 4, 1, '', 0, false, 'complemento', 'complemento');
INSERT INTO avaliacaopergunta (db103_sequencial, db103_avaliacaotiporesposta, db103_avaliacaogrupopergunta, db103_descricao, db103_identificador, db103_obrigatoria, db103_ativo, db103_ordem, db103_tipo, db103_mascara, db103_dblayoutcampo, db103_perguntaidentificadora, db103_camposql, db103_identificadorcampo) VALUES (4000177, 2, 4000100, 'Código de Endereçamento Postal - CEP', 'codigo-de-enderecamento-postal-cep-4000177', true, true, 6, 2, '', 0, false, 'cep', 'cep');
INSERT INTO avaliacaopergunta (db103_sequencial, db103_avaliacaotiporesposta, db103_avaliacaogrupopergunta, db103_descricao, db103_identificador, db103_obrigatoria, db103_ativo, db103_ordem, db103_tipo, db103_mascara, db103_dblayoutcampo, db103_perguntaidentificadora, db103_camposql, db103_identificadorcampo) VALUES (4000178, 2, 4000100, 'Preencher com o código do município, conforme tabela do IBGE', 'preencher-com-o-codigo-do-municipio-4000178', true, true, 7, 1, '', 0, false, 'codmunic', 'codMunic');
INSERT INTO avaliacaopergunta (db103_sequencial, db103_avaliacaotiporesposta, db103_avaliacaogrupopergunta, db103_descricao, db103_identificador, db103_obrigatoria, db103_ativo, db103_ordem, db103_tipo, db103_mascara, db103_dblayoutcampo, db103_perguntaidentificadora, db103_camposql, db103_identificadorcampo) VALUES (4000179, 2, 4000100, 'Preencher com a sigla da Unidade da Federação', 'preencher-com-a-sigla-da-unidade-da-fede-4000179', true, true, 8, 1, '', 0, false, 'uf', 'uf');
INSERT INTO avaliacaopergunta (db103_sequencial, db103_avaliacaotiporesposta, db103_avaliacaogrupopergunta, db103_descricao, db103_identificador, db103_obrigatoria, db103_ativo, db103_ordem, db103_tipo, db103_mascara, db103_dblayoutcampo, db103_perguntaidentificadora, db103_camposql, db103_identificadorcampo) VALUES (4000180, 2, 4000101, 'Preencher com o código do país, conforme tabela 6', 'preencher-com-o-codigo-do-pais-4000180', true, true, 1, 1, '', 0, false, 'paisresid', 'paisResid');
INSERT INTO avaliacaopergunta (db103_sequencial, db103_avaliacaotiporesposta, db103_avaliacaogrupopergunta, db103_descricao, db103_identificador, db103_obrigatoria, db103_ativo, db103_ordem, db103_tipo, db103_mascara, db103_dblayoutcampo, db103_perguntaidentificadora, db103_camposql, db103_identificadorcampo) VALUES (4000185, 2, 4000101, 'Nome da Cidade', 'nome-da-cidade-4000185', true, true, 6, 1, '', 0, false, 'nmcid', 'nmCid');
INSERT INTO avaliacaopergunta (db103_sequencial, db103_avaliacaotiporesposta, db103_avaliacaogrupopergunta, db103_descricao, db103_identificador, db103_obrigatoria, db103_ativo, db103_ordem, db103_tipo, db103_mascara, db103_dblayoutcampo, db103_perguntaidentificadora, db103_camposql, db103_identificadorcampo) VALUES (4000186, 2, 4000101, 'Código de Endereçamento Postal', 'codigo-de-enderecamento-postal-4000186', false, true, 7, 1, '', 0, false, 'codpostal', 'codPostal');
INSERT INTO avaliacaopergunta (db103_sequencial, db103_avaliacaotiporesposta, db103_avaliacaogrupopergunta, db103_descricao, db103_identificador, db103_obrigatoria, db103_ativo, db103_ordem, db103_tipo, db103_mascara, db103_dblayoutcampo, db103_perguntaidentificadora, db103_camposql, db103_identificadorcampo) VALUES (4000187, 2, 4000102, 'Data de chegada do trabalhador ao Brasil, em caso de estrangeiro', 'data-de-chegada-do-trabalhador-ao-brasil-4000187', false, true, 1, 5, '', 0, false, 'dtchegada', 'dtChegada');
INSERT INTO avaliacaopergunta (db103_sequencial, db103_avaliacaotiporesposta, db103_avaliacaogrupopergunta, db103_descricao, db103_identificador, db103_obrigatoria, db103_ativo, db103_ordem, db103_tipo, db103_mascara, db103_dblayoutcampo, db103_perguntaidentificadora, db103_camposql, db103_identificadorcampo) VALUES (4000188, 1, 4000102, 'Classificação da condição de ingresso do trabalhador estrangeiro no Brasil', 'classificacao-da-condicao-de-ingresso-4000188', true, true, 2, 1, '', 0, false, 'classtrabestrang', 'classTrabEstrang');
INSERT INTO avaliacaopergunta (db103_sequencial, db103_avaliacaotiporesposta, db103_avaliacaogrupopergunta, db103_descricao, db103_identificador, db103_obrigatoria, db103_ativo, db103_ordem, db103_tipo, db103_mascara, db103_dblayoutcampo, db103_perguntaidentificadora, db103_camposql, db103_identificadorcampo) VALUES (4000189, 1, 4000102, 'Casado com brasileiro(a)', 'casado-com-brasileiroa-4000189', true, true, 3, 1, '', 0, false, 'casadobr', 'casadoBr');
INSERT INTO avaliacaopergunta (db103_sequencial, db103_avaliacaotiporesposta, db103_avaliacaogrupopergunta, db103_descricao, db103_identificador, db103_obrigatoria, db103_ativo, db103_ordem, db103_tipo, db103_mascara, db103_dblayoutcampo, db103_perguntaidentificadora, db103_camposql, db103_identificadorcampo) VALUES (4000190, 1, 4000102, 'Indicar se o trabalhador estrangeiro tem filhos brasileiros', 'filhos-brasileiros-4000190', true, true, 4, 1, '', 0, false, 'filhosbr', 'filhosbr');
INSERT INTO avaliacaopergunta (db103_sequencial, db103_avaliacaotiporesposta, db103_avaliacaogrupopergunta, db103_descricao, db103_identificador, db103_obrigatoria, db103_ativo, db103_ordem, db103_tipo, db103_mascara, db103_dblayoutcampo, db103_perguntaidentificadora, db103_camposql, db103_identificadorcampo) VALUES (4000191, 1, 4000103, 'Deficiência Física', 'deficiencia-fisica-4000191', true, true, 1, 1, '', 0, false, 'deffisica', 'defFisica');
INSERT INTO avaliacaopergunta (db103_sequencial, db103_avaliacaotiporesposta, db103_avaliacaogrupopergunta, db103_descricao, db103_identificador, db103_obrigatoria, db103_ativo, db103_ordem, db103_tipo, db103_mascara, db103_dblayoutcampo, db103_perguntaidentificadora, db103_camposql, db103_identificadorcampo) VALUES (4000192, 1, 4000103, 'Deficiência visual', 'deficiencia-visual-4000192', true, true, 2, 1, '', 0, false, 'defvisual', 'defVisual');
INSERT INTO avaliacaopergunta (db103_sequencial, db103_avaliacaotiporesposta, db103_avaliacaogrupopergunta, db103_descricao, db103_identificador, db103_obrigatoria, db103_ativo, db103_ordem, db103_tipo, db103_mascara, db103_dblayoutcampo, db103_perguntaidentificadora, db103_camposql, db103_identificadorcampo) VALUES (4000193, 1, 4000103, 'Deficiência auditiva', 'deficiencia-auditiva-4000193', true, true, 3, 1, '', 0, false, 'defauditiva', 'defAuditiva');
INSERT INTO avaliacaopergunta (db103_sequencial, db103_avaliacaotiporesposta, db103_avaliacaogrupopergunta, db103_descricao, db103_identificador, db103_obrigatoria, db103_ativo, db103_ordem, db103_tipo, db103_mascara, db103_dblayoutcampo, db103_perguntaidentificadora, db103_camposql, db103_identificadorcampo) VALUES (4000230, 2, 4000111, 'Informar o número de inscrição do contratante de serviços', 'informar-o-numero-de-inscricao-do-contra-4000230', true, true, 2, 1, '', 0, false, NULL, 'nrInsc');
INSERT INTO avaliacaopergunta (db103_sequencial, db103_avaliacaotiporesposta, db103_avaliacaogrupopergunta, db103_descricao, db103_identificador, db103_obrigatoria, db103_ativo, db103_ordem, db103_tipo, db103_mascara, db103_dblayoutcampo, db103_perguntaidentificadora, db103_camposql, db103_identificadorcampo) VALUES (4000171, 1, 4000099, 'Categoria da CNH', 'categoria-da-cnh-4000171', true, true, 6, 1, '', 0, false, 'categoriacnh', 'categoriaCnh');
INSERT INTO avaliacaopergunta (db103_sequencial, db103_avaliacaotiporesposta, db103_avaliacaogrupopergunta, db103_descricao, db103_identificador, db103_obrigatoria, db103_ativo, db103_ordem, db103_tipo, db103_mascara, db103_dblayoutcampo, db103_perguntaidentificadora, db103_camposql, db103_identificadorcampo) VALUES (4000183, 2, 4000101, 'Complemento do logradouro', 'complemento-do-logradouro-4000183', false, true, 4, 1, '', 0, false, NULL, 'complemento');
INSERT INTO avaliacaopergunta (db103_sequencial, db103_avaliacaotiporesposta, db103_avaliacaogrupopergunta, db103_descricao, db103_identificador, db103_obrigatoria, db103_ativo, db103_ordem, db103_tipo, db103_mascara, db103_dblayoutcampo, db103_perguntaidentificadora, db103_camposql, db103_identificadorcampo) VALUES (4000168, 2, 4000099, 'Estado da Federação emissor da CNH', 'estado-da-federacao-emissor-da-cnh-4000168', true, true, 3, 1, '', 0, false, 'ufcnh', 'ufCnh');
INSERT INTO avaliacaopergunta (db103_sequencial, db103_avaliacaotiporesposta, db103_avaliacaogrupopergunta, db103_descricao, db103_identificador, db103_obrigatoria, db103_ativo, db103_ordem, db103_tipo, db103_mascara, db103_dblayoutcampo, db103_perguntaidentificadora, db103_camposql, db103_identificadorcampo) VALUES (4000176, 2, 4000100, 'Nome do bairro/distrito', 'nome-do-bairrodistrito-4000176', false, true, 5, 1, '', 0, false, 'bairro', 'bairro');
INSERT INTO avaliacaopergunta (db103_sequencial, db103_avaliacaotiporesposta, db103_avaliacaogrupopergunta, db103_descricao, db103_identificador, db103_obrigatoria, db103_ativo, db103_ordem, db103_tipo, db103_mascara, db103_dblayoutcampo, db103_perguntaidentificadora, db103_camposql, db103_identificadorcampo) VALUES (4000184, 2, 4000101, 'Nome do bairro/distrito', 'nome-do-bairrodistrito-4000184', false, true, 5, 1, '', 0, false, NULL, 'bairro');
INSERT INTO avaliacaopergunta (db103_sequencial, db103_avaliacaotiporesposta, db103_avaliacaogrupopergunta, db103_descricao, db103_identificador, db103_obrigatoria, db103_ativo, db103_ordem, db103_tipo, db103_mascara, db103_dblayoutcampo, db103_perguntaidentificadora, db103_camposql, db103_identificadorcampo) VALUES (4000181, 2, 4000101, 'Descrição do logradouro', 'descricao-do-logradouro-4000181', true, true, 2, 1, '', 0, false, NULL, 'dscLograd');
INSERT INTO avaliacaopergunta (db103_sequencial, db103_avaliacaotiporesposta, db103_avaliacaogrupopergunta, db103_descricao, db103_identificador, db103_obrigatoria, db103_ativo, db103_ordem, db103_tipo, db103_mascara, db103_dblayoutcampo, db103_perguntaidentificadora, db103_camposql, db103_identificadorcampo) VALUES (4000256, 2, 4000120, 'Descrição do logradouro', 'descricao-do-logradouro-4000256', true, true, 2, 1, '', 0, false, NULL, 'dscLograd');
INSERT INTO avaliacaopergunta (db103_sequencial, db103_avaliacaotiporesposta, db103_avaliacaogrupopergunta, db103_descricao, db103_identificador, db103_obrigatoria, db103_ativo, db103_ordem, db103_tipo, db103_mascara, db103_dblayoutcampo, db103_perguntaidentificadora, db103_camposql, db103_identificadorcampo) VALUES (4000158, 2, 4000096, 'Data da expedição do documento', 'data-da-expedicao-do-documento-4000158', false, true, 3, 1, '', 0, false, 'dtexpedrg', 'dtExped');
INSERT INTO avaliacaopergunta (db103_sequencial, db103_avaliacaotiporesposta, db103_avaliacaogrupopergunta, db103_descricao, db103_identificador, db103_obrigatoria, db103_ativo, db103_ordem, db103_tipo, db103_mascara, db103_dblayoutcampo, db103_perguntaidentificadora, db103_camposql, db103_identificadorcampo) VALUES (4000167, 2, 4000099, 'Data da expedição do documento', 'data-da-expedicao-do-documento-4000167', false, true, 2, 5, '', 0, false, 'dtexpedcnh', 'dtExped');
INSERT INTO avaliacaopergunta (db103_sequencial, db103_avaliacaotiporesposta, db103_avaliacaogrupopergunta, db103_descricao, db103_identificador, db103_obrigatoria, db103_ativo, db103_ordem, db103_tipo, db103_mascara, db103_dblayoutcampo, db103_perguntaidentificadora, db103_camposql, db103_identificadorcampo) VALUES (4000164, 2, 4000098, 'Data da expedição do documento', 'data-da-expedicao-do-documento-4000164', false, true, 3, 5, '', 0, false, NULL, 'dtExped');
INSERT INTO avaliacaopergunta (db103_sequencial, db103_avaliacaotiporesposta, db103_avaliacaogrupopergunta, db103_descricao, db103_identificador, db103_obrigatoria, db103_ativo, db103_ordem, db103_tipo, db103_mascara, db103_dblayoutcampo, db103_perguntaidentificadora, db103_camposql, db103_identificadorcampo) VALUES (4000161, 2, 4000097, 'Data da expedição do documento', 'data-da-expedicao-do-documento-4000161', false, true, 2, 5, '', 0, false, NULL, 'dtExped');
INSERT INTO avaliacaopergunta (db103_sequencial, db103_avaliacaotiporesposta, db103_avaliacaogrupopergunta, db103_descricao, db103_identificador, db103_obrigatoria, db103_ativo, db103_ordem, db103_tipo, db103_mascara, db103_dblayoutcampo, db103_perguntaidentificadora, db103_camposql, db103_identificadorcampo) VALUES (4000155, 2, 4000095, 'Data da expedição do documento', 'data-da-expedicao-do-documento-4000155', false, true, 3, 5, '', 0, false, NULL, 'dtExped');
INSERT INTO avaliacaopergunta (db103_sequencial, db103_avaliacaotiporesposta, db103_avaliacaogrupopergunta, db103_descricao, db103_identificador, db103_obrigatoria, db103_ativo, db103_ordem, db103_tipo, db103_mascara, db103_dblayoutcampo, db103_perguntaidentificadora, db103_camposql, db103_identificadorcampo) VALUES (4000169, 2, 4000099, 'Preencher com a data de validade', 'preencher-com-a-data-de-validade-4000169', true, true, 4, 5, '', 0, false, 'dtvalidcnh', 'dtValid');
INSERT INTO avaliacaopergunta (db103_sequencial, db103_avaliacaotiporesposta, db103_avaliacaogrupopergunta, db103_descricao, db103_identificador, db103_obrigatoria, db103_ativo, db103_ordem, db103_tipo, db103_mascara, db103_dblayoutcampo, db103_perguntaidentificadora, db103_camposql, db103_identificadorcampo) VALUES (4000228, 2, 4000110, 'Informar o número de inscrição do contratante dos serviços', 'informar-o-numero-de-inscricao-do-contra-4000228', true, true, 2, 1, '', 0, false, NULL, 'nrInsc');
INSERT INTO avaliacaopergunta (db103_sequencial, db103_avaliacaotiporesposta, db103_avaliacaogrupopergunta, db103_descricao, db103_identificador, db103_obrigatoria, db103_ativo, db103_ordem, db103_tipo, db103_mascara, db103_dblayoutcampo, db103_perguntaidentificadora, db103_camposql, db103_identificadorcampo) VALUES (4000182, 2, 4000101, 'Número do logradouro. Se não houver número a ser informado, preencher com S/N', 'numero-do-logradouro-4000182', true, true, 3, 1, '', 0, false, NULL, 'nrLograd');
INSERT INTO avaliacaopergunta (db103_sequencial, db103_avaliacaotiporesposta, db103_avaliacaogrupopergunta, db103_descricao, db103_identificador, db103_obrigatoria, db103_ativo, db103_ordem, db103_tipo, db103_mascara, db103_dblayoutcampo, db103_perguntaidentificadora, db103_camposql, db103_identificadorcampo) VALUES (4000157, 2, 4000096, 'Órgão e UF de emissão', 'orgao-e-uf-de-emissao-4000157', true, true, 2, 1, '', 0, false, 'orgaoemissorrg', 'orgaoEmissor');
INSERT INTO avaliacaopergunta (db103_sequencial, db103_avaliacaotiporesposta, db103_avaliacaogrupopergunta, db103_descricao, db103_identificador, db103_obrigatoria, db103_ativo, db103_ordem, db103_tipo, db103_mascara, db103_dblayoutcampo, db103_perguntaidentificadora, db103_camposql, db103_identificadorcampo) VALUES (4000160, 2, 4000097, 'Órgão e UF de emissão', 'orgao-e-uf-de-emissao-4000160', true, true, 2, 1, '', 0, false, NULL, 'orgaoEmissor');
INSERT INTO avaliacaopergunta (db103_sequencial, db103_avaliacaotiporesposta, db103_avaliacaogrupopergunta, db103_descricao, db103_identificador, db103_obrigatoria, db103_ativo, db103_ordem, db103_tipo, db103_mascara, db103_dblayoutcampo, db103_perguntaidentificadora, db103_camposql, db103_identificadorcampo) VALUES (4000163, 2, 4000098, 'Órgão e UF de emissão', 'orgao-e-uf-de-emissao-4000163', true, true, 2, 1, '', 0, false, NULL, 'orgaoEmissor');
INSERT INTO avaliacaopergunta (db103_sequencial, db103_avaliacaotiporesposta, db103_avaliacaogrupopergunta, db103_descricao, db103_identificador, db103_obrigatoria, db103_ativo, db103_ordem, db103_tipo, db103_mascara, db103_dblayoutcampo, db103_perguntaidentificadora, db103_camposql, db103_identificadorcampo) VALUES (4000229, 1, 4000111, 'Preencher com o código correspondente ao tipo de inscrição, conforme tabela 5', 'preencher-com-o-codigo-correspondente-ao-4000229', true, true, 1, 1, '', 0, false, NULL, 'tpInsc');
INSERT INTO avaliacaopergunta (db103_sequencial, db103_avaliacaotiporesposta, db103_avaliacaogrupopergunta, db103_descricao, db103_identificador, db103_obrigatoria, db103_ativo, db103_ordem, db103_tipo, db103_mascara, db103_dblayoutcampo, db103_perguntaidentificadora, db103_camposql, db103_identificadorcampo) VALUES (4000227, 1, 4000110, 'Preencher com o código correspondente ao tipo de inscrição, conforme tabela 5', 'codigo-correspondente-tipo-inscricao-4000227', true, true, 1, 1, '', 0, false, NULL, 'tpInsc');
INSERT INTO avaliacaopergunta (db103_sequencial, db103_avaliacaotiporesposta, db103_avaliacaogrupopergunta, db103_descricao, db103_identificador, db103_obrigatoria, db103_ativo, db103_ordem, db103_tipo, db103_mascara, db103_dblayoutcampo, db103_perguntaidentificadora, db103_camposql, db103_identificadorcampo) VALUES (4000194, 1, 4000103, 'Deficiência Mental', 'deficiencia-mental-4000194', true, true, 4, 1, '', 0, false, 'defmental', 'defMental');
INSERT INTO avaliacaopergunta (db103_sequencial, db103_avaliacaotiporesposta, db103_avaliacaogrupopergunta, db103_descricao, db103_identificador, db103_obrigatoria, db103_ativo, db103_ordem, db103_tipo, db103_mascara, db103_dblayoutcampo, db103_perguntaidentificadora, db103_camposql, db103_identificadorcampo) VALUES (4000195, 1, 4000103, 'Deficiência Intelectual', 'deficiencia-intelectual-4000195', true, true, 5, 1, '', 0, false, 'defintelectual', 'defIntelectual');
INSERT INTO avaliacaopergunta (db103_sequencial, db103_avaliacaotiporesposta, db103_avaliacaogrupopergunta, db103_descricao, db103_identificador, db103_obrigatoria, db103_ativo, db103_ordem, db103_tipo, db103_mascara, db103_dblayoutcampo, db103_perguntaidentificadora, db103_camposql, db103_identificadorcampo) VALUES (4000196, 1, 4000103, 'Informar se o trabalhador é reabilitado (empregado) ou readaptado (servidor público/militar)', 'trabalhador-e-reabilitado-readaptado-4000196', true, true, 6, 1, '', 0, false, 'reabreadap', 'reabReadap');
INSERT INTO avaliacaopergunta (db103_sequencial, db103_avaliacaotiporesposta, db103_avaliacaogrupopergunta, db103_descricao, db103_identificador, db103_obrigatoria, db103_ativo, db103_ordem, db103_tipo, db103_mascara, db103_dblayoutcampo, db103_perguntaidentificadora, db103_camposql, db103_identificadorcampo) VALUES (4000197, 1, 4000103, 'Informar se o trabalhador preenche cota de pessoas com deficiência habilitadas ou de beneficiários reabilitados.', 'informar-se-o-trabalhador-preenche-cota--4000197', true, true, 7, 1, '', 0, false, 'infocota', 'infoCota');
INSERT INTO avaliacaopergunta (db103_sequencial, db103_avaliacaotiporesposta, db103_avaliacaogrupopergunta, db103_descricao, db103_identificador, db103_obrigatoria, db103_ativo, db103_ordem, db103_tipo, db103_mascara, db103_dblayoutcampo, db103_perguntaidentificadora, db103_camposql, db103_identificadorcampo) VALUES (4000203, 1, 4000104, 'Informar se o trabalhador já recebe o benefício previdenciário da aposentadoria por tempo de contribuição ou por idade', 'informar-se-o-trabalhador-ja-recebe-o-be-4000203', true, true, 1, 1, '', 0, false, 'trabaposent', 'trabAposent');
INSERT INTO avaliacaopergunta (db103_sequencial, db103_avaliacaotiporesposta, db103_avaliacaogrupopergunta, db103_descricao, db103_identificador, db103_obrigatoria, db103_ativo, db103_ordem, db103_tipo, db103_mascara, db103_dblayoutcampo, db103_perguntaidentificadora, db103_camposql, db103_identificadorcampo) VALUES (4000204, 2, 4000105, 'Número de telefone do trabalhador, com DDD', 'numero-de-telefone-trabalhador-com-ddd-4000204', false, true, 1, 7, '', 0, false, 'foneprinc', 'fonePrinc');
INSERT INTO avaliacaopergunta (db103_sequencial, db103_avaliacaotiporesposta, db103_avaliacaogrupopergunta, db103_descricao, db103_identificador, db103_obrigatoria, db103_ativo, db103_ordem, db103_tipo, db103_mascara, db103_dblayoutcampo, db103_perguntaidentificadora, db103_camposql, db103_identificadorcampo) VALUES (4000205, 2, 4000105, 'Número de telefone alternativo do trabalhador, com DDD', 'numero-de-telefone-alternativo-4000205', false, true, 2, 7, '', 0, false, 'fonealternat', 'foneAlternat');
INSERT INTO avaliacaopergunta (db103_sequencial, db103_avaliacaotiporesposta, db103_avaliacaogrupopergunta, db103_descricao, db103_identificador, db103_obrigatoria, db103_ativo, db103_ordem, db103_tipo, db103_mascara, db103_dblayoutcampo, db103_perguntaidentificadora, db103_camposql, db103_identificadorcampo) VALUES (4000207, 2, 4000105, 'Endereço eletrônico', 'endereco-eletronico-4000207', false, true, 3, 1, '', 0, false, 'emailprinc', 'emailPrinc');
INSERT INTO avaliacaopergunta (db103_sequencial, db103_avaliacaotiporesposta, db103_avaliacaogrupopergunta, db103_descricao, db103_identificador, db103_obrigatoria, db103_ativo, db103_ordem, db103_tipo, db103_mascara, db103_dblayoutcampo, db103_perguntaidentificadora, db103_camposql, db103_identificadorcampo) VALUES (4000208, 2, 4000105, 'Endereço eletrônico alternativo', 'endereco-eletronico-alternativo-4000208', false, true, 4, 1, '', 0, false, 'emailalternat', 'emailAlternat');
INSERT INTO avaliacaopergunta (db103_sequencial, db103_avaliacaotiporesposta, db103_avaliacaogrupopergunta, db103_descricao, db103_identificador, db103_obrigatoria, db103_ativo, db103_ordem, db103_tipo, db103_mascara, db103_dblayoutcampo, db103_perguntaidentificadora, db103_camposql, db103_identificadorcampo) VALUES (4000249, 2, 4000118, 'Data do Término', 'data-do-termino-4000249', false, true, 2, 5, '', 0, false, 'dtterm', 'dtTerm');
INSERT INTO avaliacaopergunta (db103_sequencial, db103_avaliacaotiporesposta, db103_avaliacaogrupopergunta, db103_descricao, db103_identificador, db103_obrigatoria, db103_ativo, db103_ordem, db103_tipo, db103_mascara, db103_dblayoutcampo, db103_perguntaidentificadora, db103_camposql, db103_identificadorcampo) VALUES (4000209, 2, 4000106, 'Matrícula atribuída ao trabalhador pela empresa ou, no caso de servidor público, a matrícula constante no Sistema de Administração de Recursos Humanos do órgão', 'matricula-atribuida-ao-trabalhador-4000209', true, true, 1, 1, '', 0, false, 'matricula', 'matricula');
INSERT INTO avaliacaopergunta (db103_sequencial, db103_avaliacaotiporesposta, db103_avaliacaogrupopergunta, db103_descricao, db103_identificador, db103_obrigatoria, db103_ativo, db103_ordem, db103_tipo, db103_mascara, db103_dblayoutcampo, db103_perguntaidentificadora, db103_camposql, db103_identificadorcampo) VALUES (4000245, 2, 4000117, 'Salário base do trabalhador, correspondente à parte fixa da remuneração', 'salario-base-do-trabalhador-corresponden-4000245', true, true, 1, 1, '', 0, false, 'vrsalfx', 'vrSalFx');
INSERT INTO avaliacaopergunta (db103_sequencial, db103_avaliacaotiporesposta, db103_avaliacaogrupopergunta, db103_descricao, db103_identificador, db103_obrigatoria, db103_ativo, db103_ordem, db103_tipo, db103_mascara, db103_dblayoutcampo, db103_perguntaidentificadora, db103_camposql, db103_identificadorcampo) VALUES (4000246, 1, 4000117, 'Unidade de pagamento da parte fixa da remuneração', 'unidade-de-pagamento-da-parte-fixa-da-re-4000246', true, true, 2, 1, '', 0, false, 'undsalfixo', 'undSalFixo');
INSERT INTO avaliacaopergunta (db103_sequencial, db103_avaliacaotiporesposta, db103_avaliacaogrupopergunta, db103_descricao, db103_identificador, db103_obrigatoria, db103_ativo, db103_ordem, db103_tipo, db103_mascara, db103_dblayoutcampo, db103_perguntaidentificadora, db103_camposql, db103_identificadorcampo) VALUES (4000247, 2, 4000117, 'Descrição do salário por tarefa ou variável e como este é calculado', 'descricao-do-salario-por-tarefa-ou-varia-4000247', false, true, 3, 1, '', 0, false, 'dscsalvar', 'dscSalVar');
INSERT INTO avaliacaopergunta (db103_sequencial, db103_avaliacaotiporesposta, db103_avaliacaogrupopergunta, db103_descricao, db103_identificador, db103_obrigatoria, db103_ativo, db103_ordem, db103_tipo, db103_mascara, db103_dblayoutcampo, db103_perguntaidentificadora, db103_camposql, db103_identificadorcampo) VALUES (4000248, 1, 4000118, 'Tipo de contrato de trabalho conforme opções abaixo', 'tipo-de-contrato-de-trabalho-conforme-op-4000248', true, true, 1, 1, '', 0, false, 'tpcontr', 'tpContr');
INSERT INTO avaliacaopergunta (db103_sequencial, db103_avaliacaotiporesposta, db103_avaliacaogrupopergunta, db103_descricao, db103_identificador, db103_obrigatoria, db103_ativo, db103_ordem, db103_tipo, db103_mascara, db103_dblayoutcampo, db103_perguntaidentificadora, db103_camposql, db103_identificadorcampo) VALUES (4000250, 1, 4000118, 'Indicar se o contrato por prazo determinado contém cláusula assecuratória do direito recíproco de rescisão antes da data de seu término', 'direito-rescisao-antes-termino-4000250', false, true, 3, 1, '', 0, false, 'clauassec', 'clauAssec');
INSERT INTO avaliacaopergunta (db103_sequencial, db103_avaliacaotiporesposta, db103_avaliacaogrupopergunta, db103_descricao, db103_identificador, db103_obrigatoria, db103_ativo, db103_ordem, db103_tipo, db103_mascara, db103_dblayoutcampo, db103_perguntaidentificadora, db103_camposql, db103_identificadorcampo) VALUES (4000251, 2, 4000118, 'Indicação do objeto determinante da contratação por prazo determinado (obra, serviço, safra, etc.)', 'indicacao-do-objeto-determinante-da-cont-4000251', false, true, 4, 1, '', 0, false, 'objdet', 'objDet');
INSERT INTO avaliacaopergunta (db103_sequencial, db103_avaliacaotiporesposta, db103_avaliacaogrupopergunta, db103_descricao, db103_identificador, db103_obrigatoria, db103_ativo, db103_ordem, db103_tipo, db103_mascara, db103_dblayoutcampo, db103_perguntaidentificadora, db103_camposql, db103_identificadorcampo) VALUES (4000210, 1, 4000106, 'Tipo de regime trabalhista', 'tipo-de-regime-trabalhista-4000210', true, true, 2, 1, '', 0, false, 'tpregtrab', 'tpRegTrab');
INSERT INTO avaliacaopergunta (db103_sequencial, db103_avaliacaotiporesposta, db103_avaliacaogrupopergunta, db103_descricao, db103_identificador, db103_obrigatoria, db103_ativo, db103_ordem, db103_tipo, db103_mascara, db103_dblayoutcampo, db103_perguntaidentificadora, db103_camposql, db103_identificadorcampo) VALUES (4000234, 1, 4000114, 'Preencher de acordo com as opções', 'preencher-de-acordo-com-as-opcoes-4000234', true, true, 1, 1, '', 0, false, 'indprovim', 'indProvim');
INSERT INTO avaliacaopergunta (db103_sequencial, db103_avaliacaotiporesposta, db103_avaliacaogrupopergunta, db103_descricao, db103_identificador, db103_obrigatoria, db103_ativo, db103_ordem, db103_tipo, db103_mascara, db103_dblayoutcampo, db103_perguntaidentificadora, db103_camposql, db103_identificadorcampo) VALUES (4000235, 1, 4000114, 'Preencher com o tipo de provimento, de acordo com as opções a seguir', 'preencher-com-o-tipo-de-provimento-4000235', true, true, 2, 1, '', 0, false, 'tpprov', 'tpProv');
INSERT INTO avaliacaopergunta (db103_sequencial, db103_avaliacaotiporesposta, db103_avaliacaogrupopergunta, db103_descricao, db103_identificador, db103_obrigatoria, db103_ativo, db103_ordem, db103_tipo, db103_mascara, db103_dblayoutcampo, db103_perguntaidentificadora, db103_camposql, db103_identificadorcampo) VALUES (4000236, 2, 4000114, 'Preencher com a data da nomeação do servidor', 'preencher-com-a-data-da-nomeacao-do-serv-4000236', true, true, 3, 5, '', 0, false, 'dtnomeacao', 'dtNomeacao');
INSERT INTO avaliacaopergunta (db103_sequencial, db103_avaliacaotiporesposta, db103_avaliacaogrupopergunta, db103_descricao, db103_identificador, db103_obrigatoria, db103_ativo, db103_ordem, db103_tipo, db103_mascara, db103_dblayoutcampo, db103_perguntaidentificadora, db103_camposql, db103_identificadorcampo) VALUES (4000237, 2, 4000114, 'Data da posse do servidor', 'data-da-posse-do-servidor-4000237', true, true, 4, 5, '', 0, false, 'dtposse', 'dtPosse');
INSERT INTO avaliacaopergunta (db103_sequencial, db103_avaliacaotiporesposta, db103_avaliacaogrupopergunta, db103_descricao, db103_identificador, db103_obrigatoria, db103_ativo, db103_ordem, db103_tipo, db103_mascara, db103_dblayoutcampo, db103_perguntaidentificadora, db103_camposql, db103_identificadorcampo) VALUES (4000238, 2, 4000114, 'Data da entrada em exercício pelo servidor', 'data-da-entrada-em-exercicio-pelo-servid-4000238', true, true, 5, 5, '', 0, false, 'dtexercicio', 'dtExercicio');
INSERT INTO avaliacaopergunta (db103_sequencial, db103_avaliacaotiporesposta, db103_avaliacaogrupopergunta, db103_descricao, db103_identificador, db103_obrigatoria, db103_ativo, db103_ordem, db103_tipo, db103_mascara, db103_dblayoutcampo, db103_perguntaidentificadora, db103_camposql, db103_identificadorcampo) VALUES (4000239, 1, 4000114, 'Tipo de plano de segregação da massa', 'tipo-de-plano-de-segregacao-da-massa-4000239', false, true, 6, 1, '', 0, false, 'tpplanrp', 'tpPlanRP');
INSERT INTO avaliacaopergunta (db103_sequencial, db103_avaliacaotiporesposta, db103_avaliacaogrupopergunta, db103_descricao, db103_identificador, db103_obrigatoria, db103_ativo, db103_ordem, db103_tipo, db103_mascara, db103_dblayoutcampo, db103_perguntaidentificadora, db103_camposql, db103_identificadorcampo) VALUES (4000240, 2, 4000116, 'Preencher com o código do cargo', 'preencher-com-o-codigo-do-cargo-4000240', false, true, 1, 1, '', 0, false, 'codcargo', 'codCargo');
INSERT INTO avaliacaopergunta (db103_sequencial, db103_avaliacaotiporesposta, db103_avaliacaogrupopergunta, db103_descricao, db103_identificador, db103_obrigatoria, db103_ativo, db103_ordem, db103_tipo, db103_mascara, db103_dblayoutcampo, db103_perguntaidentificadora, db103_camposql, db103_identificadorcampo) VALUES (4000241, 2, 4000116, 'Preencher com o código da função, se utilizado pelo empregador', 'preencher-com-o-codigo-da-funcao-4000241', false, true, 2, 1, '', 0, false, 'codfuncao', 'codFuncao');
INSERT INTO avaliacaopergunta (db103_sequencial, db103_avaliacaotiporesposta, db103_avaliacaogrupopergunta, db103_descricao, db103_identificador, db103_obrigatoria, db103_ativo, db103_ordem, db103_tipo, db103_mascara, db103_dblayoutcampo, db103_perguntaidentificadora, db103_camposql, db103_identificadorcampo) VALUES (4000242, 1, 4000116, 'Preencher com o código da categoria do trabalhador, conforme Tabela 1', 'preencher-com-o-codigo-da-categoria-4000242', true, true, 3, 1, '', 0, false, 'codcateg', 'codCateg');
INSERT INTO avaliacaopergunta (db103_sequencial, db103_avaliacaotiporesposta, db103_avaliacaogrupopergunta, db103_descricao, db103_identificador, db103_obrigatoria, db103_ativo, db103_ordem, db103_tipo, db103_mascara, db103_dblayoutcampo, db103_perguntaidentificadora, db103_camposql, db103_identificadorcampo) VALUES (4000243, 2, 4000116, 'Preencher com o código da carreira pública', 'preencher-com-o-codigo-da-carreira-publi-4000243', false, true, 4, 1, '', 0, false, 'codcarreira', 'codCarreira');
INSERT INTO avaliacaopergunta (db103_sequencial, db103_avaliacaotiporesposta, db103_avaliacaogrupopergunta, db103_descricao, db103_identificador, db103_obrigatoria, db103_ativo, db103_ordem, db103_tipo, db103_mascara, db103_dblayoutcampo, db103_perguntaidentificadora, db103_camposql, db103_identificadorcampo) VALUES (4000233, 2, 4000113, 'Informar o número de inscrição do empregador para o qual a contratação de aprendiz foi efetivada', 'numero-contratacao-aprendiz-4000233', true, true, 2, 1, '', 0, false, NULL, 'nrInsc');
INSERT INTO avaliacaopergunta (db103_sequencial, db103_avaliacaotiporesposta, db103_avaliacaogrupopergunta, db103_descricao, db103_identificador, db103_obrigatoria, db103_ativo, db103_ordem, db103_tipo, db103_mascara, db103_dblayoutcampo, db103_perguntaidentificadora, db103_camposql, db103_identificadorcampo) VALUES (4000257, 2, 4000120, 'Número do logradouro. Se não houver número a ser informado, preencher com "S/N"', 'numero-do-logradouro-4000257', true, true, 3, 1, '', 0, false, NULL, 'nrLograd');
INSERT INTO avaliacaopergunta (db103_sequencial, db103_avaliacaotiporesposta, db103_avaliacaogrupopergunta, db103_descricao, db103_identificador, db103_obrigatoria, db103_ativo, db103_ordem, db103_tipo, db103_mascara, db103_dblayoutcampo, db103_perguntaidentificadora, db103_camposql, db103_identificadorcampo) VALUES (4000202, 2, 4000103, 'Observação', 'observacao-4000202', false, true, 8, 1, '', 0, false, NULL, 'observacao');
 
-- INSERIR PERGUNTAS/OPCOES DO REGISTRO 2200
INSERT INTO avaliacaoperguntaopcao (db104_sequencial, db104_avaliacaopergunta, db104_descricao, db104_identificador, db104_aceitatexto, db104_peso, db104_valorresposta, db104_identificadorcampo) VALUES (4000280, 4000175, '', 'complemento-4000280', true, 0, '', 'complemento');
INSERT INTO avaliacaoperguntaopcao (db104_sequencial, db104_avaliacaopergunta, db104_descricao, db104_identificador, db104_aceitatexto, db104_peso, db104_valorresposta, db104_identificadorcampo) VALUES (4000204, 4000136, '', 'nmTrab-4000204', true, 0, '', 'nmTrab');
INSERT INTO avaliacaoperguntaopcao (db104_sequencial, db104_avaliacaopergunta, db104_descricao, db104_identificador, db104_aceitatexto, db104_peso, db104_valorresposta, db104_identificadorcampo) VALUES (4000205, 4000134, '', 'cpfTrab-4000205', true, 0, '', 'cpfTrab');
INSERT INTO avaliacaoperguntaopcao (db104_sequencial, db104_avaliacaopergunta, db104_descricao, db104_identificador, db104_aceitatexto, db104_peso, db104_valorresposta, db104_identificadorcampo) VALUES (4000206, 4000135, '', 'nisTrab-4000206', true, 0, '', 'nisTrab');
INSERT INTO avaliacaoperguntaopcao (db104_sequencial, db104_avaliacaopergunta, db104_descricao, db104_identificador, db104_aceitatexto, db104_peso, db104_valorresposta, db104_identificadorcampo) VALUES (4000207, 4000138, 'Branca', 'racaCor-1-4000207', false, 0, '1', 'racaCor-1');
INSERT INTO avaliacaoperguntaopcao (db104_sequencial, db104_avaliacaopergunta, db104_descricao, db104_identificador, db104_aceitatexto, db104_peso, db104_valorresposta, db104_identificadorcampo) VALUES (4000208, 4000138, 'Preta', 'racaCor-2-4000208', false, 0, '2', 'racaCor-2');
INSERT INTO avaliacaoperguntaopcao (db104_sequencial, db104_avaliacaopergunta, db104_descricao, db104_identificador, db104_aceitatexto, db104_peso, db104_valorresposta, db104_identificadorcampo) VALUES (4000209, 4000138, 'Parda', 'racaCor-3-4000209', false, 0, '3', 'racaCor-3');
INSERT INTO avaliacaoperguntaopcao (db104_sequencial, db104_avaliacaopergunta, db104_descricao, db104_identificador, db104_aceitatexto, db104_peso, db104_valorresposta, db104_identificadorcampo) VALUES (4000210, 4000138, 'Amarela', 'racaCor-4-4000210', false, 0, '4', 'racaCor-4');
INSERT INTO avaliacaoperguntaopcao (db104_sequencial, db104_avaliacaopergunta, db104_descricao, db104_identificador, db104_aceitatexto, db104_peso, db104_valorresposta, db104_identificadorcampo) VALUES (4000211, 4000138, 'Indígena', 'racaCor-5-4000211', false, 0, '5', 'racaCor-5');
INSERT INTO avaliacaoperguntaopcao (db104_sequencial, db104_avaliacaopergunta, db104_descricao, db104_identificador, db104_aceitatexto, db104_peso, db104_valorresposta, db104_identificadorcampo) VALUES (4000212, 4000138, 'Não informado', 'racaCor-6-4000212', false, 0, '6', 'racaCor-6');
INSERT INTO avaliacaoperguntaopcao (db104_sequencial, db104_avaliacaopergunta, db104_descricao, db104_identificador, db104_aceitatexto, db104_peso, db104_valorresposta, db104_identificadorcampo) VALUES (4000213, 4000137, 'Masculino', 'sexo-1-4000213', false, 0, 'M', 'sexo-1');
INSERT INTO avaliacaoperguntaopcao (db104_sequencial, db104_avaliacaopergunta, db104_descricao, db104_identificador, db104_aceitatexto, db104_peso, db104_valorresposta, db104_identificadorcampo) VALUES (4000214, 4000137, 'Feminino', 'sexo-2-4000214', false, 0, 'F', 'sexo-2');
INSERT INTO avaliacaoperguntaopcao (db104_sequencial, db104_avaliacaopergunta, db104_descricao, db104_identificador, db104_aceitatexto, db104_peso, db104_valorresposta, db104_identificadorcampo) VALUES (4000216, 4000139, 'Casado', 'estCiv-2-4000216', false, 0, '2', 'estCiv-2');
INSERT INTO avaliacaoperguntaopcao (db104_sequencial, db104_avaliacaopergunta, db104_descricao, db104_identificador, db104_aceitatexto, db104_peso, db104_valorresposta, db104_identificadorcampo) VALUES (4000215, 4000139, 'Solteiro', 'estCiv-1-4000215', false, 0, '1', 'estCiv-1');
INSERT INTO avaliacaoperguntaopcao (db104_sequencial, db104_avaliacaopergunta, db104_descricao, db104_identificador, db104_aceitatexto, db104_peso, db104_valorresposta, db104_identificadorcampo) VALUES (4000217, 4000139, 'Divorciado', 'estCiv-3-4000217', false, 0, '3', 'estCiv-3');
INSERT INTO avaliacaoperguntaopcao (db104_sequencial, db104_avaliacaopergunta, db104_descricao, db104_identificador, db104_aceitatexto, db104_peso, db104_valorresposta, db104_identificadorcampo) VALUES (4000218, 4000139, 'Separado', 'estCiv-4-4000218', false, 0, '4', 'estCiv-4');
INSERT INTO avaliacaoperguntaopcao (db104_sequencial, db104_avaliacaopergunta, db104_descricao, db104_identificador, db104_aceitatexto, db104_peso, db104_valorresposta, db104_identificadorcampo) VALUES (4000219, 4000139, 'Viúvo', 'estCiv-5-4000219', false, 0, '5', 'estCiv-5');
INSERT INTO avaliacaoperguntaopcao (db104_sequencial, db104_avaliacaopergunta, db104_descricao, db104_identificador, db104_aceitatexto, db104_peso, db104_valorresposta, db104_identificadorcampo) VALUES (4000222, 4000140, 'Não', 'indPriEmpr-2-4000222', false, 0, 'N', 'indPriEmpr');
INSERT INTO avaliacaoperguntaopcao (db104_sequencial, db104_avaliacaopergunta, db104_descricao, db104_identificador, db104_aceitatexto, db104_peso, db104_valorresposta, db104_identificadorcampo) VALUES (4000223, 4000140, 'Sim', 'indPriEmpr-1-4000223', false, 0, 'S', 'indPriEmpr');
INSERT INTO avaliacaoperguntaopcao (db104_sequencial, db104_avaliacaopergunta, db104_descricao, db104_identificador, db104_aceitatexto, db104_peso, db104_valorresposta, db104_identificadorcampo) VALUES (4000224, 4000141, '', 'nmSoc-4000224', true, 0, '', 'nmSoc');
INSERT INTO avaliacaoperguntaopcao (db104_sequencial, db104_avaliacaopergunta, db104_descricao, db104_identificador, db104_aceitatexto, db104_peso, db104_valorresposta, db104_identificadorcampo) VALUES (4000225, 4000142, 'Analfabeto, inclusive o que, embora tenha recebido instrução, não se alfabetizou', 'grauInstr-1-4000225', false, 0, '01', 'grauInstr-1');
INSERT INTO avaliacaoperguntaopcao (db104_sequencial, db104_avaliacaopergunta, db104_descricao, db104_identificador, db104_aceitatexto, db104_peso, db104_valorresposta, db104_identificadorcampo) VALUES (4000226, 4000142, 'Até o 5o ano incompleto do Ensino Fundamental (antiga 4a série) ou que se tenha alfabetizado sem ter frequentado escola regular', 'grauInstr-2-4000226', false, 0, '02', 'grauInstr-2');
INSERT INTO avaliacaoperguntaopcao (db104_sequencial, db104_avaliacaopergunta, db104_descricao, db104_identificador, db104_aceitatexto, db104_peso, db104_valorresposta, db104_identificadorcampo) VALUES (4000227, 4000142, '5o ano completo do Ensino Fundamental', 'grauInstr-3-4000227', false, 0, '03', 'grauInstr-3');
INSERT INTO avaliacaoperguntaopcao (db104_sequencial, db104_avaliacaopergunta, db104_descricao, db104_identificador, db104_aceitatexto, db104_peso, db104_valorresposta, db104_identificadorcampo) VALUES (4000228, 4000142, 'Do 6o ao 9o ano do Ensino Fundamental incompleto (antiga 5a a 8a série)', 'grauInstr-4-4000228', false, 0, '04', 'grauInstr-4');
INSERT INTO avaliacaoperguntaopcao (db104_sequencial, db104_avaliacaopergunta, db104_descricao, db104_identificador, db104_aceitatexto, db104_peso, db104_valorresposta, db104_identificadorcampo) VALUES (4000229, 4000142, 'Ensino Fundamental Completo', 'grauInstr-5-4000229', false, 0, '05', 'grauInstr-5');
INSERT INTO avaliacaoperguntaopcao (db104_sequencial, db104_avaliacaopergunta, db104_descricao, db104_identificador, db104_aceitatexto, db104_peso, db104_valorresposta, db104_identificadorcampo) VALUES (4000230, 4000142, 'Ensino Médio incompleto', 'grauInstr-6-4000230', false, 0, '06', 'grauInstr-6');
INSERT INTO avaliacaoperguntaopcao (db104_sequencial, db104_avaliacaopergunta, db104_descricao, db104_identificador, db104_aceitatexto, db104_peso, db104_valorresposta, db104_identificadorcampo) VALUES (4000231, 4000142, 'Ensino Médio completo', 'grauInstr-7-4000231', false, 0, '07', 'grauInstr-7');
INSERT INTO avaliacaoperguntaopcao (db104_sequencial, db104_avaliacaopergunta, db104_descricao, db104_identificador, db104_aceitatexto, db104_peso, db104_valorresposta, db104_identificadorcampo) VALUES (4000232, 4000142, 'Educação Superior incompleta', 'grauInstr-8-4000232', false, 0, '08', 'grauInstr-8');
INSERT INTO avaliacaoperguntaopcao (db104_sequencial, db104_avaliacaopergunta, db104_descricao, db104_identificador, db104_aceitatexto, db104_peso, db104_valorresposta, db104_identificadorcampo) VALUES (4000233, 4000142, 'Educação Superior completa', 'grauInstr-9-4000233', false, 0, '09', 'grauInstr-9');
INSERT INTO avaliacaoperguntaopcao (db104_sequencial, db104_avaliacaopergunta, db104_descricao, db104_identificador, db104_aceitatexto, db104_peso, db104_valorresposta, db104_identificadorcampo) VALUES (4000234, 4000142, 'Pós-Graduação completa', 'grauInstr-10-4000234', false, 0, '10', 'grauInstr-10');
INSERT INTO avaliacaoperguntaopcao (db104_sequencial, db104_avaliacaopergunta, db104_descricao, db104_identificador, db104_aceitatexto, db104_peso, db104_valorresposta, db104_identificadorcampo) VALUES (4000235, 4000142, 'Mestrado completo', 'grauInstr-11-4000235', false, 0, '11', 'grauInstr-11');
INSERT INTO avaliacaoperguntaopcao (db104_sequencial, db104_avaliacaopergunta, db104_descricao, db104_identificador, db104_aceitatexto, db104_peso, db104_valorresposta, db104_identificadorcampo) VALUES (4000236, 4000142, 'Doutorado completo', 'grauInstr-12-4000236', false, 0, '12', 'grauInstr-12');
INSERT INTO avaliacaoperguntaopcao (db104_sequencial, db104_avaliacaopergunta, db104_descricao, db104_identificador, db104_aceitatexto, db104_peso, db104_valorresposta, db104_identificadorcampo) VALUES (4000237, 4000143, '', 'dtNascto-4000237', true, 0, '', 'dtNascto');
INSERT INTO avaliacaoperguntaopcao (db104_sequencial, db104_avaliacaopergunta, db104_descricao, db104_identificador, db104_aceitatexto, db104_peso, db104_valorresposta, db104_identificadorcampo) VALUES (4000240, 4000146, '', 'paisNascto-4000240', true, 0, '', 'paisNascto');
INSERT INTO avaliacaoperguntaopcao (db104_sequencial, db104_avaliacaopergunta, db104_descricao, db104_identificador, db104_aceitatexto, db104_peso, db104_valorresposta, db104_identificadorcampo) VALUES (4000241, 4000144, '', 'codMunic-4000241', true, 0, '', 'codMunic');
INSERT INTO avaliacaoperguntaopcao (db104_sequencial, db104_avaliacaopergunta, db104_descricao, db104_identificador, db104_aceitatexto, db104_peso, db104_valorresposta, db104_identificadorcampo) VALUES (4000242, 4000147, '', 'paisNac-4000242', true, 0, '', 'paisNac');
INSERT INTO avaliacaoperguntaopcao (db104_sequencial, db104_avaliacaopergunta, db104_descricao, db104_identificador, db104_aceitatexto, db104_peso, db104_valorresposta, db104_identificadorcampo) VALUES (4000243, 4000148, '', 'nmMae-4000243', true, 0, '', 'nmMae');
INSERT INTO avaliacaoperguntaopcao (db104_sequencial, db104_avaliacaopergunta, db104_descricao, db104_identificador, db104_aceitatexto, db104_peso, db104_valorresposta, db104_identificadorcampo) VALUES (4000244, 4000149, '', 'nmPai-4000244', true, 0, '', 'nmPai');
INSERT INTO avaliacaoperguntaopcao (db104_sequencial, db104_avaliacaopergunta, db104_descricao, db104_identificador, db104_aceitatexto, db104_peso, db104_valorresposta, db104_identificadorcampo) VALUES (4000245, 4000145, '', 'uf-4000245', true, 0, '', 'uf');
INSERT INTO avaliacaoperguntaopcao (db104_sequencial, db104_avaliacaopergunta, db104_descricao, db104_identificador, db104_aceitatexto, db104_peso, db104_valorresposta, db104_identificadorcampo) VALUES (4000247, 4000150, '', 'nrCtps-4000247', true, 0, '', 'nrCtps');
INSERT INTO avaliacaoperguntaopcao (db104_sequencial, db104_avaliacaopergunta, db104_descricao, db104_identificador, db104_aceitatexto, db104_peso, db104_valorresposta, db104_identificadorcampo) VALUES (4000248, 4000151, '', 'serieCtps-4000248', true, 0, '', 'serieCtps');
INSERT INTO avaliacaoperguntaopcao (db104_sequencial, db104_avaliacaopergunta, db104_descricao, db104_identificador, db104_aceitatexto, db104_peso, db104_valorresposta, db104_identificadorcampo) VALUES (4000249, 4000152, '', 'ufCtps-4000249', true, 0, '', 'ufCtps');
INSERT INTO avaliacaoperguntaopcao (db104_sequencial, db104_avaliacaopergunta, db104_descricao, db104_identificador, db104_aceitatexto, db104_peso, db104_valorresposta, db104_identificadorcampo) VALUES (4000250, 4000153, '', 'nrRic-4000250', true, 0, '', 'nrRic');
INSERT INTO avaliacaoperguntaopcao (db104_sequencial, db104_avaliacaopergunta, db104_descricao, db104_identificador, db104_aceitatexto, db104_peso, db104_valorresposta, db104_identificadorcampo) VALUES (4000251, 4000154, '', 'orgaoEmissor-4000251', true, 0, '', 'orgaoEmissor');
INSERT INTO avaliacaoperguntaopcao (db104_sequencial, db104_avaliacaopergunta, db104_descricao, db104_identificador, db104_aceitatexto, db104_peso, db104_valorresposta, db104_identificadorcampo) VALUES (4000252, 4000155, '', 'dtExped-4000252', true, 0, '', 'dtExped');
INSERT INTO avaliacaoperguntaopcao (db104_sequencial, db104_avaliacaopergunta, db104_descricao, db104_identificador, db104_aceitatexto, db104_peso, db104_valorresposta, db104_identificadorcampo) VALUES (4000253, 4000156, '', 'nrRg-4000253', true, 0, '', 'nrRg');
INSERT INTO avaliacaoperguntaopcao (db104_sequencial, db104_avaliacaopergunta, db104_descricao, db104_identificador, db104_aceitatexto, db104_peso, db104_valorresposta, db104_identificadorcampo) VALUES (4000254, 4000157, '', 'orgaoEmissor-4000254', true, 0, '', 'orgaoEmissor');
INSERT INTO avaliacaoperguntaopcao (db104_sequencial, db104_avaliacaopergunta, db104_descricao, db104_identificador, db104_aceitatexto, db104_peso, db104_valorresposta, db104_identificadorcampo) VALUES (4000255, 4000158, '', 'dtExped-4000255', true, 0, '', 'dtExped');
INSERT INTO avaliacaoperguntaopcao (db104_sequencial, db104_avaliacaopergunta, db104_descricao, db104_identificador, db104_aceitatexto, db104_peso, db104_valorresposta, db104_identificadorcampo) VALUES (4000256, 4000159, '', 'nrRne-4000256', true, 0, '', 'nrRne');
INSERT INTO avaliacaoperguntaopcao (db104_sequencial, db104_avaliacaopergunta, db104_descricao, db104_identificador, db104_aceitatexto, db104_peso, db104_valorresposta, db104_identificadorcampo) VALUES (4000257, 4000160, '', 'orgaoEmissor-4000257', true, 0, '', 'orgaoEmissor');
INSERT INTO avaliacaoperguntaopcao (db104_sequencial, db104_avaliacaopergunta, db104_descricao, db104_identificador, db104_aceitatexto, db104_peso, db104_valorresposta, db104_identificadorcampo) VALUES (4000258, 4000161, '', 'dtExped-4000258', true, 0, '', 'dtExped');
INSERT INTO avaliacaoperguntaopcao (db104_sequencial, db104_avaliacaopergunta, db104_descricao, db104_identificador, db104_aceitatexto, db104_peso, db104_valorresposta, db104_identificadorcampo) VALUES (4000259, 4000162, '', 'nrOc-4000259', true, 0, '', 'nrOc');
INSERT INTO avaliacaoperguntaopcao (db104_sequencial, db104_avaliacaopergunta, db104_descricao, db104_identificador, db104_aceitatexto, db104_peso, db104_valorresposta, db104_identificadorcampo) VALUES (4000260, 4000163, '', 'orgaoEmissor-4000260', true, 0, '', 'orgaoEmissor');
INSERT INTO avaliacaoperguntaopcao (db104_sequencial, db104_avaliacaopergunta, db104_descricao, db104_identificador, db104_aceitatexto, db104_peso, db104_valorresposta, db104_identificadorcampo) VALUES (4000261, 4000164, '', 'dtExped-4000261', true, 0, '', 'dtExped');
INSERT INTO avaliacaoperguntaopcao (db104_sequencial, db104_avaliacaopergunta, db104_descricao, db104_identificador, db104_aceitatexto, db104_peso, db104_valorresposta, db104_identificadorcampo) VALUES (4000262, 4000165, '', 'dtValid-4000262', true, 0, '', 'dtValid');
INSERT INTO avaliacaoperguntaopcao (db104_sequencial, db104_avaliacaopergunta, db104_descricao, db104_identificador, db104_aceitatexto, db104_peso, db104_valorresposta, db104_identificadorcampo) VALUES (4000264, 4000167, '', 'dtExped-4000264', true, 0, '', 'dtExped');
INSERT INTO avaliacaoperguntaopcao (db104_sequencial, db104_avaliacaopergunta, db104_descricao, db104_identificador, db104_aceitatexto, db104_peso, db104_valorresposta, db104_identificadorcampo) VALUES (4000267, 4000170, '', 'dtPriHab-4000267', true, 0, '', 'dtPriHab');
INSERT INTO avaliacaoperguntaopcao (db104_sequencial, db104_avaliacaopergunta, db104_descricao, db104_identificador, db104_aceitatexto, db104_peso, db104_valorresposta, db104_identificadorcampo) VALUES (4000268, 4000171, 'A', 'categoriaCnh-1-4000268', false, 0, 'A', 'categoriaCnh-1');
INSERT INTO avaliacaoperguntaopcao (db104_sequencial, db104_avaliacaopergunta, db104_descricao, db104_identificador, db104_aceitatexto, db104_peso, db104_valorresposta, db104_identificadorcampo) VALUES (4000269, 4000171, 'B', 'categoriaCnh-2-4000269', false, 0, 'B', 'categoriaCnh-2');
INSERT INTO avaliacaoperguntaopcao (db104_sequencial, db104_avaliacaopergunta, db104_descricao, db104_identificador, db104_aceitatexto, db104_peso, db104_valorresposta, db104_identificadorcampo) VALUES (4000270, 4000171, 'C', 'categoriaCnh-3-4000270', false, 0, 'C', 'categoriaCnh-3');
INSERT INTO avaliacaoperguntaopcao (db104_sequencial, db104_avaliacaopergunta, db104_descricao, db104_identificador, db104_aceitatexto, db104_peso, db104_valorresposta, db104_identificadorcampo) VALUES (4000271, 4000171, 'D', 'categoriaCnh-4-4000271', false, 0, 'D', 'categoriaCnh-4');
INSERT INTO avaliacaoperguntaopcao (db104_sequencial, db104_avaliacaopergunta, db104_descricao, db104_identificador, db104_aceitatexto, db104_peso, db104_valorresposta, db104_identificadorcampo) VALUES (4000272, 4000171, 'E', 'categoriaCnh-5-4000272', false, 0, 'E', 'categoriaCnh-5');
INSERT INTO avaliacaoperguntaopcao (db104_sequencial, db104_avaliacaopergunta, db104_descricao, db104_identificador, db104_aceitatexto, db104_peso, db104_valorresposta, db104_identificadorcampo) VALUES (4000273, 4000171, 'AB', 'categoriaCnh-6-4000273', false, 0, 'AB', 'categoriaCnh-6');
INSERT INTO avaliacaoperguntaopcao (db104_sequencial, db104_avaliacaopergunta, db104_descricao, db104_identificador, db104_aceitatexto, db104_peso, db104_valorresposta, db104_identificadorcampo) VALUES (4000274, 4000171, 'AC', 'categoriaCnh-7-4000274', false, 0, 'AC', 'categoriaCnh-7');
INSERT INTO avaliacaoperguntaopcao (db104_sequencial, db104_avaliacaopergunta, db104_descricao, db104_identificador, db104_aceitatexto, db104_peso, db104_valorresposta, db104_identificadorcampo) VALUES (4000275, 4000171, 'AD', 'categoriaCnh-8-4000275', false, 0, 'AD', 'categoriaCnh-8');
INSERT INTO avaliacaoperguntaopcao (db104_sequencial, db104_avaliacaopergunta, db104_descricao, db104_identificador, db104_aceitatexto, db104_peso, db104_valorresposta, db104_identificadorcampo) VALUES (4000276, 4000171, 'AE', 'categoriaCnh-9-4000276', false, 0, 'AE', 'categoriaCnh-9');
INSERT INTO avaliacaoperguntaopcao (db104_sequencial, db104_avaliacaopergunta, db104_descricao, db104_identificador, db104_aceitatexto, db104_peso, db104_valorresposta, db104_identificadorcampo) VALUES (4000277, 4000172, '', 'tpLograd-4000277', true, 0, '', 'tpLograd');
INSERT INTO avaliacaoperguntaopcao (db104_sequencial, db104_avaliacaopergunta, db104_descricao, db104_identificador, db104_aceitatexto, db104_peso, db104_valorresposta, db104_identificadorcampo) VALUES (4000278, 4000173, '', 'dscLograd-4000278', true, 0, '', 'dscLograd');
INSERT INTO avaliacaoperguntaopcao (db104_sequencial, db104_avaliacaopergunta, db104_descricao, db104_identificador, db104_aceitatexto, db104_peso, db104_valorresposta, db104_identificadorcampo) VALUES (4000279, 4000174, '', 'nrLograd-4000279', true, 0, '', 'nrLograd');
INSERT INTO avaliacaoperguntaopcao (db104_sequencial, db104_avaliacaopergunta, db104_descricao, db104_identificador, db104_aceitatexto, db104_peso, db104_valorresposta, db104_identificadorcampo) VALUES (4000281, 4000176, '', 'bairro-4000281', true, 0, '', 'bairro');
INSERT INTO avaliacaoperguntaopcao (db104_sequencial, db104_avaliacaopergunta, db104_descricao, db104_identificador, db104_aceitatexto, db104_peso, db104_valorresposta, db104_identificadorcampo) VALUES (4000282, 4000177, '', 'cep-4000282', true, 0, '', 'cep');
INSERT INTO avaliacaoperguntaopcao (db104_sequencial, db104_avaliacaopergunta, db104_descricao, db104_identificador, db104_aceitatexto, db104_peso, db104_valorresposta, db104_identificadorcampo) VALUES (4000283, 4000178, '', 'codMunic-4000283', true, 0, '', 'codMunic');
INSERT INTO avaliacaoperguntaopcao (db104_sequencial, db104_avaliacaopergunta, db104_descricao, db104_identificador, db104_aceitatexto, db104_peso, db104_valorresposta, db104_identificadorcampo) VALUES (4000284, 4000179, '', 'uf-4000284', true, 0, '', 'uf');
INSERT INTO avaliacaoperguntaopcao (db104_sequencial, db104_avaliacaopergunta, db104_descricao, db104_identificador, db104_aceitatexto, db104_peso, db104_valorresposta, db104_identificadorcampo) VALUES (4000285, 4000180, '', 'paisResid-4000285', true, 0, '', 'paisResid');
INSERT INTO avaliacaoperguntaopcao (db104_sequencial, db104_avaliacaopergunta, db104_descricao, db104_identificador, db104_aceitatexto, db104_peso, db104_valorresposta, db104_identificadorcampo) VALUES (4000286, 4000181, '', 'dscLograd-4000286', true, 0, '', 'dscLograd');
INSERT INTO avaliacaoperguntaopcao (db104_sequencial, db104_avaliacaopergunta, db104_descricao, db104_identificador, db104_aceitatexto, db104_peso, db104_valorresposta, db104_identificadorcampo) VALUES (4000287, 4000182, '', 'nrLograd-4000287', true, 0, '', 'nrLograd');
INSERT INTO avaliacaoperguntaopcao (db104_sequencial, db104_avaliacaopergunta, db104_descricao, db104_identificador, db104_aceitatexto, db104_peso, db104_valorresposta, db104_identificadorcampo) VALUES (4000288, 4000183, '', 'complemento-4000288', true, 0, '', 'complemento');
INSERT INTO avaliacaoperguntaopcao (db104_sequencial, db104_avaliacaopergunta, db104_descricao, db104_identificador, db104_aceitatexto, db104_peso, db104_valorresposta, db104_identificadorcampo) VALUES (4000289, 4000184, '', 'bairro-4000289', true, 0, '', 'bairro');
INSERT INTO avaliacaoperguntaopcao (db104_sequencial, db104_avaliacaopergunta, db104_descricao, db104_identificador, db104_aceitatexto, db104_peso, db104_valorresposta, db104_identificadorcampo) VALUES (4000290, 4000185, '', 'nmCid-4000290', true, 0, '', 'nmCid');
INSERT INTO avaliacaoperguntaopcao (db104_sequencial, db104_avaliacaopergunta, db104_descricao, db104_identificador, db104_aceitatexto, db104_peso, db104_valorresposta, db104_identificadorcampo) VALUES (4000291, 4000186, '', 'codPostal-4000291', true, 0, '', 'codPostal');
INSERT INTO avaliacaoperguntaopcao (db104_sequencial, db104_avaliacaopergunta, db104_descricao, db104_identificador, db104_aceitatexto, db104_peso, db104_valorresposta, db104_identificadorcampo) VALUES (4000292, 4000187, '', 'dtChegada-4000292', true, 0, '', 'dtChegada');
INSERT INTO avaliacaoperguntaopcao (db104_sequencial, db104_avaliacaopergunta, db104_descricao, db104_identificador, db104_aceitatexto, db104_peso, db104_valorresposta, db104_identificadorcampo) VALUES (4000293, 4000188, 'Visto permanente', 'classTrabEstrang-1-4000293', false, 0, '1', 'classTrabEstrang-1');
INSERT INTO avaliacaoperguntaopcao (db104_sequencial, db104_avaliacaopergunta, db104_descricao, db104_identificador, db104_aceitatexto, db104_peso, db104_valorresposta, db104_identificadorcampo) VALUES (4000294, 4000188, 'Visto temporário', 'classTrabEstrang-2-4000294', false, 0, '2', 'classTrabEstrang-2');
INSERT INTO avaliacaoperguntaopcao (db104_sequencial, db104_avaliacaopergunta, db104_descricao, db104_identificador, db104_aceitatexto, db104_peso, db104_valorresposta, db104_identificadorcampo) VALUES (4000295, 4000188, 'Asilado', 'classTrabEstrang-3-4000295', false, 0, '3', 'classTrabEstrang-3');
INSERT INTO avaliacaoperguntaopcao (db104_sequencial, db104_avaliacaopergunta, db104_descricao, db104_identificador, db104_aceitatexto, db104_peso, db104_valorresposta, db104_identificadorcampo) VALUES (4000296, 4000188, 'Refugiado', 'classTrabEstrang-4-4000296', false, 0, '4', 'classTrabEstrang-4');
INSERT INTO avaliacaoperguntaopcao (db104_sequencial, db104_avaliacaopergunta, db104_descricao, db104_identificador, db104_aceitatexto, db104_peso, db104_valorresposta, db104_identificadorcampo) VALUES (4000297, 4000188, 'Solicitante de Refúgio', 'classTrabEstrang-5-4000297', false, 0, '5', 'classTrabEstrang-5');
INSERT INTO avaliacaoperguntaopcao (db104_sequencial, db104_avaliacaopergunta, db104_descricao, db104_identificador, db104_aceitatexto, db104_peso, db104_valorresposta, db104_identificadorcampo) VALUES (4000298, 4000188, 'Residente fora do Brasil', 'classTrabEstrang-6-4000298', false, 0, '6', 'classTrabEstrang-6');
INSERT INTO avaliacaoperguntaopcao (db104_sequencial, db104_avaliacaopergunta, db104_descricao, db104_identificador, db104_aceitatexto, db104_peso, db104_valorresposta, db104_identificadorcampo) VALUES (4000299, 4000188, 'Deficiente físico e com mais de 51 anos', 'classTrabEstrang-7-4000299', false, 0, '7', 'classTrabEstrang-7');
INSERT INTO avaliacaoperguntaopcao (db104_sequencial, db104_avaliacaopergunta, db104_descricao, db104_identificador, db104_aceitatexto, db104_peso, db104_valorresposta, db104_identificadorcampo) VALUES (4000300, 4000188, 'Com residência provisória e anistiado, em situação irregular', 'classTrabEstrang-8-4000300', false, 0, '8', 'classTrabEstrang-8');
INSERT INTO avaliacaoperguntaopcao (db104_sequencial, db104_avaliacaopergunta, db104_descricao, db104_identificador, db104_aceitatexto, db104_peso, db104_valorresposta, db104_identificadorcampo) VALUES (4000301, 4000188, 'Permanência no Brasil em razão de filhos ou cônjuge brasileiros', 'classTrabEstrang-9-4000301', false, 0, '9', 'classTrabEstrang-9');
INSERT INTO avaliacaoperguntaopcao (db104_sequencial, db104_avaliacaopergunta, db104_descricao, db104_identificador, db104_aceitatexto, db104_peso, db104_valorresposta, db104_identificadorcampo) VALUES (4000302, 4000188, 'Beneficiado pelo acordo entre países do Mercosul', 'classTrabEstrang-10-4000302', false, 0, '10', 'classTrabEstrang-10');
INSERT INTO avaliacaoperguntaopcao (db104_sequencial, db104_avaliacaopergunta, db104_descricao, db104_identificador, db104_aceitatexto, db104_peso, db104_valorresposta, db104_identificadorcampo) VALUES (4000303, 4000188, 'Dependente de agente diplomático e/ou consular de países que mantém convênio de reciprocidade para o exercício de atividade remunerada no Brasil', 'classTrabEstrang-11-4000303', false, 0, '11', 'classTrabEstrang-11');
INSERT INTO avaliacaoperguntaopcao (db104_sequencial, db104_avaliacaopergunta, db104_descricao, db104_identificador, db104_aceitatexto, db104_peso, db104_valorresposta, db104_identificadorcampo) VALUES (4000304, 4000188, 'Beneficiado pelo Tratado de Amizade, Cooperação e Consulta entre a República Federativa do Brasil e a República Portuguesa', 'classTrabEstrang-4000304', false, 0, '12', 'classTrabEstrang-12');
INSERT INTO avaliacaoperguntaopcao (db104_sequencial, db104_avaliacaopergunta, db104_descricao, db104_identificador, db104_aceitatexto, db104_peso, db104_valorresposta, db104_identificadorcampo) VALUES (4000305, 4000189, 'Sim', 'casadoBr-1-4000305', false, 0, 'S', 'casadoBr-1');
INSERT INTO avaliacaoperguntaopcao (db104_sequencial, db104_avaliacaopergunta, db104_descricao, db104_identificador, db104_aceitatexto, db104_peso, db104_valorresposta, db104_identificadorcampo) VALUES (4000306, 4000189, 'Não', 'casadoBr-2-4000306', false, 0, 'N', 'casadoBr-2');
INSERT INTO avaliacaoperguntaopcao (db104_sequencial, db104_avaliacaopergunta, db104_descricao, db104_identificador, db104_aceitatexto, db104_peso, db104_valorresposta, db104_identificadorcampo) VALUES (4000307, 4000190, 'Sim', 'filhosbr-1-4000307', false, 0, 'S', 'filhosbr-1');
INSERT INTO avaliacaoperguntaopcao (db104_sequencial, db104_avaliacaopergunta, db104_descricao, db104_identificador, db104_aceitatexto, db104_peso, db104_valorresposta, db104_identificadorcampo) VALUES (4000308, 4000190, 'Não', 'filhosbr-2-4000308', false, 0, 'N', 'filhosbr-2');
INSERT INTO avaliacaoperguntaopcao (db104_sequencial, db104_avaliacaopergunta, db104_descricao, db104_identificador, db104_aceitatexto, db104_peso, db104_valorresposta, db104_identificadorcampo) VALUES (4000309, 4000191, 'Sim', 'defFisica-1-4000309', false, 0, 'S', 'defFisica-1');
INSERT INTO avaliacaoperguntaopcao (db104_sequencial, db104_avaliacaopergunta, db104_descricao, db104_identificador, db104_aceitatexto, db104_peso, db104_valorresposta, db104_identificadorcampo) VALUES (4000310, 4000191, 'Não', 'defFisica-2-4000310', false, 0, 'N', 'defFisica-2');
INSERT INTO avaliacaoperguntaopcao (db104_sequencial, db104_avaliacaopergunta, db104_descricao, db104_identificador, db104_aceitatexto, db104_peso, db104_valorresposta, db104_identificadorcampo) VALUES (4000311, 4000192, 'Sim', 'defVisual-1-4000311', false, 0, 'S', 'defVisual-1');
INSERT INTO avaliacaoperguntaopcao (db104_sequencial, db104_avaliacaopergunta, db104_descricao, db104_identificador, db104_aceitatexto, db104_peso, db104_valorresposta, db104_identificadorcampo) VALUES (4000312, 4000192, 'Não', 'defVisual-2-4000312', false, 0, 'N', 'defVisual-2');
INSERT INTO avaliacaoperguntaopcao (db104_sequencial, db104_avaliacaopergunta, db104_descricao, db104_identificador, db104_aceitatexto, db104_peso, db104_valorresposta, db104_identificadorcampo) VALUES (4000313, 4000193, 'Sim', 'defAuditiva-1-4000313', false, 0, 'S', 'defAuditiva-1');
INSERT INTO avaliacaoperguntaopcao (db104_sequencial, db104_avaliacaopergunta, db104_descricao, db104_identificador, db104_aceitatexto, db104_peso, db104_valorresposta, db104_identificadorcampo) VALUES (4000314, 4000193, 'Não', 'defAuditiva-2-4000314', false, 0, 'N', 'defAuditiva-2');
INSERT INTO avaliacaoperguntaopcao (db104_sequencial, db104_avaliacaopergunta, db104_descricao, db104_identificador, db104_aceitatexto, db104_peso, db104_valorresposta, db104_identificadorcampo) VALUES (4000315, 4000194, 'Sim', 'defMental-1-4000315', false, 0, 'S', 'defMental-1');
INSERT INTO avaliacaoperguntaopcao (db104_sequencial, db104_avaliacaopergunta, db104_descricao, db104_identificador, db104_aceitatexto, db104_peso, db104_valorresposta, db104_identificadorcampo) VALUES (4000316, 4000194, 'Não', 'defMental-2-4000316', false, 0, 'N', 'defMental-2');
INSERT INTO avaliacaoperguntaopcao (db104_sequencial, db104_avaliacaopergunta, db104_descricao, db104_identificador, db104_aceitatexto, db104_peso, db104_valorresposta, db104_identificadorcampo) VALUES (4000317, 4000195, 'Sim', 'defIntelectual-1-4000317', false, 0, 'S', 'defIntelectual-1');
INSERT INTO avaliacaoperguntaopcao (db104_sequencial, db104_avaliacaopergunta, db104_descricao, db104_identificador, db104_aceitatexto, db104_peso, db104_valorresposta, db104_identificadorcampo) VALUES (4000318, 4000195, 'Não', 'defIntelectual-2-4000318', false, 0, 'N', 'defIntelectual-2');
INSERT INTO avaliacaoperguntaopcao (db104_sequencial, db104_avaliacaopergunta, db104_descricao, db104_identificador, db104_aceitatexto, db104_peso, db104_valorresposta, db104_identificadorcampo) VALUES (4000319, 4000196, 'Sim', 'reabReadap-1-4000319', false, 0, 'S', 'reabReadap-1');
INSERT INTO avaliacaoperguntaopcao (db104_sequencial, db104_avaliacaopergunta, db104_descricao, db104_identificador, db104_aceitatexto, db104_peso, db104_valorresposta, db104_identificadorcampo) VALUES (4000320, 4000196, 'Não', 'reabReadap-2-4000320', false, 0, 'N', 'reabReadap-2');
INSERT INTO avaliacaoperguntaopcao (db104_sequencial, db104_avaliacaopergunta, db104_descricao, db104_identificador, db104_aceitatexto, db104_peso, db104_valorresposta, db104_identificadorcampo) VALUES (4000321, 4000197, 'Sim', 'infoCota-1-4000321', false, 0, 'S', 'infoCota-1');
INSERT INTO avaliacaoperguntaopcao (db104_sequencial, db104_avaliacaopergunta, db104_descricao, db104_identificador, db104_aceitatexto, db104_peso, db104_valorresposta, db104_identificadorcampo) VALUES (4000322, 4000197, 'Não', 'infoCota-2-4000322', false, 0, 'N', 'infoCota-2');
INSERT INTO avaliacaoperguntaopcao (db104_sequencial, db104_avaliacaopergunta, db104_descricao, db104_identificador, db104_aceitatexto, db104_peso, db104_valorresposta, db104_identificadorcampo) VALUES (4000326, 4000202, '', 'observacao-4000326', true, 0, '', 'observacao');
INSERT INTO avaliacaoperguntaopcao (db104_sequencial, db104_avaliacaopergunta, db104_descricao, db104_identificador, db104_aceitatexto, db104_peso, db104_valorresposta, db104_identificadorcampo) VALUES (4000327, 4000203, 'Sim', 'trabAposent-1-4000327', false, 0, 'S', 'trabAposent-1');
INSERT INTO avaliacaoperguntaopcao (db104_sequencial, db104_avaliacaopergunta, db104_descricao, db104_identificador, db104_aceitatexto, db104_peso, db104_valorresposta, db104_identificadorcampo) VALUES (4000328, 4000203, 'Não', 'trabAposent-2-4000328', false, 0, 'N', 'trabAposent-2');
INSERT INTO avaliacaoperguntaopcao (db104_sequencial, db104_avaliacaopergunta, db104_descricao, db104_identificador, db104_aceitatexto, db104_peso, db104_valorresposta, db104_identificadorcampo) VALUES (4000329, 4000204, '', 'fonePrinc-4000329', true, 0, '', 'fonePrinc');
INSERT INTO avaliacaoperguntaopcao (db104_sequencial, db104_avaliacaopergunta, db104_descricao, db104_identificador, db104_aceitatexto, db104_peso, db104_valorresposta, db104_identificadorcampo) VALUES (4000330, 4000205, '', 'foneAlternat-4000330', true, 0, '', 'foneAlternat');
INSERT INTO avaliacaoperguntaopcao (db104_sequencial, db104_avaliacaopergunta, db104_descricao, db104_identificador, db104_aceitatexto, db104_peso, db104_valorresposta, db104_identificadorcampo) VALUES (4000332, 4000207, '', 'emailPrinc-4000332', true, 0, '', 'emailPrinc');
INSERT INTO avaliacaoperguntaopcao (db104_sequencial, db104_avaliacaopergunta, db104_descricao, db104_identificador, db104_aceitatexto, db104_peso, db104_valorresposta, db104_identificadorcampo) VALUES (4000334, 4000208, '', 'emailAlternat-4000334', true, 0, '', 'emailAlternat');
INSERT INTO avaliacaoperguntaopcao (db104_sequencial, db104_avaliacaopergunta, db104_descricao, db104_identificador, db104_aceitatexto, db104_peso, db104_valorresposta, db104_identificadorcampo) VALUES (4000335, 4000209, '', 'matricula-4000335', true, 0, '', 'matricula');
INSERT INTO avaliacaoperguntaopcao (db104_sequencial, db104_avaliacaopergunta, db104_descricao, db104_identificador, db104_aceitatexto, db104_peso, db104_valorresposta, db104_identificadorcampo) VALUES (4000336, 4000210, 'CLT - Consolidação das Leis de Trabalho e legislações trabalhistas específicas', 'tpRegTrab-1-4000336', false, 0, '1', 'tpRegTrab-1');
INSERT INTO avaliacaoperguntaopcao (db104_sequencial, db104_avaliacaopergunta, db104_descricao, db104_identificador, db104_aceitatexto, db104_peso, db104_valorresposta, db104_identificadorcampo) VALUES (4000337, 4000210, 'Estatutário', 'tpRegTrab-2-4000337', false, 0, '2', 'tpRegTrab-2');
INSERT INTO avaliacaoperguntaopcao (db104_sequencial, db104_avaliacaopergunta, db104_descricao, db104_identificador, db104_aceitatexto, db104_peso, db104_valorresposta, db104_identificadorcampo) VALUES (4000338, 4000211, 'Regime Geral da Previdência Social - RGPS', 'tpRegPrev-1-4000338', false, 0, '1', 'tpRegPrev-1');
INSERT INTO avaliacaoperguntaopcao (db104_sequencial, db104_avaliacaopergunta, db104_descricao, db104_identificador, db104_aceitatexto, db104_peso, db104_valorresposta, db104_identificadorcampo) VALUES (4000339, 4000211, 'Regime Próprio de Previdência Social - RPPS', 'tpRegPrev-2-4000339', false, 0, '2', 'tpRegPrev-2');
INSERT INTO avaliacaoperguntaopcao (db104_sequencial, db104_avaliacaopergunta, db104_descricao, db104_identificador, db104_aceitatexto, db104_peso, db104_valorresposta, db104_identificadorcampo) VALUES (4000340, 4000211, 'Regime de Previdência Social no Exterior', 'tpRegPrev-3-4000340', false, 0, '3', 'tpRegPrev-3');
INSERT INTO avaliacaoperguntaopcao (db104_sequencial, db104_avaliacaopergunta, db104_descricao, db104_identificador, db104_aceitatexto, db104_peso, db104_valorresposta, db104_identificadorcampo) VALUES (4000341, 4000212, '', 'nrRecInfPrelim-4000341', true, 0, '', 'nrRecInfPrelim');
INSERT INTO avaliacaoperguntaopcao (db104_sequencial, db104_avaliacaopergunta, db104_descricao, db104_identificador, db104_aceitatexto, db104_peso, db104_valorresposta, db104_identificadorcampo) VALUES (4000342, 4000213, 'Sim (Cadastramento Inicial)', 'cadIni-1-4000342', false, 0, 'S', 'cadIni-1');
INSERT INTO avaliacaoperguntaopcao (db104_sequencial, db104_avaliacaopergunta, db104_descricao, db104_identificador, db104_aceitatexto, db104_peso, db104_valorresposta, db104_identificadorcampo) VALUES (4000343, 4000213, 'Não (Admissão)', 'cadIni-2-4000343', false, 0, 'N', 'cadIni-2');
INSERT INTO avaliacaoperguntaopcao (db104_sequencial, db104_avaliacaopergunta, db104_descricao, db104_identificador, db104_aceitatexto, db104_peso, db104_valorresposta, db104_identificadorcampo) VALUES (4000344, 4000214, '', 'dtAdm-4000344', true, 0, '', 'dtAdm');
INSERT INTO avaliacaoperguntaopcao (db104_sequencial, db104_avaliacaopergunta, db104_descricao, db104_identificador, db104_aceitatexto, db104_peso, db104_valorresposta, db104_identificadorcampo) VALUES (4000345, 4000215, 'Admissão', 'tpAdmissao-1-4000345', false, 0, '1', 'tpAdmissao-1');
INSERT INTO avaliacaoperguntaopcao (db104_sequencial, db104_avaliacaopergunta, db104_descricao, db104_identificador, db104_aceitatexto, db104_peso, db104_valorresposta, db104_identificadorcampo) VALUES (4000346, 4000215, 'Transferência de empresa do mesmo grupo econômico', 'tpAdmissao-2-4000346', false, 0, '2', 'tpAdmissao-2');
INSERT INTO avaliacaoperguntaopcao (db104_sequencial, db104_avaliacaopergunta, db104_descricao, db104_identificador, db104_aceitatexto, db104_peso, db104_valorresposta, db104_identificadorcampo) VALUES (4000347, 4000215, 'Transferência de empresa consorciada ou de consórcio', 'tpAdmissao-3-4000347', false, 0, '3', 'tpAdmissao-3');
INSERT INTO avaliacaoperguntaopcao (db104_sequencial, db104_avaliacaopergunta, db104_descricao, db104_identificador, db104_aceitatexto, db104_peso, db104_valorresposta, db104_identificadorcampo) VALUES (4000348, 4000215, 'Transferência por motivo de sucessão, incorporação, cisão ou fusão', 'tpAdmissao-4-4000348', false, 0, '4', 'tpAdmissao-4');
INSERT INTO avaliacaoperguntaopcao (db104_sequencial, db104_avaliacaopergunta, db104_descricao, db104_identificador, db104_aceitatexto, db104_peso, db104_valorresposta, db104_identificadorcampo) VALUES (4000349, 4000215, 'Transferência do empregado doméstico para outro representante da mesma unidade familiar', 'tpAdmissao-5-4000349', false, 0, '5', 'tpAdmissao-5');
INSERT INTO avaliacaoperguntaopcao (db104_sequencial, db104_avaliacaopergunta, db104_descricao, db104_identificador, db104_aceitatexto, db104_peso, db104_valorresposta, db104_identificadorcampo) VALUES (4000350, 4000215, 'Mudança de CPF', 'tpAdmissao-6-4000350', false, 0, '6', 'tpAdmissao-6');
INSERT INTO avaliacaoperguntaopcao (db104_sequencial, db104_avaliacaopergunta, db104_descricao, db104_identificador, db104_aceitatexto, db104_peso, db104_valorresposta, db104_identificadorcampo) VALUES (4000351, 4000216, 'Normal', 'indAdmissao-1-4000351', false, 0, '1', 'indAdmissao-1');
INSERT INTO avaliacaoperguntaopcao (db104_sequencial, db104_avaliacaopergunta, db104_descricao, db104_identificador, db104_aceitatexto, db104_peso, db104_valorresposta, db104_identificadorcampo) VALUES (4000352, 4000216, 'Decorrente de Ação Fiscal', 'indAdmissao-2-4000352', false, 0, '2', 'indAdmissao-2');
INSERT INTO avaliacaoperguntaopcao (db104_sequencial, db104_avaliacaopergunta, db104_descricao, db104_identificador, db104_aceitatexto, db104_peso, db104_valorresposta, db104_identificadorcampo) VALUES (4000354, 4000217, 'Submetidos a Horário de Trabalho (Cap. II da CLT)', 'tpRegJor-1-4000354', false, 0, '1', 'tpRegJor-1');
INSERT INTO avaliacaoperguntaopcao (db104_sequencial, db104_avaliacaopergunta, db104_descricao, db104_identificador, db104_aceitatexto, db104_peso, db104_valorresposta, db104_identificadorcampo) VALUES (4000355, 4000217, 'Atividade Externa especificada no Inciso I do Art. 62 da CLT', 'tpRegJor-2-4000355', false, 0, '2', 'tpRegJor-2');
INSERT INTO avaliacaoperguntaopcao (db104_sequencial, db104_avaliacaopergunta, db104_descricao, db104_identificador, db104_aceitatexto, db104_peso, db104_valorresposta, db104_identificadorcampo) VALUES (4000356, 4000217, 'Funções especificadas no Inciso II do Art. 62 da CLT', 'tpRegJor-3-4000356', false, 0, '3', 'tpRegJor-3');
INSERT INTO avaliacaoperguntaopcao (db104_sequencial, db104_avaliacaopergunta, db104_descricao, db104_identificador, db104_aceitatexto, db104_peso, db104_valorresposta, db104_identificadorcampo) VALUES (4000357, 4000217, 'Teletrabalho, previsto no Inciso III do Art. 62 da CLT', 'tpRegJor-4-4000357', false, 0, '4', 'tpRegJor-4');
INSERT INTO avaliacaoperguntaopcao (db104_sequencial, db104_avaliacaopergunta, db104_descricao, db104_identificador, db104_aceitatexto, db104_peso, db104_valorresposta, db104_identificadorcampo) VALUES (4000358, 4000218, 'Trabalho Urbano', 'natAtividade-1-4000358', false, 0, '1', 'natAtividade-1');
INSERT INTO avaliacaoperguntaopcao (db104_sequencial, db104_avaliacaopergunta, db104_descricao, db104_identificador, db104_aceitatexto, db104_peso, db104_valorresposta, db104_identificadorcampo) VALUES (4000359, 4000218, 'Trabalho Rural', 'natAtividade-2-4000359', false, 0, '2', 'natAtividade-2');
INSERT INTO avaliacaoperguntaopcao (db104_sequencial, db104_avaliacaopergunta, db104_descricao, db104_identificador, db104_aceitatexto, db104_peso, db104_valorresposta, db104_identificadorcampo) VALUES (4000360, 4000219, '', 'dtBase-4000360', true, 0, '', 'dtBase');
INSERT INTO avaliacaoperguntaopcao (db104_sequencial, db104_avaliacaopergunta, db104_descricao, db104_identificador, db104_aceitatexto, db104_peso, db104_valorresposta, db104_identificadorcampo) VALUES (4000361, 4000220, '', 'cnpjSindCategProf-4000361', true, 0, '', 'cnpjSindCategProf');
INSERT INTO avaliacaoperguntaopcao (db104_sequencial, db104_avaliacaopergunta, db104_descricao, db104_identificador, db104_aceitatexto, db104_peso, db104_valorresposta, db104_identificadorcampo) VALUES (4000362, 4000221, 'Optante', 'opcFGTS-1-4000362', false, 0, '1', 'opcFGTS-1');
INSERT INTO avaliacaoperguntaopcao (db104_sequencial, db104_avaliacaopergunta, db104_descricao, db104_identificador, db104_aceitatexto, db104_peso, db104_valorresposta, db104_identificadorcampo) VALUES (4000363, 4000221, 'Não Optante', 'opcFGTS-2-4000363', false, 0, '2', 'opcFGTS-2');
INSERT INTO avaliacaoperguntaopcao (db104_sequencial, db104_avaliacaopergunta, db104_descricao, db104_identificador, db104_aceitatexto, db104_peso, db104_valorresposta, db104_identificadorcampo) VALUES (4000364, 4000222, '', 'dtOpcFGTS-4000364', true, 0, '', 'dtOpcFGTS');
INSERT INTO avaliacaoperguntaopcao (db104_sequencial, db104_avaliacaopergunta, db104_descricao, db104_identificador, db104_aceitatexto, db104_peso, db104_valorresposta, db104_identificadorcampo) VALUES (4000365, 4000223, 'Necessidade de substituição transitória de pessoal permanente', 'hipLeg-1-4000365', false, 0, '1', 'hipLeg-1');
INSERT INTO avaliacaoperguntaopcao (db104_sequencial, db104_avaliacaopergunta, db104_descricao, db104_identificador, db104_aceitatexto, db104_peso, db104_valorresposta, db104_identificadorcampo) VALUES (4000366, 4000223, 'Demanda complementar de serviços', 'hipLeg-2-4000366', false, 0, '2', 'hipLeg-2');
INSERT INTO avaliacaoperguntaopcao (db104_sequencial, db104_avaliacaopergunta, db104_descricao, db104_identificador, db104_aceitatexto, db104_peso, db104_valorresposta, db104_identificadorcampo) VALUES (4000368, 4000225, '', 'justContr-4000368', true, 0, '', 'justContr');
INSERT INTO avaliacaoperguntaopcao (db104_sequencial, db104_avaliacaopergunta, db104_descricao, db104_identificador, db104_aceitatexto, db104_peso, db104_valorresposta, db104_identificadorcampo) VALUES (4000369, 4000226, 'Locais sem filiais', 'tpInclContr-1-4000369', false, 0, '1', 'tpInclContr-1');
INSERT INTO avaliacaoperguntaopcao (db104_sequencial, db104_avaliacaopergunta, db104_descricao, db104_identificador, db104_aceitatexto, db104_peso, db104_valorresposta, db104_identificadorcampo) VALUES (4000370, 4000226, 'Estudo de mercado', 'tpInclContr-2-4000370', false, 0, '2', 'tpInclContr-2');
INSERT INTO avaliacaoperguntaopcao (db104_sequencial, db104_avaliacaopergunta, db104_descricao, db104_identificador, db104_aceitatexto, db104_peso, db104_valorresposta, db104_identificadorcampo) VALUES (4000371, 4000226, 'Contratação superior a 3 meses', 'tpInclContr-3-4000371', false, 0, '3', 'tpInclContr-3');
INSERT INTO avaliacaoperguntaopcao (db104_sequencial, db104_avaliacaopergunta, db104_descricao, db104_identificador, db104_aceitatexto, db104_peso, db104_valorresposta, db104_identificadorcampo) VALUES (4000372, 4000227, 'CNPJ', 'tpInsc-1-4000372', false, 0, '1', 'tpInsc-1');
INSERT INTO avaliacaoperguntaopcao (db104_sequencial, db104_avaliacaopergunta, db104_descricao, db104_identificador, db104_aceitatexto, db104_peso, db104_valorresposta, db104_identificadorcampo) VALUES (4000373, 4000227, 'CPF', 'tpInsc-2-4000373', false, 0, '2', 'tpInsc-2');
INSERT INTO avaliacaoperguntaopcao (db104_sequencial, db104_avaliacaopergunta, db104_descricao, db104_identificador, db104_aceitatexto, db104_peso, db104_valorresposta, db104_identificadorcampo) VALUES (4000375, 4000228, '', 'nrInsc-4000375', true, 0, '', 'nrInsc');
INSERT INTO avaliacaoperguntaopcao (db104_sequencial, db104_avaliacaopergunta, db104_descricao, db104_identificador, db104_aceitatexto, db104_peso, db104_valorresposta, db104_identificadorcampo) VALUES (4000377, 4000229, 'CPF', 'tpInsc-2-4000377', false, 0, '2', 'tpInsc-2');
INSERT INTO avaliacaoperguntaopcao (db104_sequencial, db104_avaliacaopergunta, db104_descricao, db104_identificador, db104_aceitatexto, db104_peso, db104_valorresposta, db104_identificadorcampo) VALUES (4000376, 4000229, 'CNPJ', 'tpInsc-1-4000376', false, 0, '1', 'tpInsc-1');
INSERT INTO avaliacaoperguntaopcao (db104_sequencial, db104_avaliacaopergunta, db104_descricao, db104_identificador, db104_aceitatexto, db104_peso, db104_valorresposta, db104_identificadorcampo) VALUES (4000378, 4000230, '', 'nrInsc-4000378', true, 0, '', 'nrInsc');
INSERT INTO avaliacaoperguntaopcao (db104_sequencial, db104_avaliacaopergunta, db104_descricao, db104_identificador, db104_aceitatexto, db104_peso, db104_valorresposta, db104_identificadorcampo) VALUES (4000379, 4000231, '', 'cpfTrabSubst-4000379', true, 0, '', 'cpfTrabSubst');
INSERT INTO avaliacaoperguntaopcao (db104_sequencial, db104_avaliacaopergunta, db104_descricao, db104_identificador, db104_aceitatexto, db104_peso, db104_valorresposta, db104_identificadorcampo) VALUES (4000380, 4000232, 'CNPJ', 'tpInsc-1-4000380', false, 0, '1', 'tpInsc-1');
INSERT INTO avaliacaoperguntaopcao (db104_sequencial, db104_avaliacaopergunta, db104_descricao, db104_identificador, db104_aceitatexto, db104_peso, db104_valorresposta, db104_identificadorcampo) VALUES (4000381, 4000232, 'CPF', 'tpInsc-2-4000381', false, 0, '2', 'tpInsc-2');
INSERT INTO avaliacaoperguntaopcao (db104_sequencial, db104_avaliacaopergunta, db104_descricao, db104_identificador, db104_aceitatexto, db104_peso, db104_valorresposta, db104_identificadorcampo) VALUES (4000382, 4000233, '', 'nrInsc-4000382', true, 0, '', 'nrInsc');
INSERT INTO avaliacaoperguntaopcao (db104_sequencial, db104_avaliacaopergunta, db104_descricao, db104_identificador, db104_aceitatexto, db104_peso, db104_valorresposta, db104_identificadorcampo) VALUES (4000383, 4000234, 'Normal', 'indProvim-1-4000383', false, 0, '1', 'indProvim-1');
INSERT INTO avaliacaoperguntaopcao (db104_sequencial, db104_avaliacaopergunta, db104_descricao, db104_identificador, db104_aceitatexto, db104_peso, db104_valorresposta, db104_identificadorcampo) VALUES (4000384, 4000234, 'Decorrente de Decisão Judicial', 'indProvim-2-4000384', false, 0, '2', 'indProvim-2');
INSERT INTO avaliacaoperguntaopcao (db104_sequencial, db104_avaliacaopergunta, db104_descricao, db104_identificador, db104_aceitatexto, db104_peso, db104_valorresposta, db104_identificadorcampo) VALUES (4000385, 4000235, 'Nomeação em cargo efetivo', 'tpProv-1-4000385', false, 0, '1', 'tpProv-1');
INSERT INTO avaliacaoperguntaopcao (db104_sequencial, db104_avaliacaopergunta, db104_descricao, db104_identificador, db104_aceitatexto, db104_peso, db104_valorresposta, db104_identificadorcampo) VALUES (4000386, 4000235, 'Nomeação em cargo em comissão', 'tpProv-2-4000386', false, 0, '2', 'tpProv-2');
INSERT INTO avaliacaoperguntaopcao (db104_sequencial, db104_avaliacaopergunta, db104_descricao, db104_identificador, db104_aceitatexto, db104_peso, db104_valorresposta, db104_identificadorcampo) VALUES (4000387, 4000235, 'Incorporação (militar)', 'tpProv-3-4000387', false, 0, '3', 'tpProv-3');
INSERT INTO avaliacaoperguntaopcao (db104_sequencial, db104_avaliacaopergunta, db104_descricao, db104_identificador, db104_aceitatexto, db104_peso, db104_valorresposta, db104_identificadorcampo) VALUES (4000388, 4000235, 'Matrícula (militar)', 'tpProv-4-4000388', false, 0, '4', 'tpProv-4');
INSERT INTO avaliacaoperguntaopcao (db104_sequencial, db104_avaliacaopergunta, db104_descricao, db104_identificador, db104_aceitatexto, db104_peso, db104_valorresposta, db104_identificadorcampo) VALUES (4000389, 4000235, 'Reinclusão (militar)', 'tpProv-5-4000389', false, 0, '5', 'tpProv-5');
INSERT INTO avaliacaoperguntaopcao (db104_sequencial, db104_avaliacaopergunta, db104_descricao, db104_identificador, db104_aceitatexto, db104_peso, db104_valorresposta, db104_identificadorcampo) VALUES (4000390, 4000235, 'Diplomação', 'tpProv-6-4000390', false, 0, '6', 'tpProv-6');
INSERT INTO avaliacaoperguntaopcao (db104_sequencial, db104_avaliacaopergunta, db104_descricao, db104_identificador, db104_aceitatexto, db104_peso, db104_valorresposta, db104_identificadorcampo) VALUES (4000391, 4000235, 'Outros não relacionados acima', 'tpProv-99-4000391', false, 0, '99', 'tpProv-99');
INSERT INTO avaliacaoperguntaopcao (db104_sequencial, db104_avaliacaopergunta, db104_descricao, db104_identificador, db104_aceitatexto, db104_peso, db104_valorresposta, db104_identificadorcampo) VALUES (4000392, 4000236, '', 'dtNomeacao-4000392', true, 0, '', 'dtNomeacao');
INSERT INTO avaliacaoperguntaopcao (db104_sequencial, db104_avaliacaopergunta, db104_descricao, db104_identificador, db104_aceitatexto, db104_peso, db104_valorresposta, db104_identificadorcampo) VALUES (4000393, 4000237, '', 'dtPosse-4000393', true, 0, '', 'dtPosse');
INSERT INTO avaliacaoperguntaopcao (db104_sequencial, db104_avaliacaopergunta, db104_descricao, db104_identificador, db104_aceitatexto, db104_peso, db104_valorresposta, db104_identificadorcampo) VALUES (4000394, 4000238, '', 'dtExercicio-4000394', true, 0, '', 'dtExercicio');
INSERT INTO avaliacaoperguntaopcao (db104_sequencial, db104_avaliacaopergunta, db104_descricao, db104_identificador, db104_aceitatexto, db104_peso, db104_valorresposta, db104_identificadorcampo) VALUES (4000395, 4000239, 'Plano previdenciário ou único', 'tpPlanRP-1-4000395', false, 0, '1', 'tpPlanRP-1');
INSERT INTO avaliacaoperguntaopcao (db104_sequencial, db104_avaliacaopergunta, db104_descricao, db104_identificador, db104_aceitatexto, db104_peso, db104_valorresposta, db104_identificadorcampo) VALUES (4000396, 4000239, 'Plano financeiro', 'tpPlanRP-2-4000396', false, 0, '2', 'tpPlanRP-2');
INSERT INTO avaliacaoperguntaopcao (db104_sequencial, db104_avaliacaopergunta, db104_descricao, db104_identificador, db104_aceitatexto, db104_peso, db104_valorresposta, db104_identificadorcampo) VALUES (4000397, 4000240, '', 'codCargo-4000397', true, 0, '', 'codCargo');
INSERT INTO avaliacaoperguntaopcao (db104_sequencial, db104_avaliacaopergunta, db104_descricao, db104_identificador, db104_aceitatexto, db104_peso, db104_valorresposta, db104_identificadorcampo) VALUES (4000398, 4000241, '', 'codFuncao-4000398', true, 0, '', 'codFuncao');
INSERT INTO avaliacaoperguntaopcao (db104_sequencial, db104_avaliacaopergunta, db104_descricao, db104_identificador, db104_aceitatexto, db104_peso, db104_valorresposta, db104_identificadorcampo) VALUES (4000399, 4000242, 'Empregado - Geral, inclusive o empregado público da administração direta ou indireta contratado pela CLT', 'codCateg-1-4000399', false, 0, '101', 'codCateg-1');
INSERT INTO avaliacaoperguntaopcao (db104_sequencial, db104_avaliacaopergunta, db104_descricao, db104_identificador, db104_aceitatexto, db104_peso, db104_valorresposta, db104_identificadorcampo) VALUES (4000400, 4000242, 'Empregado - Trabalhador Rural por Pequeno Prazo da Lei 11.718/2008', 'codCateg-2-4000400', false, 0, '102', 'codCateg-2');
INSERT INTO avaliacaoperguntaopcao (db104_sequencial, db104_avaliacaopergunta, db104_descricao, db104_identificador, db104_aceitatexto, db104_peso, db104_valorresposta, db104_identificadorcampo) VALUES (4000401, 4000242, 'Empregado - Aprendiz', 'codCateg-3-4000401', false, 0, '103', 'codCateg-3');
INSERT INTO avaliacaoperguntaopcao (db104_sequencial, db104_avaliacaopergunta, db104_descricao, db104_identificador, db104_aceitatexto, db104_peso, db104_valorresposta, db104_identificadorcampo) VALUES (4000402, 4000242, 'Empregado - Doméstico', 'codCateg-4-4000402', false, 0, '104', 'codCateg-4');
INSERT INTO avaliacaoperguntaopcao (db104_sequencial, db104_avaliacaopergunta, db104_descricao, db104_identificador, db104_aceitatexto, db104_peso, db104_valorresposta, db104_identificadorcampo) VALUES (4000403, 4000242, 'Empregado - contrato a termo firmado nos termos da Lei 9601/98', 'codCateg-5-4000403', false, 0, '105', 'codCateg-5');
INSERT INTO avaliacaoperguntaopcao (db104_sequencial, db104_avaliacaopergunta, db104_descricao, db104_identificador, db104_aceitatexto, db104_peso, db104_valorresposta, db104_identificadorcampo) VALUES (4000404, 4000242, 'Trabalhador Temporário - contrato por prazo determinado nos termos da Lei 6019/74', 'codCateg-6-4000404', false, 0, '106', 'codCateg-6');
INSERT INTO avaliacaoperguntaopcao (db104_sequencial, db104_avaliacaopergunta, db104_descricao, db104_identificador, db104_aceitatexto, db104_peso, db104_valorresposta, db104_identificadorcampo) VALUES (4000405, 4000242, 'Trabalhador Avulso Portuário', 'codCateg-7-4000405', false, 0, '201', 'codCateg-7');
INSERT INTO avaliacaoperguntaopcao (db104_sequencial, db104_avaliacaopergunta, db104_descricao, db104_identificador, db104_aceitatexto, db104_peso, db104_valorresposta, db104_identificadorcampo) VALUES (4000406, 4000242, 'Trabalhador Avulso Não Portuário', 'codCateg-8-4000406', false, 0, '202', 'codCateg-8');
INSERT INTO avaliacaoperguntaopcao (db104_sequencial, db104_avaliacaopergunta, db104_descricao, db104_identificador, db104_aceitatexto, db104_peso, db104_valorresposta, db104_identificadorcampo) VALUES (4000407, 4000242, 'Servidor Público Titular de Cargo Efetivo', 'codCateg-9-4000407', false, 0, '301', 'codCateg-9');
INSERT INTO avaliacaoperguntaopcao (db104_sequencial, db104_avaliacaopergunta, db104_descricao, db104_identificador, db104_aceitatexto, db104_peso, db104_valorresposta, db104_identificadorcampo) VALUES (4000408, 4000242, 'Servidor Público Ocupante de Cargo exclusivo em comissão', 'codCateg-10-4000408', false, 0, '302', 'codCateg-10');
INSERT INTO avaliacaoperguntaopcao (db104_sequencial, db104_avaliacaopergunta, db104_descricao, db104_identificador, db104_aceitatexto, db104_peso, db104_valorresposta, db104_identificadorcampo) VALUES (4000409, 4000242, 'Agente Político', 'codCateg-11-4000409', false, 0, '303', 'codCateg-11');
INSERT INTO avaliacaoperguntaopcao (db104_sequencial, db104_avaliacaopergunta, db104_descricao, db104_identificador, db104_aceitatexto, db104_peso, db104_valorresposta, db104_identificadorcampo) VALUES (4000410, 4000242, 'Servidor Público indicado para conselho ou órgão deliberativo', 'codCateg-12-4000410', false, 0, '305', 'codCateg-12');
INSERT INTO avaliacaoperguntaopcao (db104_sequencial, db104_avaliacaopergunta, db104_descricao, db104_identificador, db104_aceitatexto, db104_peso, db104_valorresposta, db104_identificadorcampo) VALUES (4000411, 4000242, 'Servidor Público Temporário, sujeito a regime administrativo especial definido em lei própria', 'codCateg-13-4000411', false, 0, '306', 'codCateg-13');
INSERT INTO avaliacaoperguntaopcao (db104_sequencial, db104_avaliacaopergunta, db104_descricao, db104_identificador, db104_aceitatexto, db104_peso, db104_valorresposta, db104_identificadorcampo) VALUES (4000412, 4000242, 'Militar efetivo', 'codCateg-14-4000412', false, 0, '307', 'codCateg-14');
INSERT INTO avaliacaoperguntaopcao (db104_sequencial, db104_avaliacaopergunta, db104_descricao, db104_identificador, db104_aceitatexto, db104_peso, db104_valorresposta, db104_identificadorcampo) VALUES (4000413, 4000242, 'Conscrito', 'codCateg-15-4000413', false, 0, '308', 'codCateg-15');
INSERT INTO avaliacaoperguntaopcao (db104_sequencial, db104_avaliacaopergunta, db104_descricao, db104_identificador, db104_aceitatexto, db104_peso, db104_valorresposta, db104_identificadorcampo) VALUES (4000414, 4000242, 'Agente Público - Outros', 'codCateg-16-4000414', false, 0, '309', 'codCateg-16');
INSERT INTO avaliacaoperguntaopcao (db104_sequencial, db104_avaliacaopergunta, db104_descricao, db104_identificador, db104_aceitatexto, db104_peso, db104_valorresposta, db104_identificadorcampo) VALUES (4000415, 4000242, 'Dirigente Sindical - informação prestada pelo Sindicato', 'codCateg-17-4000415', false, 0, '401', 'codCateg-17');
INSERT INTO avaliacaoperguntaopcao (db104_sequencial, db104_avaliacaopergunta, db104_descricao, db104_identificador, db104_aceitatexto, db104_peso, db104_valorresposta, db104_identificadorcampo) VALUES (4000416, 4000242, 'Trabalhador cedido - informação prestada pelo Cessionário', 'codCateg-18-4000416', false, 0, '410', 'codCateg-18');
INSERT INTO avaliacaoperguntaopcao (db104_sequencial, db104_avaliacaopergunta, db104_descricao, db104_identificador, db104_aceitatexto, db104_peso, db104_valorresposta, db104_identificadorcampo) VALUES (4000417, 4000242, 'Contribuinte individual - Autônomo em geral ou se enquadrado em uma das demais categorias de contribuinte individual', 'codCateg-19-4000417', false, 0, '701', 'codCateg-19');
INSERT INTO avaliacaoperguntaopcao (db104_sequencial, db104_avaliacaopergunta, db104_descricao, db104_identificador, db104_aceitatexto, db104_peso, db104_valorresposta, db104_identificadorcampo) VALUES (4000418, 4000242, 'Contribuinte individual - Transportador autônomo de passageiros', 'codCateg-20-4000418', false, 0, '711', 'codCateg-20');
INSERT INTO avaliacaoperguntaopcao (db104_sequencial, db104_avaliacaopergunta, db104_descricao, db104_identificador, db104_aceitatexto, db104_peso, db104_valorresposta, db104_identificadorcampo) VALUES (4000419, 4000242, 'Contribuinte individual - Transportador autônomo de carga', 'codCateg-21-4000419', false, 0, '712', 'codCateg-21');
INSERT INTO avaliacaoperguntaopcao (db104_sequencial, db104_avaliacaopergunta, db104_descricao, db104_identificador, db104_aceitatexto, db104_peso, db104_valorresposta, db104_identificadorcampo) VALUES (4000420, 4000242, 'Contribuinte individual - Diretor não empregado, com FGTS', 'codCateg-22-4000420', false, 0, '721', 'codCateg-22');
INSERT INTO avaliacaoperguntaopcao (db104_sequencial, db104_avaliacaopergunta, db104_descricao, db104_identificador, db104_aceitatexto, db104_peso, db104_valorresposta, db104_identificadorcampo) VALUES (4000421, 4000242, 'Contribuinte individual - Diretor não empregado, sem FGTS', 'codCateg-23-4000421', false, 0, '722', 'codCateg-23');
INSERT INTO avaliacaoperguntaopcao (db104_sequencial, db104_avaliacaopergunta, db104_descricao, db104_identificador, db104_aceitatexto, db104_peso, db104_valorresposta, db104_identificadorcampo) VALUES (4000422, 4000242, 'Contribuinte individual - empresários, sócios e membro de conselho de administração ou fiscal', 'codCateg-24-4000422', false, 0, '723', 'codCateg-24');
INSERT INTO avaliacaoperguntaopcao (db104_sequencial, db104_avaliacaopergunta, db104_descricao, db104_identificador, db104_aceitatexto, db104_peso, db104_valorresposta, db104_identificadorcampo) VALUES (4000423, 4000242, 'Contribuinte individual - Cooperado que presta serviços por intermédio de Cooperativa de Trabalho', 'codCateg-25-4000423', false, 0, '731', 'codCateg-25');
INSERT INTO avaliacaoperguntaopcao (db104_sequencial, db104_avaliacaopergunta, db104_descricao, db104_identificador, db104_aceitatexto, db104_peso, db104_valorresposta, db104_identificadorcampo) VALUES (4000424, 4000242, 'Contribuinte individual - Transportador Cooperado que presta serviços por intermédio de cooperativa de trabalho', 'codCateg-26-4000424', false, 0, '734', 'codCateg-26');
INSERT INTO avaliacaoperguntaopcao (db104_sequencial, db104_avaliacaopergunta, db104_descricao, db104_identificador, db104_aceitatexto, db104_peso, db104_valorresposta, db104_identificadorcampo) VALUES (4000425, 4000242, 'Contribuinte individual - Cooperado filiado a Cooperativa de Produção', 'codCateg-27-4000425', false, 0, '738', 'codCateg-27');
INSERT INTO avaliacaoperguntaopcao (db104_sequencial, db104_avaliacaopergunta, db104_descricao, db104_identificador, db104_aceitatexto, db104_peso, db104_valorresposta, db104_identificadorcampo) VALUES (4000426, 4000242, 'Contribuinte individual - Microempreendedor Individual', 'codCateg-28-4000426', false, 0, '741', 'codCateg-28');
INSERT INTO avaliacaoperguntaopcao (db104_sequencial, db104_avaliacaopergunta, db104_descricao, db104_identificador, db104_aceitatexto, db104_peso, db104_valorresposta, db104_identificadorcampo) VALUES (4000427, 4000242, 'Contribuinte individual - magistrado classista temporário da Justiça do Trabalho ou da Justiça Eleitoral', 'codCateg-29-4000427', false, 0, '751', 'codCateg-29');
INSERT INTO avaliacaoperguntaopcao (db104_sequencial, db104_avaliacaopergunta, db104_descricao, db104_identificador, db104_aceitatexto, db104_peso, db104_valorresposta, db104_identificadorcampo) VALUES (4000428, 4000242, 'Contribuinte individual - Associado eleito para direção de Cooperativa, associação ou entidade', 'codCateg-30-4000428', false, 0, '761', 'codCateg-30');
INSERT INTO avaliacaoperguntaopcao (db104_sequencial, db104_avaliacaopergunta, db104_descricao, db104_identificador, db104_aceitatexto, db104_peso, db104_valorresposta, db104_identificadorcampo) VALUES (4000429, 4000242, 'Contribuinte individual - Membro de conselho tutelar, nos termos da Lei no 8.069, de 13 de julho de 1990', 'codCateg-31-4000429', false, 0, '771', 'codCateg-31');
INSERT INTO avaliacaoperguntaopcao (db104_sequencial, db104_avaliacaopergunta, db104_descricao, db104_identificador, db104_aceitatexto, db104_peso, db104_valorresposta, db104_identificadorcampo) VALUES (4000430, 4000242, 'Ministro de confissão religiosa ou membro de vida consagrada, de congregação ou de ordem religiosa', 'codCateg-32-4000430', false, 0, '781', 'codCateg-32');
INSERT INTO avaliacaoperguntaopcao (db104_sequencial, db104_avaliacaopergunta, db104_descricao, db104_identificador, db104_aceitatexto, db104_peso, db104_valorresposta, db104_identificadorcampo) VALUES (4000431, 4000242, 'Estagiário', 'codCateg-33-4000431', false, 0, '901', 'codCateg-33');
INSERT INTO avaliacaoperguntaopcao (db104_sequencial, db104_avaliacaopergunta, db104_descricao, db104_identificador, db104_aceitatexto, db104_peso, db104_valorresposta, db104_identificadorcampo) VALUES (4000432, 4000242, 'Médico Residente', 'codCateg-34-4000432', false, 0, '902', 'codCateg-34');
INSERT INTO avaliacaoperguntaopcao (db104_sequencial, db104_avaliacaopergunta, db104_descricao, db104_identificador, db104_aceitatexto, db104_peso, db104_valorresposta, db104_identificadorcampo) VALUES (4000433, 4000242, 'Bolsista, nos termos da lei 8958/1994', 'codCateg-35-4000433', false, 0, '903', 'codCateg-35');
INSERT INTO avaliacaoperguntaopcao (db104_sequencial, db104_avaliacaopergunta, db104_descricao, db104_identificador, db104_aceitatexto, db104_peso, db104_valorresposta, db104_identificadorcampo) VALUES (4000434, 4000242, 'Participante de curso de formação, como etapa de concurso público, sem vínculo de emprego/estatutário', 'codCateg-36-4000434', false, 0, '904', 'codCateg-36');
INSERT INTO avaliacaoperguntaopcao (db104_sequencial, db104_avaliacaopergunta, db104_descricao, db104_identificador, db104_aceitatexto, db104_peso, db104_valorresposta, db104_identificadorcampo) VALUES (4000435, 4000242, 'Atleta não profissional em formação que receba bolsa', 'codCateg-37-4000435', false, 0, '905', 'codCateg-37');
INSERT INTO avaliacaoperguntaopcao (db104_sequencial, db104_avaliacaopergunta, db104_descricao, db104_identificador, db104_aceitatexto, db104_peso, db104_valorresposta, db104_identificadorcampo) VALUES (4000436, 4000243, '', 'codCarreira-4000436', true, 0, '', 'codCarreira');
INSERT INTO avaliacaoperguntaopcao (db104_sequencial, db104_avaliacaopergunta, db104_descricao, db104_identificador, db104_aceitatexto, db104_peso, db104_valorresposta, db104_identificadorcampo) VALUES (4000437, 4000244, '', 'dtIngrCarr-4000437', true, 0, '', 'dtIngrCarr');
INSERT INTO avaliacaoperguntaopcao (db104_sequencial, db104_avaliacaopergunta, db104_descricao, db104_identificador, db104_aceitatexto, db104_peso, db104_valorresposta, db104_identificadorcampo) VALUES (4000438, 4000245, '', 'vrSalFx-4000438', true, 0, '', 'vrSalFx');
INSERT INTO avaliacaoperguntaopcao (db104_sequencial, db104_avaliacaopergunta, db104_descricao, db104_identificador, db104_aceitatexto, db104_peso, db104_valorresposta, db104_identificadorcampo) VALUES (4000439, 4000246, 'Por Hora', 'undSalFixo-1-4000439', false, 0, '1', 'undSalFixo-1');
INSERT INTO avaliacaoperguntaopcao (db104_sequencial, db104_avaliacaopergunta, db104_descricao, db104_identificador, db104_aceitatexto, db104_peso, db104_valorresposta, db104_identificadorcampo) VALUES (4000440, 4000246, 'Por Dia', 'undSalFixo-2-4000440', false, 0, '2', 'undSalFixo-2');
INSERT INTO avaliacaoperguntaopcao (db104_sequencial, db104_avaliacaopergunta, db104_descricao, db104_identificador, db104_aceitatexto, db104_peso, db104_valorresposta, db104_identificadorcampo) VALUES (4000441, 4000246, 'Por Semana', 'undSalFixo-3-4000441', false, 0, '3', 'undSalFixo-3');
INSERT INTO avaliacaoperguntaopcao (db104_sequencial, db104_avaliacaopergunta, db104_descricao, db104_identificador, db104_aceitatexto, db104_peso, db104_valorresposta, db104_identificadorcampo) VALUES (4000442, 4000246, 'Por Quinzena', 'undSalFixo-4-4000442', false, 0, '4', 'undSalFixo-4');
INSERT INTO avaliacaoperguntaopcao (db104_sequencial, db104_avaliacaopergunta, db104_descricao, db104_identificador, db104_aceitatexto, db104_peso, db104_valorresposta, db104_identificadorcampo) VALUES (4000443, 4000246, 'Por Mês', 'undSalFixo-5-4000443', false, 0, '5', 'undSalFixo-5');
INSERT INTO avaliacaoperguntaopcao (db104_sequencial, db104_avaliacaopergunta, db104_descricao, db104_identificador, db104_aceitatexto, db104_peso, db104_valorresposta, db104_identificadorcampo) VALUES (4000444, 4000246, 'Por Tarefa', 'undSalFixo-6-4000444', false, 0, '6', 'undSalFixo-6');
INSERT INTO avaliacaoperguntaopcao (db104_sequencial, db104_avaliacaopergunta, db104_descricao, db104_identificador, db104_aceitatexto, db104_peso, db104_valorresposta, db104_identificadorcampo) VALUES (4000445, 4000246, 'Não aplicável - salário exclusivamente variável', 'undSalFixo-7-4000445', false, 0, '7', 'undSalFixo-7');
INSERT INTO avaliacaoperguntaopcao (db104_sequencial, db104_avaliacaopergunta, db104_descricao, db104_identificador, db104_aceitatexto, db104_peso, db104_valorresposta, db104_identificadorcampo) VALUES (4000446, 4000247, '', 'dscSalVar-4000446', true, 0, '', 'dscSalVar');
INSERT INTO avaliacaoperguntaopcao (db104_sequencial, db104_avaliacaopergunta, db104_descricao, db104_identificador, db104_aceitatexto, db104_peso, db104_valorresposta, db104_identificadorcampo) VALUES (4000447, 4000248, 'Prazo indeterminado', 'tpContr-1-4000447', false, 0, '1', 'tpContr-1');
INSERT INTO avaliacaoperguntaopcao (db104_sequencial, db104_avaliacaopergunta, db104_descricao, db104_identificador, db104_aceitatexto, db104_peso, db104_valorresposta, db104_identificadorcampo) VALUES (4000448, 4000248, 'Prazo determinado, definido em dias', 'tpContr-2-4000448', false, 0, '2', 'tpContr-2');
INSERT INTO avaliacaoperguntaopcao (db104_sequencial, db104_avaliacaopergunta, db104_descricao, db104_identificador, db104_aceitatexto, db104_peso, db104_valorresposta, db104_identificadorcampo) VALUES (4000449, 4000248, 'Prazo determinado, vinculado à ocorrência de um fato', 'tpContr-3-4000449', false, 0, '3', 'tpContr-3');
INSERT INTO avaliacaoperguntaopcao (db104_sequencial, db104_avaliacaopergunta, db104_descricao, db104_identificador, db104_aceitatexto, db104_peso, db104_valorresposta, db104_identificadorcampo) VALUES (4000450, 4000249, '', 'dtTerm-4000450', true, 0, '', 'dtTerm');
INSERT INTO avaliacaoperguntaopcao (db104_sequencial, db104_avaliacaopergunta, db104_descricao, db104_identificador, db104_aceitatexto, db104_peso, db104_valorresposta, db104_identificadorcampo) VALUES (4000451, 4000250, 'Sim', 'clauAssec-1-4000451', false, 0, 'S', 'clauAssec-1');
INSERT INTO avaliacaoperguntaopcao (db104_sequencial, db104_avaliacaopergunta, db104_descricao, db104_identificador, db104_aceitatexto, db104_peso, db104_valorresposta, db104_identificadorcampo) VALUES (4000452, 4000250, 'Não', 'clauAssec-2-4000452', false, 0, 'N', 'clauAssec-2');
INSERT INTO avaliacaoperguntaopcao (db104_sequencial, db104_avaliacaopergunta, db104_descricao, db104_identificador, db104_aceitatexto, db104_peso, db104_valorresposta, db104_identificadorcampo) VALUES (4000453, 4000251, '', 'objDet-4000453', true, 0, '', 'objDet');
INSERT INTO avaliacaoperguntaopcao (db104_sequencial, db104_avaliacaopergunta, db104_descricao, db104_identificador, db104_aceitatexto, db104_peso, db104_valorresposta, db104_identificadorcampo) VALUES (4000454, 4000252, 'CNPJ', 'tpInsc-1-4000454', false, 0, '1', 'tpInsc-1');
INSERT INTO avaliacaoperguntaopcao (db104_sequencial, db104_avaliacaopergunta, db104_descricao, db104_identificador, db104_aceitatexto, db104_peso, db104_valorresposta, db104_identificadorcampo) VALUES (4000455, 4000252, 'CAEPF (Cadastro de Atividade Econômica de Pessoa Física)', 'tpInsc-2-4000455', false, 0, '3', 'tpInsc-2');
INSERT INTO avaliacaoperguntaopcao (db104_sequencial, db104_avaliacaopergunta, db104_descricao, db104_identificador, db104_aceitatexto, db104_peso, db104_valorresposta, db104_identificadorcampo) VALUES (4000456, 4000252, 'CNO (Cadastro Nacional de Obra)', 'tpInsc-3-4000456', false, 0, '4', 'tpInsc-3');
INSERT INTO avaliacaoperguntaopcao (db104_sequencial, db104_avaliacaopergunta, db104_descricao, db104_identificador, db104_aceitatexto, db104_peso, db104_valorresposta, db104_identificadorcampo) VALUES (4000458, 4000253, '', 'nrInsc-4000458', true, 0, '', 'nrInsc');
INSERT INTO avaliacaoperguntaopcao (db104_sequencial, db104_avaliacaopergunta, db104_descricao, db104_identificador, db104_aceitatexto, db104_peso, db104_valorresposta, db104_identificadorcampo) VALUES (4000459, 4000254, '', 'descComp-4000459', true, 0, '', 'descComp');
INSERT INTO avaliacaoperguntaopcao (db104_sequencial, db104_avaliacaopergunta, db104_descricao, db104_identificador, db104_aceitatexto, db104_peso, db104_valorresposta, db104_identificadorcampo) VALUES (4000460, 4000255, '', 'tpLograd-4000460', true, 0, '', 'tpLograd');
INSERT INTO avaliacaoperguntaopcao (db104_sequencial, db104_avaliacaopergunta, db104_descricao, db104_identificador, db104_aceitatexto, db104_peso, db104_valorresposta, db104_identificadorcampo) VALUES (4000461, 4000256, '', 'dscLograd-4000461', true, 0, '', 'dscLograd');
INSERT INTO avaliacaoperguntaopcao (db104_sequencial, db104_avaliacaopergunta, db104_descricao, db104_identificador, db104_aceitatexto, db104_peso, db104_valorresposta, db104_identificadorcampo) VALUES (4000462, 4000257, '', 'nrLograd-4000462', true, 0, '', 'nrLograd');
INSERT INTO avaliacaoperguntaopcao (db104_sequencial, db104_avaliacaopergunta, db104_descricao, db104_identificador, db104_aceitatexto, db104_peso, db104_valorresposta, db104_identificadorcampo) VALUES (4000463, 4000258, '', 'complemento-4000463', true, 0, '', 'complemento');
INSERT INTO avaliacaoperguntaopcao (db104_sequencial, db104_avaliacaopergunta, db104_descricao, db104_identificador, db104_aceitatexto, db104_peso, db104_valorresposta, db104_identificadorcampo) VALUES (4000464, 4000259, '', 'bairro-4000464', true, 0, '', 'bairro');
INSERT INTO avaliacaoperguntaopcao (db104_sequencial, db104_avaliacaopergunta, db104_descricao, db104_identificador, db104_aceitatexto, db104_peso, db104_valorresposta, db104_identificadorcampo) VALUES (4000465, 4000260, '', 'cep-4000465', true, 0, '', 'cep');
INSERT INTO avaliacaoperguntaopcao (db104_sequencial, db104_avaliacaopergunta, db104_descricao, db104_identificador, db104_aceitatexto, db104_peso, db104_valorresposta, db104_identificadorcampo) VALUES (4000466, 4000261, '', 'codMunic-4000466', true, 0, '', 'codMunic');
INSERT INTO avaliacaoperguntaopcao (db104_sequencial, db104_avaliacaopergunta, db104_descricao, db104_identificador, db104_aceitatexto, db104_peso, db104_valorresposta, db104_identificadorcampo) VALUES (4000467, 4000262, '', 'uf-4000467', true, 0, '', 'uf');
INSERT INTO avaliacaoperguntaopcao (db104_sequencial, db104_avaliacaopergunta, db104_descricao, db104_identificador, db104_aceitatexto, db104_peso, db104_valorresposta, db104_identificadorcampo) VALUES (4000468, 4000263, '', 'qtdHrsSem-4000468', true, 0, '', 'qtdHrsSem');
INSERT INTO avaliacaoperguntaopcao (db104_sequencial, db104_avaliacaopergunta, db104_descricao, db104_identificador, db104_aceitatexto, db104_peso, db104_valorresposta, db104_identificadorcampo) VALUES (4000469, 4000264, 'Jornada com horário diário e folga fixos', 'tpJornada-1-4000469', false, 0, '1', 'tpJornada-1');
INSERT INTO avaliacaoperguntaopcao (db104_sequencial, db104_avaliacaopergunta, db104_descricao, db104_identificador, db104_aceitatexto, db104_peso, db104_valorresposta, db104_identificadorcampo) VALUES (4000470, 4000264, 'Jornada 12 x 36 (12 horas de trabalho seguidas de 36 horas ininterruptas de descanso)', 'tpJornada-2-4000470', false, 0, '2', 'tpJornada-2');
INSERT INTO avaliacaoperguntaopcao (db104_sequencial, db104_avaliacaopergunta, db104_descricao, db104_identificador, db104_aceitatexto, db104_peso, db104_valorresposta, db104_identificadorcampo) VALUES (4000471, 4000264, 'Jornada com horário diário fixo e folga variável', 'tpJornada-3-4000471', false, 0, '3', 'tpJornada-3');
INSERT INTO avaliacaoperguntaopcao (db104_sequencial, db104_avaliacaopergunta, db104_descricao, db104_identificador, db104_aceitatexto, db104_peso, db104_valorresposta, db104_identificadorcampo) VALUES (4000516, 4000171, 'Nenhuma', 'categoriaCnh-99-4000516', false, 0, 'N', 'categoriaCnh-99');
INSERT INTO avaliacaoperguntaopcao (db104_sequencial, db104_avaliacaopergunta, db104_descricao, db104_identificador, db104_aceitatexto, db104_peso, db104_valorresposta, db104_identificadorcampo) VALUES (4000472, 4000264, 'Demais tipos de jornada', 'tpJornada-4-4000472', false, 0, '9', 'tpJornada-4');
INSERT INTO avaliacaoperguntaopcao (db104_sequencial, db104_avaliacaopergunta, db104_descricao, db104_identificador, db104_aceitatexto, db104_peso, db104_valorresposta, db104_identificadorcampo) VALUES (4000473, 4000265, '', 'dscTpJorn-4000473', true, 0, '', 'dscTpJorn');
INSERT INTO avaliacaoperguntaopcao (db104_sequencial, db104_avaliacaopergunta, db104_descricao, db104_identificador, db104_aceitatexto, db104_peso, db104_valorresposta, db104_identificadorcampo) VALUES (4000474, 4000266, 'Não é contrato em tempo parcial', 'tmpParc-1-4000474', false, 0, '0', 'tmpParc-1');
INSERT INTO avaliacaoperguntaopcao (db104_sequencial, db104_avaliacaopergunta, db104_descricao, db104_identificador, db104_aceitatexto, db104_peso, db104_valorresposta, db104_identificadorcampo) VALUES (4000475, 4000266, 'Limitado a 25 horas semanais', 'tmpParc-2-4000475', false, 0, '1', 'tmpParc-2');
INSERT INTO avaliacaoperguntaopcao (db104_sequencial, db104_avaliacaopergunta, db104_descricao, db104_identificador, db104_aceitatexto, db104_peso, db104_valorresposta, db104_identificadorcampo) VALUES (4000476, 4000266, 'Limitado a 30 horas semanais', 'tmpParc-3-4000476', false, 0, '2', 'tmpParc-3');
INSERT INTO avaliacaoperguntaopcao (db104_sequencial, db104_avaliacaopergunta, db104_descricao, db104_identificador, db104_aceitatexto, db104_peso, db104_valorresposta, db104_identificadorcampo) VALUES (4000477, 4000266, 'Limitado a 26 horas semanais', 'tmpParc-4-4000477', false, 0, '3', 'tmpParc-4');
INSERT INTO avaliacaoperguntaopcao (db104_sequencial, db104_avaliacaopergunta, db104_descricao, db104_identificador, db104_aceitatexto, db104_peso, db104_valorresposta, db104_identificadorcampo) VALUES (4000478, 4000267, 'Segunda-Feira', 'dia-1-4000478', false, 0, '1', 'dia-1');
INSERT INTO avaliacaoperguntaopcao (db104_sequencial, db104_avaliacaopergunta, db104_descricao, db104_identificador, db104_aceitatexto, db104_peso, db104_valorresposta, db104_identificadorcampo) VALUES (4000479, 4000267, 'Terça-Feira', 'dia-2-4000479', false, 0, '2', 'dia-2');
INSERT INTO avaliacaoperguntaopcao (db104_sequencial, db104_avaliacaopergunta, db104_descricao, db104_identificador, db104_aceitatexto, db104_peso, db104_valorresposta, db104_identificadorcampo) VALUES (4000480, 4000267, 'Quarta-Feira', 'dia-3-4000480', false, 0, '3', 'dia-3');
INSERT INTO avaliacaoperguntaopcao (db104_sequencial, db104_avaliacaopergunta, db104_descricao, db104_identificador, db104_aceitatexto, db104_peso, db104_valorresposta, db104_identificadorcampo) VALUES (4000481, 4000267, 'Quinta-Feira', 'dia-4-4000481', false, 0, '4', 'dia-4');
INSERT INTO avaliacaoperguntaopcao (db104_sequencial, db104_avaliacaopergunta, db104_descricao, db104_identificador, db104_aceitatexto, db104_peso, db104_valorresposta, db104_identificadorcampo) VALUES (4000482, 4000267, 'Sexta-Feira', 'dia-5-4000482', false, 0, '5', 'dia-5');
INSERT INTO avaliacaoperguntaopcao (db104_sequencial, db104_avaliacaopergunta, db104_descricao, db104_identificador, db104_aceitatexto, db104_peso, db104_valorresposta, db104_identificadorcampo) VALUES (4000483, 4000267, 'Sábado', 'dia-6-4000483', false, 0, '6', 'dia-6');
INSERT INTO avaliacaoperguntaopcao (db104_sequencial, db104_avaliacaopergunta, db104_descricao, db104_identificador, db104_aceitatexto, db104_peso, db104_valorresposta, db104_identificadorcampo) VALUES (4000484, 4000267, 'Domingo', 'dia-7-4000484', false, 0, '7', 'dia-7');
INSERT INTO avaliacaoperguntaopcao (db104_sequencial, db104_avaliacaopergunta, db104_descricao, db104_identificador, db104_aceitatexto, db104_peso, db104_valorresposta, db104_identificadorcampo) VALUES (4000485, 4000267, 'Dia variável', 'dia-8-4000485', false, 0, '8', 'dia-8');
INSERT INTO avaliacaoperguntaopcao (db104_sequencial, db104_avaliacaopergunta, db104_descricao, db104_identificador, db104_aceitatexto, db104_peso, db104_valorresposta, db104_identificadorcampo) VALUES (4000486, 4000268, '', 'codHorContrat-4000486', true, 0, '', 'codHorContrat');
INSERT INTO avaliacaoperguntaopcao (db104_sequencial, db104_avaliacaopergunta, db104_descricao, db104_identificador, db104_aceitatexto, db104_peso, db104_valorresposta, db104_identificadorcampo) VALUES (4000487, 4000269, '', 'cnpjSindTrab-4000487', true, 0, '', 'cnpjSindTrab');
INSERT INTO avaliacaoperguntaopcao (db104_sequencial, db104_avaliacaopergunta, db104_descricao, db104_identificador, db104_aceitatexto, db104_peso, db104_valorresposta, db104_identificadorcampo) VALUES (4000488, 4000270, '', 'nrProcJud-4000488', true, 0, '', 'nrProcJud');
INSERT INTO avaliacaoperguntaopcao (db104_sequencial, db104_avaliacaopergunta, db104_descricao, db104_identificador, db104_aceitatexto, db104_peso, db104_valorresposta, db104_identificadorcampo) VALUES (4000489, 4000271, '', 'observacao-4000489', true, 0, '', 'observacao');
INSERT INTO avaliacaoperguntaopcao (db104_sequencial, db104_avaliacaopergunta, db104_descricao, db104_identificador, db104_aceitatexto, db104_peso, db104_valorresposta, db104_identificadorcampo) VALUES (4000490, 4000272, 'CNPJ', 'tpInscAnt-1-4000490', false, 0, '1', 'tpInscAnt-1');
INSERT INTO avaliacaoperguntaopcao (db104_sequencial, db104_avaliacaopergunta, db104_descricao, db104_identificador, db104_aceitatexto, db104_peso, db104_valorresposta, db104_identificadorcampo) VALUES (4000491, 4000272, 'CPF', 'tpInscAnt-2-4000491', false, 0, '2', 'tpInscAnt-2');
INSERT INTO avaliacaoperguntaopcao (db104_sequencial, db104_avaliacaopergunta, db104_descricao, db104_identificador, db104_aceitatexto, db104_peso, db104_valorresposta, db104_identificadorcampo) VALUES (4000492, 4000272, 'CGC', 'tpInscAnt-3-4000492', false, 0, '5', 'tpInscAnt-3');
INSERT INTO avaliacaoperguntaopcao (db104_sequencial, db104_avaliacaopergunta, db104_descricao, db104_identificador, db104_aceitatexto, db104_peso, db104_valorresposta, db104_identificadorcampo) VALUES (4000493, 4000273, '', 'cnpjEmpregAnt-4000493', true, 0, '', 'cnpjEmpregAnt');
INSERT INTO avaliacaoperguntaopcao (db104_sequencial, db104_avaliacaopergunta, db104_descricao, db104_identificador, db104_aceitatexto, db104_peso, db104_valorresposta, db104_identificadorcampo) VALUES (4000494, 4000274, '', 'matricAnt-4000494', true, 0, '', 'matricAnt');
INSERT INTO avaliacaoperguntaopcao (db104_sequencial, db104_avaliacaopergunta, db104_descricao, db104_identificador, db104_aceitatexto, db104_peso, db104_valorresposta, db104_identificadorcampo) VALUES (4000495, 4000275, '', 'dtTransf-4000495', true, 0, '', 'dtTransf');
INSERT INTO avaliacaoperguntaopcao (db104_sequencial, db104_avaliacaopergunta, db104_descricao, db104_identificador, db104_aceitatexto, db104_peso, db104_valorresposta, db104_identificadorcampo) VALUES (4000497, 4000277, '', 'observacao-4000497', true, 0, '', 'observacao');
INSERT INTO avaliacaoperguntaopcao (db104_sequencial, db104_avaliacaopergunta, db104_descricao, db104_identificador, db104_aceitatexto, db104_peso, db104_valorresposta, db104_identificadorcampo) VALUES (4000498, 4000278, '', 'cpfSubstituido-4000498', true, 0, '', 'cpfSubstituido');
INSERT INTO avaliacaoperguntaopcao (db104_sequencial, db104_avaliacaopergunta, db104_descricao, db104_identificador, db104_aceitatexto, db104_peso, db104_valorresposta, db104_identificadorcampo) VALUES (4000499, 4000279, '', 'matricAnt-4000499', true, 0, '', 'matricAnt');
INSERT INTO avaliacaoperguntaopcao (db104_sequencial, db104_avaliacaopergunta, db104_descricao, db104_identificador, db104_aceitatexto, db104_peso, db104_valorresposta, db104_identificadorcampo) VALUES (4000500, 4000280, '', 'dtTransf-4000500', true, 0, '', 'dtTransf');
INSERT INTO avaliacaoperguntaopcao (db104_sequencial, db104_avaliacaopergunta, db104_descricao, db104_identificador, db104_aceitatexto, db104_peso, db104_valorresposta, db104_identificadorcampo) VALUES (4000501, 4000281, '', 'cpfAnt-4000501', true, 0, '', 'cpfAnt');
INSERT INTO avaliacaoperguntaopcao (db104_sequencial, db104_avaliacaopergunta, db104_descricao, db104_identificador, db104_aceitatexto, db104_peso, db104_valorresposta, db104_identificadorcampo) VALUES (4000502, 4000282, '', 'matricAnt-4000502', true, 0, '', 'matricAnt');
INSERT INTO avaliacaoperguntaopcao (db104_sequencial, db104_avaliacaopergunta, db104_descricao, db104_identificador, db104_aceitatexto, db104_peso, db104_valorresposta, db104_identificadorcampo) VALUES (4000503, 4000283, '', 'dtAltCPF-4000503', true, 0, '', 'dtAltCPF');
INSERT INTO avaliacaoperguntaopcao (db104_sequencial, db104_avaliacaopergunta, db104_descricao, db104_identificador, db104_aceitatexto, db104_peso, db104_valorresposta, db104_identificadorcampo) VALUES (4000505, 4000285, '', 'observacao-4000505', true, 0, '', 'observacao');
INSERT INTO avaliacaoperguntaopcao (db104_sequencial, db104_avaliacaopergunta, db104_descricao, db104_identificador, db104_aceitatexto, db104_peso, db104_valorresposta, db104_identificadorcampo) VALUES (4000506, 4000286, '', 'dtIniAfast-4000506', true, 0, '', 'dtIniAfast');
INSERT INTO avaliacaoperguntaopcao (db104_sequencial, db104_avaliacaopergunta, db104_descricao, db104_identificador, db104_aceitatexto, db104_peso, db104_valorresposta, db104_identificadorcampo) VALUES (4000508, 4000288, '', 'dtDeslig-4000508', true, 0, '', 'dtDeslig');
INSERT INTO avaliacaoperguntaopcao (db104_sequencial, db104_avaliacaopergunta, db104_descricao, db104_identificador, db104_aceitatexto, db104_peso, db104_valorresposta, db104_identificadorcampo) VALUES (4000509, 4000287, 'Acidente/Doença do trabalho', 'codMotAfast-1-4000509', false, 0, '01', 'codMotAfast-1');
INSERT INTO avaliacaoperguntaopcao (db104_sequencial, db104_avaliacaopergunta, db104_descricao, db104_identificador, db104_aceitatexto, db104_peso, db104_valorresposta, db104_identificadorcampo) VALUES (4000513, 4000166, '', 'nrRegCnh-4000513', true, 0, '', 'nrRegCnh');
INSERT INTO avaliacaoperguntaopcao (db104_sequencial, db104_avaliacaopergunta, db104_descricao, db104_identificador, db104_aceitatexto, db104_peso, db104_valorresposta, db104_identificadorcampo) VALUES (4000514, 4000168, '', 'ufCnh-4000514', true, 0, '', 'ufCnh');
INSERT INTO avaliacaoperguntaopcao (db104_sequencial, db104_avaliacaopergunta, db104_descricao, db104_identificador, db104_aceitatexto, db104_peso, db104_valorresposta, db104_identificadorcampo) VALUES (4000515, 4000169, '', 'dtValid-4000515', true, 0, '', 'dtValid');
INSERT INTO avaliacaoperguntaopcao (db104_sequencial, db104_avaliacaopergunta, db104_descricao, db104_identificador, db104_aceitatexto, db104_peso, db104_valorresposta, db104_identificadorcampo) VALUES (4000517, 4000234, 'Nenhuma', 'indProvim-N-4000517', true, 0, 'N', 'indProvim-N');
INSERT INTO avaliacaoperguntaopcao (db104_sequencial, db104_avaliacaopergunta, db104_descricao, db104_identificador, db104_aceitatexto, db104_peso, db104_valorresposta, db104_identificadorcampo) VALUES (4000518, 4000235, 'Nenhuma', 'tpProv-N-4000518', true, 0, 'N', 'tpProv-N');
INSERT INTO avaliacaoperguntaopcao (db104_sequencial, db104_avaliacaopergunta, db104_descricao, db104_identificador, db104_aceitatexto, db104_peso, db104_valorresposta, db104_identificadorcampo) VALUES (4000353, 4000216, 'Decorrente de Processo Trabalhista', 'indAdmissao-3-4000353', false, 0, '3', 'indAdmissao-3');
INSERT INTO avaliacaoperguntaopcao (db104_sequencial, db104_avaliacaopergunta, db104_descricao, db104_identificador, db104_aceitatexto, db104_peso, db104_valorresposta, db104_identificadorcampo) VALUES (4000519, 4000289, '', 'nrProcTrab-4000519', true, 0, '', 'nrProcTrab');
 
COMMIT;*/