/**
 * Arquivo pre da nova versao
 */

insert into db_sysarquivo values (3703, 'turmacenso', 'Vincula as turmas que utilizam a mesma sala/dependência no mesmo turno e as identifica como uma única turma.', 'ed342', '2014-05-13', 'Turma Censo', 0, 'f', 'f', 'f', 'f' );
insert into db_sysarqmod values (1008004,3703);
insert into db_sysarquivo values (3704, 'turmacensoturma', 'Turmas vinculadas a turma censo', 'ed343', '2014-05-13', 'Turma censo turma', 0, 'f', 'f', 'f', 'f' );
insert into db_sysarqmod values (1008004,3704);
insert into db_syscampo values(20581,'ed342_sequencial','int4','Código sequencial','0', 'Código',10,'f','f','f',1,'text','Código');
insert into db_syscampo values(20582,'ed342_nome','varchar(80)','Novo nome para representar as turmas vinculadas. ','', 'Nome da Turma',80,'f','t','f',0,'text','Nome da Turma');
insert into db_syscampo values(20583,'ed342_censoetapa','int4','Etapa do Censo','0', 'Etapa Censo',10,'f','f','f',1,'text','Etapa Censo');
insert into db_syscampo values(20584,'ed343_sequencia','int4','Código sequencial','0', 'Código',10,'f','f','f',1,'text','Código');
insert into db_syscampo values(20586,'ed343_turmacenso','int4','Vinculo com Turma Censo','0', 'Turma Censo',10,'f','f','f',1,'text','');
insert into db_syscampo values(20587,'ed343_turma','int4','Vinculo com Turma','0', 'Turma',10,'f','f','f',1,'text','Turma');
insert into db_syscampo values(20588,'ed343_principal','bool','Identifica a turma principal','f', 'Principal',1,'f','f','f',5,'text','Principal');
insert into db_sysarqcamp values(3703,20581,1,0);
insert into db_sysarqcamp values(3703,20583,2,0);
insert into db_sysarqcamp values(3703,20582,3,0);
insert into db_sysprikey (codarq,codcam,sequen,camiden) values(3703,20581,1,20582);
insert into db_sysforkey values(3703,20583,1,2413,0);
insert into db_sysindices values(4063,'turmacenso_censoetapa_in',3703,'0');
insert into db_syscadind values(4063,20583,1);
insert into db_sysarqcamp values(3704,20584,1,0);
insert into db_sysarqcamp values(3704,20586,2,0);
insert into db_sysarqcamp values(3704,20587,3,0);
insert into db_sysarqcamp values(3704,20588,4,0);
insert into db_sysprikey (codarq,codcam,sequen,camiden) values(3704,20584,1,20584);
insert into db_sysforkey values(3704,20586,1,3703,0);
insert into db_sysforkey values(3704,20587,1,1010083,0);
insert into db_sysindices values(4064,'turmacensoturma_turmacenso_in',3704,'0');
insert into db_syscadind values(4064,20586,1);
insert into db_sysindices values(4065,'turmacensoturma_turma_in',3704,'0');
insert into db_syscadind values(4065,20587,1);
insert into db_syssequencia values(1000365, 'turmacenso_ed342_sequencial_seq', 1, 1, 9223372036854775807, 1, 1);
update db_sysarqcamp set codsequencia = 1000365 where codarq = 3703 and codcam = 20581;
insert into db_syssequencia values(1000366, 'turmacensoturma_ed343_sequencia_seq', 1, 1, 9223372036854775807, 1, 1);
update db_sysarqcamp set codsequencia = 1000366 where codarq = 3704 and codcam = 20584;

insert into db_sysarquivo values (3706, 'funcaoatividade', 'Função exercida de acordo com uma atividade.', 'ed119', '2014-05-13', 'funcaoatividade', 0, 'f', 'f', 'f', 'f' );
insert into db_sysarqmod values (1008004,3706);
insert into db_syscampo values(20594,'ed119_sequencial','int4','Código de funcaoatividade.','0', 'Código',10,'f','f','f',1,'text','Código');
insert into db_syscampo values(20595,'ed119_descricao','varchar(100)','Descrição da função.','', 'Descrição',100,'f','t','f',0,'text','Descrição');
insert into db_syscampo values(20596,'ed119_docente','bool','Informa se a função é docente ou não.','f', 'Docente',1,'f','f','f',5,'text','Docente');
delete from db_sysarqcamp where codarq = 3706;
insert into db_sysarqcamp values(3706,20594,1,0);
insert into db_sysarqcamp values(3706,20595,2,0);
insert into db_sysarqcamp values(3706,20596,3,0);
delete from db_sysprikey where codarq = 3706;
insert into db_sysprikey (codarq,codcam,sequen,camiden) values(3706,20594,1,20595);

CREATE TABLE funcaoatividade(
ed119_sequencial  int4 NOT NULL default 0,
ed119_descricao   varchar(100) NOT NULL ,
ed119_docente     bool default 'f',
CONSTRAINT funcaoatividade_sequ_pk PRIMARY KEY (ed119_sequencial));

insert into funcaoatividade VALUES (0, 'Nenhum', false);
insert into funcaoatividade VALUES (1, 'Docente', true);
insert into funcaoatividade VALUES (2, 'Auxiliar/Assistente Educacional', false);
insert into funcaoatividade VALUES (3, 'Profissional/Monitor de Atividade Complementar', false);
insert into funcaoatividade VALUES (4, 'Tradutor Interprete de LIBRAS', false);

insert into db_syscampo values(20597,'ed01_funcaoatividade','int4','Função exercida pela atividade.','0', 'Função',10,'f','f','f',1,'text','Função');
delete from db_sysarqcamp where codarq = 1010095;
insert into db_sysarqcamp values(1010095,1008539,1,1000158);
insert into db_sysarqcamp values(1010095,1008540,2,0);
insert into db_sysarqcamp values(1010095,1008541,3,0);
insert into db_sysarqcamp values(1010095,1008542,4,0);
insert into db_sysarqcamp values(1010095,19584,5,0);
insert into db_sysarqcamp values(1010095,14572,6,0);
insert into db_sysarqcamp values(1010095,14582,7,0);
insert into db_sysarqcamp values(1010095,18535,8,0);
insert into db_sysarqcamp values(1010095,20597,9,0);
delete from db_sysforkey where codarq = 1010095 and referen = 0;
insert into db_sysforkey values(1010095,20597,1,3706,0);
insert into db_sysindices values(4068,'atividaderh_funcaoatividade_in',1010095,'0');
insert into db_syscadind values(4068,20597,1);



insert into db_itensmenu ( id_item ,descricao ,help ,funcao ,itemativo ,manutencao ,desctec ,libcliente ) values ( 9948 ,'Multietapa de Ensinos Diferentes' ,'Multietapa de Ensinos Diferentes' ,'' ,'1' ,'1' ,'Vincula uma ou mais turmas que compartilham de uma mesma sala criando assim um novo identificador para turma. Este vínculo passa a ser a turma.' ,'true' );
insert into db_menu ( id_item ,id_item_filho ,menusequencia ,modulo ) values ( 1100873 ,9948 ,5 ,1100747 );
insert into db_itensmenu ( id_item ,descricao ,help ,funcao ,itemativo ,manutencao ,desctec ,libcliente ) values ( 9949 ,'Inclusão/Alteração' ,'Inclusão/Alteração' ,'edu1_turmacenso001.php?db_opcao=1' ,'1' ,'1' ,'Inclusão' ,'true' );
insert into db_menu ( id_item ,id_item_filho ,menusequencia ,modulo ) values ( 9948 ,9949 ,1 ,1100747 );
insert into db_itensmenu ( id_item ,descricao ,help ,funcao ,itemativo ,manutencao ,desctec ,libcliente ) values ( 9951 ,'Exclusão' ,'Exclusão' ,'edu1_turmacenso001.php?db_opcao=3' ,'1' ,'1' ,'Exclusão' ,'true' );
insert into db_menu ( id_item ,id_item_filho ,menusequencia ,modulo ) values ( 9948 ,9951 ,3 ,1100747 );

/**
 * Estrutura turmaachorarioprofissional
 */
insert into db_sysarquivo values (3709, 'turmaachorarioprofissional', 'Cadastra o horário de um profissional e sua função, em uma turma AC/AEE.', 'ed346', '2014-05-14', 'turmaachorarioprofissional', 0, 'f', 'f', 'f', 'f' );
insert into db_sysarqmod values (1008004,3709);
insert into db_syscampo values(20603,'ed346_sequencial','int4','Código do vínculo de um profissional com uma turma AC/AEE.','0', 'Código',10,'f','f','f',1,'text','Código');
insert into db_syscampo values(20604,'ed346_turmaac','int4','Turma AC / AEE que o profissional estará vinculado.','0', 'Turma AC / AEE',10,'f','f','f',1,'text','Turma AC / AEE');
insert into db_syscampo values(20605,'ed346_funcaoatividade','int4','Código da função exercida pelo profissional na turma.','0', 'Função',10,'f','f','f',1,'text','Função');
insert into db_syscampo values(20606,'ed346_rechumano','int4','Código do profissional (recurso humano).','0', 'Profissional',10,'f','f','f',1,'text','Profissional');
insert into db_syscampo values(20607,'ed346_diasemana','int4','Código do dia da semana.','0', 'Dia da Semana',10,'f','f','f',1,'text','Dia da Semana');
insert into db_syscampo values(20608,'ed346_horainicial','char(5)','Hora inicial do profissional na turma.','', 'Hora Inicial',5,'f','t','f',0,'text','Hora Inicial');
insert into db_syscampo values(20609,'ed346_horafinal','char(5)','Hora final do profissional na turma.','', 'Hora Final',5,'f','t','f',0,'text','Hora Final');
delete from db_sysarqcamp where codarq = 3709;
insert into db_sysarqcamp values(3709,20603,1,0);
insert into db_sysarqcamp values(3709,20604,2,0);
insert into db_sysarqcamp values(3709,20605,3,0);
insert into db_sysarqcamp values(3709,20606,4,0);
insert into db_sysarqcamp values(3709,20607,5,0);
insert into db_sysarqcamp values(3709,20608,6,0);
insert into db_sysarqcamp values(3709,20609,7,0);
delete from db_sysprikey where codarq = 3709;
insert into db_sysprikey (codarq,codcam,sequen,camiden) values(3709,20603,1,20604);
delete from db_sysforkey where codarq = 3709 and referen = 0;
insert into db_sysforkey values(3709,20604,1,2416,0);
delete from db_sysforkey where codarq = 3709 and referen = 0;
insert into db_sysforkey values(3709,20605,1,3706,0);
delete from db_sysforkey where codarq = 3709 and referen = 0;
insert into db_sysforkey values(3709,20606,1,1010087,0);
delete from db_sysforkey where codarq = 3709 and referen = 0;
insert into db_sysforkey values(3709,20607,1,1010090,0);
insert into db_sysindices values(4071,'turmaachorarioprofissional_turmaac_in',3709,'0');
insert into db_syscadind values(4071,20604,1);
insert into db_sysindices values(4072,'turmaachorarioprofissional_funcaoatividade_in',3709,'0');
insert into db_syscadind values(4072,20605,1);
insert into db_sysindices values(4073,'turmaachorarioprofissional_diasemana_in',3709,'0');
insert into db_syscadind values(4073,20607,1);
insert into db_syssequencia values(1000369, 'turmaachorarioprofissional_ed346_sequencial_seq', 1, 1, 9223372036854775807, 1, 1);
update db_sysarqcamp set codsequencia = 1000369 where codarq = 3709 and codcam = 20603;

insert into db_layouttxt( db50_codigo ,db50_layouttxtgrupo ,db50_descr ,db50_quantlinhas ,db50_obs ) values ( 219 ,2 ,'CENSO 2014' ,0 ,'CENSO 2014' );
insert into db_layoutlinha( db51_codigo ,db51_layouttxt ,db51_descr ,db51_tipolinha ,db51_tamlinha ,db51_linhasantes ,db51_linhasdepois ,db51_obs ,db51_separador ,db51_compacta ) values ( 713 ,219 ,'REGISTRO 00' ,3 ,0 ,0 ,0 ,'Dados de identificação da escola' ,'|' ,'0' );
insert into db_layoutcampos( db52_codigo ,db52_layoutlinha ,db52_nome ,db52_descr ,db52_layoutformat ,db52_posicao ,db52_default ,db52_tamanho ,db52_ident ,db52_imprimir ,db52_alinha ,db52_obs ,db52_quebraapos ) values ( 11402 ,713 ,'tipo_registro' ,'TIPO DE REGISTRO' ,14 ,1 ,'00' ,2 ,'true' ,'true' ,'d' ,'' ,0 );
insert into db_layoutcampos( db52_codigo ,db52_layoutlinha ,db52_nome ,db52_descr ,db52_layoutformat ,db52_posicao ,db52_default ,db52_tamanho ,db52_ident ,db52_imprimir ,db52_alinha ,db52_obs ,db52_quebraapos ) values ( 11403 ,713 ,'codigo_escola_inep' ,'CÓDIGO DE ESCOLA INEP' ,14 ,3 ,'' ,8 ,'false' ,'true' ,'d' ,'' ,0 );
insert into db_layoutcampos( db52_codigo ,db52_layoutlinha ,db52_nome ,db52_descr ,db52_layoutformat ,db52_posicao ,db52_default ,db52_tamanho ,db52_ident ,db52_imprimir ,db52_alinha ,db52_obs ,db52_quebraapos ) values ( 11404 ,713 ,'situacao_funcionamento' ,'Situação de funcionamento' ,14 ,11 ,'' ,1 ,'false' ,'true' ,'d' ,'' ,0 );
insert into db_layoutcampos( db52_codigo ,db52_layoutlinha ,db52_nome ,db52_descr ,db52_layoutformat ,db52_posicao ,db52_default ,db52_tamanho ,db52_ident ,db52_imprimir ,db52_alinha ,db52_obs ,db52_quebraapos ) values ( 11405 ,713 ,'data_inicio_ano_letivo' ,'Data de início do ano letivo' ,14 ,12 ,'' ,10 ,'false' ,'true' ,'d' ,'' ,0 );
insert into db_layoutcampos( db52_codigo ,db52_layoutlinha ,db52_nome ,db52_descr ,db52_layoutformat ,db52_posicao ,db52_default ,db52_tamanho ,db52_ident ,db52_imprimir ,db52_alinha ,db52_obs ,db52_quebraapos ) values ( 11406 ,713 ,'data_termino_ano_letivo' ,'DATA DE TÉRMINO DO ANO LETIVO' ,14 ,22 ,'' ,10 ,'false' ,'true' ,'d' ,'' ,0 );
insert into db_layoutcampos( db52_codigo ,db52_layoutlinha ,db52_nome ,db52_descr ,db52_layoutformat ,db52_posicao ,db52_default ,db52_tamanho ,db52_ident ,db52_imprimir ,db52_alinha ,db52_obs ,db52_quebraapos ) values ( 11407 ,713 ,'nome_escola' ,'NOME DA ESCOLA' ,14 ,32 ,'' ,100 ,'false' ,'true' ,'d' ,'' ,0 );
insert into db_layoutcampos( db52_codigo ,db52_layoutlinha ,db52_nome ,db52_descr ,db52_layoutformat ,db52_posicao ,db52_default ,db52_tamanho ,db52_ident ,db52_imprimir ,db52_alinha ,db52_obs ,db52_quebraapos ) values ( 11408 ,713 ,'latitude' ,'LATITUDE' ,14 ,132 ,'' ,20 ,'false' ,'true' ,'d' ,'' ,0 );
insert into db_layoutcampos( db52_codigo ,db52_layoutlinha ,db52_nome ,db52_descr ,db52_layoutformat ,db52_posicao ,db52_default ,db52_tamanho ,db52_ident ,db52_imprimir ,db52_alinha ,db52_obs ,db52_quebraapos ) values ( 11409 ,713 ,'longitude' ,'LONGITUDE' ,14 ,152 ,'' ,20 ,'false' ,'true' ,'d' ,'' ,0 );
insert into db_layoutcampos( db52_codigo ,db52_layoutlinha ,db52_nome ,db52_descr ,db52_layoutformat ,db52_posicao ,db52_default ,db52_tamanho ,db52_ident ,db52_imprimir ,db52_alinha ,db52_obs ,db52_quebraapos ) values ( 11410 ,713 ,'cep' ,'CEP' ,14 ,172 ,'' ,8 ,'false' ,'true' ,'d' ,'' ,0 );
insert into db_layoutcampos( db52_codigo ,db52_layoutlinha ,db52_nome ,db52_descr ,db52_layoutformat ,db52_posicao ,db52_default ,db52_tamanho ,db52_ident ,db52_imprimir ,db52_alinha ,db52_obs ,db52_quebraapos ) values ( 11411 ,713 ,'endereco' ,'LOGRADOURO DO ENDERECO' ,14 ,180 ,'' ,100 ,'false' ,'true' ,'d' ,'' ,0 );
insert into db_layoutcampos( db52_codigo ,db52_layoutlinha ,db52_nome ,db52_descr ,db52_layoutformat ,db52_posicao ,db52_default ,db52_tamanho ,db52_ident ,db52_imprimir ,db52_alinha ,db52_obs ,db52_quebraapos ) values ( 11412 ,713 ,'endereco_numero' ,'NUMERO DO ENDERECO' ,14 ,280 ,'' ,10 ,'false' ,'true' ,'d' ,'' ,0 );
insert into db_layoutcampos( db52_codigo ,db52_layoutlinha ,db52_nome ,db52_descr ,db52_layoutformat ,db52_posicao ,db52_default ,db52_tamanho ,db52_ident ,db52_imprimir ,db52_alinha ,db52_obs ,db52_quebraapos ) values ( 11413 ,713 ,'complemento_endereco' ,'COMPLEMENTO DO ENDERECO' ,14 ,290 ,'' ,20 ,'false' ,'true' ,'d' ,'' ,0 );
insert into db_layoutcampos( db52_codigo ,db52_layoutlinha ,db52_nome ,db52_descr ,db52_layoutformat ,db52_posicao ,db52_default ,db52_tamanho ,db52_ident ,db52_imprimir ,db52_alinha ,db52_obs ,db52_quebraapos ) values ( 11414 ,713 ,'bairro' ,'BAIRRO' ,14 ,310 ,'' ,50 ,'false' ,'true' ,'d' ,'' ,0 );
insert into db_layoutcampos( db52_codigo ,db52_layoutlinha ,db52_nome ,db52_descr ,db52_layoutformat ,db52_posicao ,db52_default ,db52_tamanho ,db52_ident ,db52_imprimir ,db52_alinha ,db52_obs ,db52_quebraapos ) values ( 11415 ,713 ,'uf' ,'UF' ,14 ,360 ,'' ,2 ,'false' ,'true' ,'d' ,'' ,0 );
insert into db_layoutcampos( db52_codigo ,db52_layoutlinha ,db52_nome ,db52_descr ,db52_layoutformat ,db52_posicao ,db52_default ,db52_tamanho ,db52_ident ,db52_imprimir ,db52_alinha ,db52_obs ,db52_quebraapos ) values ( 11416 ,713 ,'municipio' ,'MUNICIPIO' ,14 ,362 ,'' ,7 ,'false' ,'true' ,'d' ,'' ,0 );
insert into db_layoutcampos( db52_codigo ,db52_layoutlinha ,db52_nome ,db52_descr ,db52_layoutformat ,db52_posicao ,db52_default ,db52_tamanho ,db52_ident ,db52_imprimir ,db52_alinha ,db52_obs ,db52_quebraapos ) values ( 11417 ,713 ,'distrito' ,'DISTRITO' ,14 ,369 ,'' ,2 ,'false' ,'true' ,'d' ,'' ,0 );
insert into db_layoutcampos( db52_codigo ,db52_layoutlinha ,db52_nome ,db52_descr ,db52_layoutformat ,db52_posicao ,db52_default ,db52_tamanho ,db52_ident ,db52_imprimir ,db52_alinha ,db52_obs ,db52_quebraapos ) values ( 11418 ,713 ,'ddd' ,'DDD' ,14 ,371 ,'' ,2 ,'false' ,'true' ,'d' ,'' ,0 );
insert into db_layoutcampos( db52_codigo ,db52_layoutlinha ,db52_nome ,db52_descr ,db52_layoutformat ,db52_posicao ,db52_default ,db52_tamanho ,db52_ident ,db52_imprimir ,db52_alinha ,db52_obs ,db52_quebraapos ) values ( 11419 ,713 ,'telefone' ,'TELEFONE' ,14 ,373 ,'' ,8 ,'false' ,'true' ,'d' ,'' ,0 );
insert into db_layoutcampos( db52_codigo ,db52_layoutlinha ,db52_nome ,db52_descr ,db52_layoutformat ,db52_posicao ,db52_default ,db52_tamanho ,db52_ident ,db52_imprimir ,db52_alinha ,db52_obs ,db52_quebraapos ) values ( 11420 ,713 ,'telefone_publico_1' ,'TELEFONE PUBLICO 1' ,14 ,381 ,'' ,8 ,'false' ,'true' ,'d' ,'' ,0 );
insert into db_layoutcampos( db52_codigo ,db52_layoutlinha ,db52_nome ,db52_descr ,db52_layoutformat ,db52_posicao ,db52_default ,db52_tamanho ,db52_ident ,db52_imprimir ,db52_alinha ,db52_obs ,db52_quebraapos ) values ( 11421 ,713 ,'telefone_publico_2' ,'TELEFONE PUBLICO 2' ,14 ,389 ,'' ,8 ,'false' ,'true' ,'d' ,'' ,0 );
insert into db_layoutcampos( db52_codigo ,db52_layoutlinha ,db52_nome ,db52_descr ,db52_layoutformat ,db52_posicao ,db52_default ,db52_tamanho ,db52_ident ,db52_imprimir ,db52_alinha ,db52_obs ,db52_quebraapos ) values ( 11422 ,713 ,'fax' ,'FAX' ,14 ,397 ,'' ,8 ,'false' ,'true' ,'d' ,'' ,0 );
insert into db_layoutcampos( db52_codigo ,db52_layoutlinha ,db52_nome ,db52_descr ,db52_layoutformat ,db52_posicao ,db52_default ,db52_tamanho ,db52_ident ,db52_imprimir ,db52_alinha ,db52_obs ,db52_quebraapos ) values ( 11423 ,713 ,'endereco_eletronico' ,'ENDERECO ELETRONICO EMAIL' ,14 ,405 ,'' ,50 ,'false' ,'true' ,'d' ,'' ,0 );
insert into db_layoutcampos( db52_codigo ,db52_layoutlinha ,db52_nome ,db52_descr ,db52_layoutformat ,db52_posicao ,db52_default ,db52_tamanho ,db52_ident ,db52_imprimir ,db52_alinha ,db52_obs ,db52_quebraapos ) values ( 11424 ,713 ,'codigo_orgao_regional_ensino' ,'CODIGO DO ORGAO REGIONAL DE ENSINO' ,14 ,455 ,'' ,5 ,'false' ,'true' ,'d' ,'' ,0 );
insert into db_layoutcampos( db52_codigo ,db52_layoutlinha ,db52_nome ,db52_descr ,db52_layoutformat ,db52_posicao ,db52_default ,db52_tamanho ,db52_ident ,db52_imprimir ,db52_alinha ,db52_obs ,db52_quebraapos ) values ( 11425 ,713 ,'dependencia_administrativa' ,'DEPENDENCIA ADMINISTRATIVA' ,14 ,460 ,'' ,1 ,'false' ,'true' ,'d' ,'' ,0 );
insert into db_layoutcampos( db52_codigo ,db52_layoutlinha ,db52_nome ,db52_descr ,db52_layoutformat ,db52_posicao ,db52_default ,db52_tamanho ,db52_ident ,db52_imprimir ,db52_alinha ,db52_obs ,db52_quebraapos ) values ( 11426 ,713 ,'localizacao_zona_escola' ,'LOCALIZACAO ZONA DA ESCOLA' ,14 ,461 ,'' ,1 ,'false' ,'true' ,'d' ,'' ,0 );
insert into db_layoutcampos( db52_codigo ,db52_layoutlinha ,db52_nome ,db52_descr ,db52_layoutformat ,db52_posicao ,db52_default ,db52_tamanho ,db52_ident ,db52_imprimir ,db52_alinha ,db52_obs ,db52_quebraapos ) values ( 11427 ,713 ,'categoria_escola_privada' ,'CATEGORIA DA ESCOLA PROVADA' ,14 ,462 ,'' ,1 ,'false' ,'true' ,'d' ,'' ,0 );
insert into db_layoutcampos( db52_codigo ,db52_layoutlinha ,db52_nome ,db52_descr ,db52_layoutformat ,db52_posicao ,db52_default ,db52_tamanho ,db52_ident ,db52_imprimir ,db52_alinha ,db52_obs ,db52_quebraapos ) values ( 11428 ,713 ,'conveniada_poder_publico' ,'CONVENIADA COM O PODER PUBLICO' ,14 ,463 ,'' ,1 ,'false' ,'true' ,'d' ,'' ,0 );
insert into db_layoutcampos( db52_codigo ,db52_layoutlinha ,db52_nome ,db52_descr ,db52_layoutformat ,db52_posicao ,db52_default ,db52_tamanho ,db52_ident ,db52_imprimir ,db52_alinha ,db52_obs ,db52_quebraapos ) values ( 11429 ,713 ,'mant_esc_privada_empresa_grupo_empresarial_pes_fis' ,'MANTENEDORA PRIVADA EMPRESA GRUPO EMP' ,14 ,464 ,'' ,1 ,'false' ,'true' ,'d' ,'mantenedorada escola privada empresa, grupos empresariais do setor privado ou pessoa física' ,0 );
insert into db_layoutcampos( db52_codigo ,db52_layoutlinha ,db52_nome ,db52_descr ,db52_layoutformat ,db52_posicao ,db52_default ,db52_tamanho ,db52_ident ,db52_imprimir ,db52_alinha ,db52_obs ,db52_quebraapos ) values ( 11430 ,713 ,'mant_esc_privada_sidicatos_associacoes_cooperativa' ,'MANT PRIVADA - SINDICATOS, ASSOCIACOES' ,14 ,465 ,'' ,1 ,'false' ,'true' ,'d' ,'mantenedora de escola privada - sindicato de trabalhadores ou patronais, associações ou cooperativas' ,0 );
insert into db_layoutcampos( db52_codigo ,db52_layoutlinha ,db52_nome ,db52_descr ,db52_layoutformat ,db52_posicao ,db52_default ,db52_tamanho ,db52_ident ,db52_imprimir ,db52_alinha ,db52_obs ,db52_quebraapos ) values ( 11431 ,713 ,'mant_esc_privada_ong_internacional_nacional_oscip' ,'MANT ESC PRIVADA ONG/OSCIP' ,14 ,466 ,'' ,1 ,'false' ,'true' ,'d' ,'mantenedora de escola privada - organização não governamental (ONG) internacional ou nacional/OSCIP' ,0 );
insert into db_layoutcampos( db52_codigo ,db52_layoutlinha ,db52_nome ,db52_descr ,db52_layoutformat ,db52_posicao ,db52_default ,db52_tamanho ,db52_ident ,db52_imprimir ,db52_alinha ,db52_obs ,db52_quebraapos ) values ( 11432 ,713 ,'mant_esc_privada_instituicoes_sem_fins_lucrativos' ,'MANT PRIVADA INSTITUICOES SEM FINS LUCRA' ,14 ,467 ,'' ,1 ,'false' ,'true' ,'d' ,'mantendora de escola privada - instituições sem fins licrativos' ,0 );
insert into db_layoutcampos( db52_codigo ,db52_layoutlinha ,db52_nome ,db52_descr ,db52_layoutformat ,db52_posicao ,db52_default ,db52_tamanho ,db52_ident ,db52_imprimir ,db52_alinha ,db52_obs ,db52_quebraapos ) values ( 11433 ,713 ,'sistema_s_sesi_senai_sesc_outros' ,'SISTEMA S SESI SENAI SESC OU OUTROS' ,14 ,468 ,'' ,1 ,'false' ,'true' ,'d' ,'' ,0 );
insert into db_layoutcampos( db52_codigo ,db52_layoutlinha ,db52_nome ,db52_descr ,db52_layoutformat ,db52_posicao ,db52_default ,db52_tamanho ,db52_ident ,db52_imprimir ,db52_alinha ,db52_obs ,db52_quebraapos ) values ( 11434 ,713 ,'cnpj_mantenedora_principal_escola_privada' ,'CNPJ MANTENEDORA PRINCIPAL ESC PRIVADA' ,14 ,469 ,'' ,14 ,'false' ,'true' ,'d' ,'' ,0 );
insert into db_layoutcampos( db52_codigo ,db52_layoutlinha ,db52_nome ,db52_descr ,db52_layoutformat ,db52_posicao ,db52_default ,db52_tamanho ,db52_ident ,db52_imprimir ,db52_alinha ,db52_obs ,db52_quebraapos ) values ( 11435 ,713 ,'cnpj_escola_privada' ,'CNPJ DA ESCOLA PRIVADA' ,14 ,483 ,'' ,14 ,'false' ,'true' ,'d' ,'' ,0 );
insert into db_layoutcampos( db52_codigo ,db52_layoutlinha ,db52_nome ,db52_descr ,db52_layoutformat ,db52_posicao ,db52_default ,db52_tamanho ,db52_ident ,db52_imprimir ,db52_alinha ,db52_obs ,db52_quebraapos ) values ( 11436 ,713 ,'regulamentacao_autorizacao_conselho_orgao' ,'REGULAMENTACAO AUTORIZACAO CONSELHO' ,14 ,497 ,'' ,1 ,'false' ,'true' ,'d' ,'regulamentacao / autorizacao conselho ou órgão municipal, estadual ou federal de educação' ,0 );
insert into db_layoutcampos( db52_codigo ,db52_layoutlinha ,db52_nome ,db52_descr ,db52_layoutformat ,db52_posicao ,db52_default ,db52_tamanho ,db52_ident ,db52_imprimir ,db52_alinha ,db52_obs ,db52_quebraapos ) values ( 11437 ,713 ,'pipe' ,'FINALIZADOR DE LINHA' ,14 ,498 ,'' ,1 ,'false' ,'true' ,'d' ,'' ,0 );
insert into db_layoutlinha( db51_codigo ,db51_layouttxt ,db51_descr ,db51_tipolinha ,db51_tamlinha ,db51_linhasantes ,db51_linhasdepois ,db51_obs ,db51_separador ,db51_compacta ) values ( 714 ,219 ,'REGISTRO 10' ,3 ,0 ,0 ,0 ,'Caracterização e infra estrutura' ,'|' ,'0' );
insert into db_layoutcampos( db52_codigo ,db52_layoutlinha ,db52_nome ,db52_descr ,db52_layoutformat ,db52_posicao ,db52_default ,db52_tamanho ,db52_ident ,db52_imprimir ,db52_alinha ,db52_obs ,db52_quebraapos ) values ( 11438 ,714 ,'tipo_registro' ,'TIPO DE REGISTRO' ,14 ,1 ,'10' ,2 ,'true' ,'true' ,'d' ,'' ,0 );
insert into db_layoutcampos( db52_codigo ,db52_layoutlinha ,db52_nome ,db52_descr ,db52_layoutformat ,db52_posicao ,db52_default ,db52_tamanho ,db52_ident ,db52_imprimir ,db52_alinha ,db52_obs ,db52_quebraapos ) values ( 11439 ,714 ,'codigo_escola_inep' ,'CÓDIGO ESCOLA INEP' ,14 ,3 ,'' ,8 ,'false' ,'true' ,'d' ,'' ,0 );
insert into db_layoutcampos( db52_codigo ,db52_layoutlinha ,db52_nome ,db52_descr ,db52_layoutformat ,db52_posicao ,db52_default ,db52_tamanho ,db52_ident ,db52_imprimir ,db52_alinha ,db52_obs ,db52_quebraapos ) values ( 11440 ,714 ,'numero_cpf_responsavel_gestor_responsavel' ,'NUMERO DO CPF DO GESTOR/RESPONSÁVEL' ,14 ,11 ,'' ,11 ,'false' ,'true' ,'d' ,'' ,0 );
insert into db_layoutcampos( db52_codigo ,db52_layoutlinha ,db52_nome ,db52_descr ,db52_layoutformat ,db52_posicao ,db52_default ,db52_tamanho ,db52_ident ,db52_imprimir ,db52_alinha ,db52_obs ,db52_quebraapos ) values ( 11441 ,714 ,'nome_gestor' ,'NOME DO GESTOR' ,14 ,22 ,'' ,100 ,'false' ,'true' ,'d' ,'' ,0 );
insert into db_layoutcampos( db52_codigo ,db52_layoutlinha ,db52_nome ,db52_descr ,db52_layoutformat ,db52_posicao ,db52_default ,db52_tamanho ,db52_ident ,db52_imprimir ,db52_alinha ,db52_obs ,db52_quebraapos ) values ( 11442 ,714 ,'cargo_gestor_responsavel' ,'CARGO DO GESTOR / RESPONSÁVEL' ,14 ,122 ,'' ,80 ,'false' ,'true' ,'d' ,'' ,0 );
insert into db_layoutcampos( db52_codigo ,db52_layoutlinha ,db52_nome ,db52_descr ,db52_layoutformat ,db52_posicao ,db52_default ,db52_tamanho ,db52_ident ,db52_imprimir ,db52_alinha ,db52_obs ,db52_quebraapos ) values ( 11443 ,714 ,'endereco_eletronico_email_gestor_responsavel' ,'ENDERECO ELETRONICO DO GESTOR / RESPONS' ,14 ,202 ,'' ,50 ,'false' ,'true' ,'d' ,'' ,0 );
insert into db_layoutcampos( db52_codigo ,db52_layoutlinha ,db52_nome ,db52_descr ,db52_layoutformat ,db52_posicao ,db52_default ,db52_tamanho ,db52_ident ,db52_imprimir ,db52_alinha ,db52_obs ,db52_quebraapos ) values ( 11444 ,714 ,'local_funcionamento_escola_predio_escolar' ,'LOCAL DE FUNC DA ESC - PREDIO ESCOLAR' ,14 ,252 ,'0' ,1 ,'false' ,'true' ,'d' ,'local de funcionamento da escola - predio escolar' ,0 );
insert into avaliacaoperguntaopcaolayoutcampo( ed313_sequencial ,ed313_ano ,ed313_db_layoutcampo ,ed313_avaliacaoperguntaopcao ,ed313_layoutvalorcampo ) values ( 718 ,2014 ,11444 ,3000039 ,'1' );
insert into db_layoutcampos( db52_codigo ,db52_layoutlinha ,db52_nome ,db52_descr ,db52_layoutformat ,db52_posicao ,db52_default ,db52_tamanho ,db52_ident ,db52_imprimir ,db52_alinha ,db52_obs ,db52_quebraapos ) values ( 11445 ,714 ,'local_funcionamento_escola_templo_igreja' ,'LOCAL DE FUNC DA ESC - TEMPLO / IGREJA' ,14 ,253 ,'0' ,1 ,'false' ,'true' ,'d' ,'local funcionamento escola - templo / igreja' ,0 );
insert into avaliacaoperguntaopcaolayoutcampo( ed313_sequencial ,ed313_ano ,ed313_db_layoutcampo ,ed313_avaliacaoperguntaopcao ,ed313_layoutvalorcampo ) values ( 719 ,2014 ,11445 ,3000040 ,'1' );
insert into db_layoutcampos( db52_codigo ,db52_layoutlinha ,db52_nome ,db52_descr ,db52_layoutformat ,db52_posicao ,db52_default ,db52_tamanho ,db52_ident ,db52_imprimir ,db52_alinha ,db52_obs ,db52_quebraapos ) values ( 11446 ,714 ,'local_funcionamento_escola_salas_empresas' ,'LOCAL DE FUNC DA ESC - SALAS DE EMPRESAS' ,14 ,254 ,'0' ,1 ,'false' ,'true' ,'d' ,'local de funcionamento da escola - salas de empresas' ,0 );
insert into avaliacaoperguntaopcaolayoutcampo( ed313_sequencial ,ed313_ano ,ed313_db_layoutcampo ,ed313_avaliacaoperguntaopcao ,ed313_layoutvalorcampo ) values ( 720 ,2014 ,11446 ,3000041 ,'1' );
insert into db_layoutcampos( db52_codigo ,db52_layoutlinha ,db52_nome ,db52_descr ,db52_layoutformat ,db52_posicao ,db52_default ,db52_tamanho ,db52_ident ,db52_imprimir ,db52_alinha ,db52_obs ,db52_quebraapos ) values ( 11447 ,714 ,'local_funcionamento_escola_casa_professor' ,'LOCAL DE FUNC DA ESC - CASA DO PROFESSOR' ,14 ,255 ,'0' ,1 ,'false' ,'true' ,'d' ,'local de funcionamento da escola - casa do professor' ,0 );
insert into avaliacaoperguntaopcaolayoutcampo( ed313_sequencial ,ed313_ano ,ed313_db_layoutcampo ,ed313_avaliacaoperguntaopcao ,ed313_layoutvalorcampo ) values ( 721 ,2014 ,11447 ,3000042 ,'1' );
insert into db_layoutcampos( db52_codigo ,db52_layoutlinha ,db52_nome ,db52_descr ,db52_layoutformat ,db52_posicao ,db52_default ,db52_tamanho ,db52_ident ,db52_imprimir ,db52_alinha ,db52_obs ,db52_quebraapos ) values ( 11448 ,714 ,'local_funcionamento_escola_salas_outras_escolas' ,'LOCAL DE FUNC DA ESC - SALAS OUTRAS ESC' ,14 ,256 ,'0' ,1 ,'false' ,'true' ,'d' ,'local de funcionamento da escola - salas em outras escolas' ,0 );
insert into avaliacaoperguntaopcaolayoutcampo( ed313_sequencial ,ed313_ano ,ed313_db_layoutcampo ,ed313_avaliacaoperguntaopcao ,ed313_layoutvalorcampo ) values ( 722 ,2014 ,11448 ,3000043 ,'1' );
insert into db_layoutcampos( db52_codigo ,db52_layoutlinha ,db52_nome ,db52_descr ,db52_layoutformat ,db52_posicao ,db52_default ,db52_tamanho ,db52_ident ,db52_imprimir ,db52_alinha ,db52_obs ,db52_quebraapos ) values ( 11449 ,714 ,'local_funcionamento_escola_galpao_rancho_paiol_bar' ,'LOCAL DE FUNC DA ESC - GALPAO/RANCHO/BAR' ,14 ,257 ,'0' ,1 ,'false' ,'true' ,'d' ,'local de funcionamento da escola - galpão/rancho/paiol/barracão' ,0 );
insert into avaliacaoperguntaopcaolayoutcampo( ed313_sequencial ,ed313_ano ,ed313_db_layoutcampo ,ed313_avaliacaoperguntaopcao ,ed313_layoutvalorcampo ) values ( 723 ,2014 ,11449 ,3000044 ,'1' );
insert into db_layoutcampos( db52_codigo ,db52_layoutlinha ,db52_nome ,db52_descr ,db52_layoutformat ,db52_posicao ,db52_default ,db52_tamanho ,db52_ident ,db52_imprimir ,db52_alinha ,db52_obs ,db52_quebraapos ) values ( 11450 ,714 ,'local_funcionamento_escola_un_internacao_socio' ,'LOCAL DE FUNC DA ESC - UN INTERNAÇÃO SOC' ,14 ,258 ,'0' ,1 ,'false' ,'true' ,'d' ,'local de funcionamento da escola - unidade de internação socioeducativo' ,0 );
insert into avaliacaoperguntaopcaolayoutcampo( ed313_sequencial ,ed313_ano ,ed313_db_layoutcampo ,ed313_avaliacaoperguntaopcao ,ed313_layoutvalorcampo ) values ( 724 ,2014 ,11450 ,3000045 ,'1' );
insert into db_layoutcampos( db52_codigo ,db52_layoutlinha ,db52_nome ,db52_descr ,db52_layoutformat ,db52_posicao ,db52_default ,db52_tamanho ,db52_ident ,db52_imprimir ,db52_alinha ,db52_obs ,db52_quebraapos ) values ( 11451 ,714 ,'local_funcionamento_escola_unidade_prisional' ,'LOCAL DE FUNC DA ESC - UNIDADE PRISIONAL' ,14 ,259 ,'0' ,1 ,'false' ,'true' ,'d' ,'LOCAL DE FUNC DA ESC - UNIDADE PRISIONAL' ,0 );
insert into avaliacaoperguntaopcaolayoutcampo( ed313_sequencial ,ed313_ano ,ed313_db_layoutcampo ,ed313_avaliacaoperguntaopcao ,ed313_layoutvalorcampo ) values ( 725 ,2014 ,11451 ,3000560 ,'1' );
insert into db_layoutcampos( db52_codigo ,db52_layoutlinha ,db52_nome ,db52_descr ,db52_layoutformat ,db52_posicao ,db52_default ,db52_tamanho ,db52_ident ,db52_imprimir ,db52_alinha ,db52_obs ,db52_quebraapos ) values ( 11452 ,714 ,'local_funcionamento_escola_outros' ,'LOCAL DE FUNC DA ESC - OUTROS' ,14 ,260 ,'0' ,1 ,'false' ,'true' ,'d' ,'' ,0 );
insert into avaliacaoperguntaopcaolayoutcampo( ed313_sequencial ,ed313_ano ,ed313_db_layoutcampo ,ed313_avaliacaoperguntaopcao ,ed313_layoutvalorcampo ) values ( 726 ,2014 ,11452 ,3000046 ,'1' );
insert into db_layoutcampos( db52_codigo ,db52_layoutlinha ,db52_nome ,db52_descr ,db52_layoutformat ,db52_posicao ,db52_default ,db52_tamanho ,db52_ident ,db52_imprimir ,db52_alinha ,db52_obs ,db52_quebraapos ) values ( 11453 ,714 ,'forma_ocupacao_predio' ,'FORMA DE OCUPAÇÃO DO PREDIO' ,14 ,261 ,'' ,1 ,'false' ,'true' ,'d' ,'' ,0 );
insert into avaliacaoperguntaopcaolayoutcampo( ed313_sequencial ,ed313_ano ,ed313_db_layoutcampo ,ed313_avaliacaoperguntaopcao ,ed313_layoutvalorcampo ) values ( 727 ,2014 ,11453 ,3000047 ,'1' );
insert into avaliacaoperguntaopcaolayoutcampo( ed313_sequencial ,ed313_ano ,ed313_db_layoutcampo ,ed313_avaliacaoperguntaopcao ,ed313_layoutvalorcampo ) values ( 728 ,2014 ,11453 ,3000048 ,'2' );
insert into avaliacaoperguntaopcaolayoutcampo( ed313_sequencial ,ed313_ano ,ed313_db_layoutcampo ,ed313_avaliacaoperguntaopcao ,ed313_layoutvalorcampo ) values ( 729 ,2014 ,11453 ,3000049 ,'3' );
insert into db_layoutcampos( db52_codigo ,db52_layoutlinha ,db52_nome ,db52_descr ,db52_layoutformat ,db52_posicao ,db52_default ,db52_tamanho ,db52_ident ,db52_imprimir ,db52_alinha ,db52_obs ,db52_quebraapos ) values ( 11454 ,714 ,'predio_compartilhado_outra_escola' ,'PREDIO COMPARTILHADO COM OUTRA ESCOLA' ,14 ,262 ,'' ,1 ,'false' ,'true' ,'d' ,'' ,0 );
insert into avaliacaoperguntaopcaolayoutcampo( ed313_sequencial ,ed313_ano ,ed313_db_layoutcampo ,ed313_avaliacaoperguntaopcao ,ed313_layoutvalorcampo ) values ( 730 ,2014 ,11454 ,3000097 ,'1' );
insert into avaliacaoperguntaopcaolayoutcampo( ed313_sequencial ,ed313_ano ,ed313_db_layoutcampo ,ed313_avaliacaoperguntaopcao ,ed313_layoutvalorcampo ) values ( 731 ,2014 ,11454 ,3000098 ,'0' );
insert into db_layoutcampos( db52_codigo ,db52_layoutlinha ,db52_nome ,db52_descr ,db52_layoutformat ,db52_posicao ,db52_default ,db52_tamanho ,db52_ident ,db52_imprimir ,db52_alinha ,db52_obs ,db52_quebraapos ) values ( 11455 ,714 ,'codigo_escola_compartilha_1' ,'CODIGO DA ESCOLA COM QUAL COMPARTILHA 1)' ,14 ,263 ,'' ,8 ,'false' ,'true' ,'d' ,'' ,0 );
insert into db_layoutcampos( db52_codigo ,db52_layoutlinha ,db52_nome ,db52_descr ,db52_layoutformat ,db52_posicao ,db52_default ,db52_tamanho ,db52_ident ,db52_imprimir ,db52_alinha ,db52_obs ,db52_quebraapos ) values ( 11456 ,714 ,'codigo_escola_compartilha_2' ,'CODIGO DA ESCOLA COM QUAL COMPARTILHA 2' ,14 ,271 ,'' ,8 ,'false' ,'true' ,'d' ,'' ,0 );
insert into db_layoutcampos( db52_codigo ,db52_layoutlinha ,db52_nome ,db52_descr ,db52_layoutformat ,db52_posicao ,db52_default ,db52_tamanho ,db52_ident ,db52_imprimir ,db52_alinha ,db52_obs ,db52_quebraapos ) values ( 11457 ,714 ,'codigo_escola_compartilha_3' ,'CODIGO DA ESCOLA COM QUAL COMPARTILHA 3' ,14 ,279 ,'' ,8 ,'false' ,'true' ,'d' ,'' ,0 );
insert into db_layoutcampos( db52_codigo ,db52_layoutlinha ,db52_nome ,db52_descr ,db52_layoutformat ,db52_posicao ,db52_default ,db52_tamanho ,db52_ident ,db52_imprimir ,db52_alinha ,db52_obs ,db52_quebraapos ) values ( 11458 ,714 ,'codigo_escola_compartilha_4' ,'CODIGO DA ESCOLA COM QUAL COMPARTILHA 4' ,14 ,287 ,'' ,8 ,'false' ,'true' ,'d' ,'' ,0 );
insert into db_layoutcampos( db52_codigo ,db52_layoutlinha ,db52_nome ,db52_descr ,db52_layoutformat ,db52_posicao ,db52_default ,db52_tamanho ,db52_ident ,db52_imprimir ,db52_alinha ,db52_obs ,db52_quebraapos ) values ( 11459 ,714 ,'codigo_escola_compartilha_5' ,'CODIGO DA ESCOLA COM QUAL COMPARTILHA 5' ,14 ,295 ,'' ,8 ,'false' ,'true' ,'d' ,'' ,0 );
insert into db_layoutcampos( db52_codigo ,db52_layoutlinha ,db52_nome ,db52_descr ,db52_layoutformat ,db52_posicao ,db52_default ,db52_tamanho ,db52_ident ,db52_imprimir ,db52_alinha ,db52_obs ,db52_quebraapos ) values ( 11460 ,714 ,'codigo_escola_compartilha_6' ,'CODIGO DA ESCOLA COM QUAL COMPARTILHA 6' ,14 ,303 ,'' ,8 ,'false' ,'true' ,'d' ,'' ,0 );
insert into db_layoutcampos( db52_codigo ,db52_layoutlinha ,db52_nome ,db52_descr ,db52_layoutformat ,db52_posicao ,db52_default ,db52_tamanho ,db52_ident ,db52_imprimir ,db52_alinha ,db52_obs ,db52_quebraapos ) values ( 11461 ,714 ,'agua_consumida_alunos' ,'AGUA CONSUMIDA PELOS ALUNOS' ,14 ,311 ,'' ,1 ,'false' ,'true' ,'d' ,'' ,0 );
insert into avaliacaoperguntaopcaolayoutcampo( ed313_sequencial ,ed313_ano ,ed313_db_layoutcampo ,ed313_avaliacaoperguntaopcao ,ed313_layoutvalorcampo ) values ( 732 ,2014 ,11461 ,3000100 ,'2' );
insert into avaliacaoperguntaopcaolayoutcampo( ed313_sequencial ,ed313_ano ,ed313_db_layoutcampo ,ed313_avaliacaoperguntaopcao ,ed313_layoutvalorcampo ) values ( 733 ,2014 ,11461 ,3000099 ,'1' );
insert into db_layoutcampos( db52_codigo ,db52_layoutlinha ,db52_nome ,db52_descr ,db52_layoutformat ,db52_posicao ,db52_default ,db52_tamanho ,db52_ident ,db52_imprimir ,db52_alinha ,db52_obs ,db52_quebraapos ) values ( 11462 ,714 ,'abastecimento_agua_rede_publica' ,'ABASTECIMENTO DE AGUA - REDE PUBLICA' ,14 ,312 ,'0' ,1 ,'false' ,'true' ,'d' ,'' ,0 );
insert into avaliacaoperguntaopcaolayoutcampo( ed313_sequencial ,ed313_ano ,ed313_db_layoutcampo ,ed313_avaliacaoperguntaopcao ,ed313_layoutvalorcampo ) values ( 734 ,2014 ,11462 ,3000088 ,'1' );
insert into db_layoutcampos( db52_codigo ,db52_layoutlinha ,db52_nome ,db52_descr ,db52_layoutformat ,db52_posicao ,db52_default ,db52_tamanho ,db52_ident ,db52_imprimir ,db52_alinha ,db52_obs ,db52_quebraapos ) values ( 11463 ,714 ,'abastecimento_agua_poco_artesiano' ,'ABASTECIMENTO DE AGUA - POÇO ARTESIANO' ,14 ,313 ,'0' ,1 ,'false' ,'true' ,'d' ,'' ,0 );
insert into avaliacaoperguntaopcaolayoutcampo( ed313_sequencial ,ed313_ano ,ed313_db_layoutcampo ,ed313_avaliacaoperguntaopcao ,ed313_layoutvalorcampo ) values ( 735 ,2014 ,11463 ,3000089 ,'1' );
insert into db_layoutcampos( db52_codigo ,db52_layoutlinha ,db52_nome ,db52_descr ,db52_layoutformat ,db52_posicao ,db52_default ,db52_tamanho ,db52_ident ,db52_imprimir ,db52_alinha ,db52_obs ,db52_quebraapos ) values ( 11464 ,714 ,'abastecimento_agua_cacimba_cisterna_poco' ,'ABASTECIMENTO DE AGUA - CACIMBA/CISTERNA' ,14 ,314 ,'0' ,1 ,'false' ,'true' ,'d' ,'abastecimento de agua - cacimba/cisterna/poço' ,0 );
insert into avaliacaoperguntaopcaolayoutcampo( ed313_sequencial ,ed313_ano ,ed313_db_layoutcampo ,ed313_avaliacaoperguntaopcao ,ed313_layoutvalorcampo ) values ( 736 ,2014 ,11464 ,3000090 ,'1' );
insert into db_layoutcampos( db52_codigo ,db52_layoutlinha ,db52_nome ,db52_descr ,db52_layoutformat ,db52_posicao ,db52_default ,db52_tamanho ,db52_ident ,db52_imprimir ,db52_alinha ,db52_obs ,db52_quebraapos ) values ( 11465 ,714 ,'abastecimento_agua_fonte_rio_igarape_riacho_correg' ,'ABASTECIMENTO DE AGUA - FONTE/RIO/IGARAP' ,14 ,315 ,'0' ,1 ,'false' ,'true' ,'d' ,'abastecimento de agua - fonte/rio/igarape/riacho/corrego' ,0 );
insert into avaliacaoperguntaopcaolayoutcampo( ed313_sequencial ,ed313_ano ,ed313_db_layoutcampo ,ed313_avaliacaoperguntaopcao ,ed313_layoutvalorcampo ) values ( 737 ,2014 ,11465 ,3000091 ,'1' );
insert into db_layoutcampos( db52_codigo ,db52_layoutlinha ,db52_nome ,db52_descr ,db52_layoutformat ,db52_posicao ,db52_default ,db52_tamanho ,db52_ident ,db52_imprimir ,db52_alinha ,db52_obs ,db52_quebraapos ) values ( 11466 ,714 ,'abastecimento_agua_inexistente' ,'ABASTECIMENTO DE AGUA - INEXISTENTE' ,14 ,316 ,'0' ,1 ,'false' ,'true' ,'d' ,'' ,0 );
insert into avaliacaoperguntaopcaolayoutcampo( ed313_sequencial ,ed313_ano ,ed313_db_layoutcampo ,ed313_avaliacaoperguntaopcao ,ed313_layoutvalorcampo ) values ( 738 ,2014 ,11466 ,3000092 ,'1' );
insert into db_layoutcampos( db52_codigo ,db52_layoutlinha ,db52_nome ,db52_descr ,db52_layoutformat ,db52_posicao ,db52_default ,db52_tamanho ,db52_ident ,db52_imprimir ,db52_alinha ,db52_obs ,db52_quebraapos ) values ( 11467 ,714 ,'abastecimento_energia_eletrica_rede_publica' ,'ABAST ENERGIA ELETRICA - REDE PUBLICA' ,14 ,317 ,'0' ,1 ,'false' ,'true' ,'d' ,'' ,0 );
insert into avaliacaoperguntaopcaolayoutcampo( ed313_sequencial ,ed313_ano ,ed313_db_layoutcampo ,ed313_avaliacaoperguntaopcao ,ed313_layoutvalorcampo ) values ( 739 ,2014 ,11467 ,3000093 ,'1' );
insert into db_layoutcampos( db52_codigo ,db52_layoutlinha ,db52_nome ,db52_descr ,db52_layoutformat ,db52_posicao ,db52_default ,db52_tamanho ,db52_ident ,db52_imprimir ,db52_alinha ,db52_obs ,db52_quebraapos ) values ( 11468 ,714 ,'abastecimento_energia_eletrica_gerador' ,'ABAST ENERGIA ELETRICA - GERADOR' ,14 ,318 ,'0' ,1 ,'false' ,'true' ,'d' ,'' ,0 );
insert into avaliacaoperguntaopcaolayoutcampo( ed313_sequencial ,ed313_ano ,ed313_db_layoutcampo ,ed313_avaliacaoperguntaopcao ,ed313_layoutvalorcampo ) values ( 740 ,2014 ,11468 ,3000094 ,'1' );
insert into db_layoutcampos( db52_codigo ,db52_layoutlinha ,db52_nome ,db52_descr ,db52_layoutformat ,db52_posicao ,db52_default ,db52_tamanho ,db52_ident ,db52_imprimir ,db52_alinha ,db52_obs ,db52_quebraapos ) values ( 11469 ,714 ,'abastecimento_energia_eletrica_outros_alternativa' ,'ABAST ENERGIA ELETRICA - OUTROS' ,14 ,319 ,'0' ,1 ,'false' ,'true' ,'d' ,'abastecimento de energia eletrica - outros (energias alternativas) ex.: eólica, solar, etc' ,0 );
insert into avaliacaoperguntaopcaolayoutcampo( ed313_sequencial ,ed313_ano ,ed313_db_layoutcampo ,ed313_avaliacaoperguntaopcao ,ed313_layoutvalorcampo ) values ( 741 ,2014 ,11469 ,3000095 ,'1' );
insert into db_layoutcampos( db52_codigo ,db52_layoutlinha ,db52_nome ,db52_descr ,db52_layoutformat ,db52_posicao ,db52_default ,db52_tamanho ,db52_ident ,db52_imprimir ,db52_alinha ,db52_obs ,db52_quebraapos ) values ( 11470 ,714 ,'abastecimento_energia_eletrica_inexistente' ,'ABAST ENERGIA ELETRICA - INEXISTENTE' ,14 ,320 ,'0' ,1 ,'false' ,'true' ,'d' ,'' ,0 );
insert into avaliacaoperguntaopcaolayoutcampo( ed313_sequencial ,ed313_ano ,ed313_db_layoutcampo ,ed313_avaliacaoperguntaopcao ,ed313_layoutvalorcampo ) values ( 742 ,2014 ,11470 ,3000096 ,'1' );
insert into db_layoutcampos( db52_codigo ,db52_layoutlinha ,db52_nome ,db52_descr ,db52_layoutformat ,db52_posicao ,db52_default ,db52_tamanho ,db52_ident ,db52_imprimir ,db52_alinha ,db52_obs ,db52_quebraapos ) values ( 11471 ,714 ,'esgoto_sanitario_rede_publica' ,'ESGOTO SANITÁRIO - REDE PUBLICA' ,14 ,321 ,'0' ,1 ,'false' ,'true' ,'d' ,'' ,0 );
insert into avaliacaoperguntaopcaolayoutcampo( ed313_sequencial ,ed313_ano ,ed313_db_layoutcampo ,ed313_avaliacaoperguntaopcao ,ed313_layoutvalorcampo ) values ( 743 ,2014 ,11471 ,3000050 ,'1' );
insert into db_layoutcampos( db52_codigo ,db52_layoutlinha ,db52_nome ,db52_descr ,db52_layoutformat ,db52_posicao ,db52_default ,db52_tamanho ,db52_ident ,db52_imprimir ,db52_alinha ,db52_obs ,db52_quebraapos ) values ( 11472 ,714 ,'esgoto_sanitario_fossa' ,'ESGOTO SANITÁRIO - FOSSA' ,14 ,322 ,'0' ,1 ,'false' ,'true' ,'d' ,'' ,0 );
insert into avaliacaoperguntaopcaolayoutcampo( ed313_sequencial ,ed313_ano ,ed313_db_layoutcampo ,ed313_avaliacaoperguntaopcao ,ed313_layoutvalorcampo ) values ( 744 ,2014 ,11472 ,3000051 ,'1' );
insert into db_layoutcampos( db52_codigo ,db52_layoutlinha ,db52_nome ,db52_descr ,db52_layoutformat ,db52_posicao ,db52_default ,db52_tamanho ,db52_ident ,db52_imprimir ,db52_alinha ,db52_obs ,db52_quebraapos ) values ( 11473 ,714 ,'esgoto_sanitario_inexistente' ,'ESGOTO SANITÁRIO - INEXISTENTE' ,14 ,323 ,'0' ,1 ,'false' ,'true' ,'d' ,'' ,0 );
insert into avaliacaoperguntaopcaolayoutcampo( ed313_sequencial ,ed313_ano ,ed313_db_layoutcampo ,ed313_avaliacaoperguntaopcao ,ed313_layoutvalorcampo ) values ( 745 ,2014 ,11473 ,3000052 ,'1' );
insert into db_layoutcampos( db52_codigo ,db52_layoutlinha ,db52_nome ,db52_descr ,db52_layoutformat ,db52_posicao ,db52_default ,db52_tamanho ,db52_ident ,db52_imprimir ,db52_alinha ,db52_obs ,db52_quebraapos ) values ( 11474 ,714 ,'destinacao_lixo_coleta_periodica' ,'DESTINAÇÃO DO LIXO - COLETA PERIODICA' ,14 ,324 ,'0' ,1 ,'false' ,'true' ,'d' ,'' ,0 );
insert into avaliacaoperguntaopcaolayoutcampo( ed313_sequencial ,ed313_ano ,ed313_db_layoutcampo ,ed313_avaliacaoperguntaopcao ,ed313_layoutvalorcampo ) values ( 746 ,2014 ,11474 ,3000067 ,'1' );
insert into db_layoutcampos( db52_codigo ,db52_layoutlinha ,db52_nome ,db52_descr ,db52_layoutformat ,db52_posicao ,db52_default ,db52_tamanho ,db52_ident ,db52_imprimir ,db52_alinha ,db52_obs ,db52_quebraapos ) values ( 11475 ,714 ,'destinacao_lixo_queima' ,'DESTINAÇÃO DO LIXO - QUEIMA' ,14 ,325 ,'0' ,1 ,'false' ,'true' ,'d' ,'' ,0 );
insert into avaliacaoperguntaopcaolayoutcampo( ed313_sequencial ,ed313_ano ,ed313_db_layoutcampo ,ed313_avaliacaoperguntaopcao ,ed313_layoutvalorcampo ) values ( 747 ,2014 ,11475 ,3000068 ,'1' );
insert into db_layoutcampos( db52_codigo ,db52_layoutlinha ,db52_nome ,db52_descr ,db52_layoutformat ,db52_posicao ,db52_default ,db52_tamanho ,db52_ident ,db52_imprimir ,db52_alinha ,db52_obs ,db52_quebraapos ) values ( 11476 ,714 ,'destinacao_lixo_joga_outra_area' ,'DESTINAÇÃO DO LIXO - JOGA EM OUTRA AREA' ,14 ,326 ,'0' ,1 ,'false' ,'true' ,'d' ,'' ,0 );
insert into avaliacaoperguntaopcaolayoutcampo( ed313_sequencial ,ed313_ano ,ed313_db_layoutcampo ,ed313_avaliacaoperguntaopcao ,ed313_layoutvalorcampo ) values ( 748 ,2014 ,11476 ,3000069 ,'1' );
insert into db_layoutcampos( db52_codigo ,db52_layoutlinha ,db52_nome ,db52_descr ,db52_layoutformat ,db52_posicao ,db52_default ,db52_tamanho ,db52_ident ,db52_imprimir ,db52_alinha ,db52_obs ,db52_quebraapos ) values ( 11477 ,714 ,'destinacao_lixo_recicla' ,'DESTINAÇÃO DO LIXO - RECICLA' ,14 ,327 ,'0' ,1 ,'false' ,'true' ,'d' ,'' ,0 );
insert into avaliacaoperguntaopcaolayoutcampo( ed313_sequencial ,ed313_ano ,ed313_db_layoutcampo ,ed313_avaliacaoperguntaopcao ,ed313_layoutvalorcampo ) values ( 749 ,2014 ,11477 ,3000070 ,'1' );
insert into db_layoutcampos( db52_codigo ,db52_layoutlinha ,db52_nome ,db52_descr ,db52_layoutformat ,db52_posicao ,db52_default ,db52_tamanho ,db52_ident ,db52_imprimir ,db52_alinha ,db52_obs ,db52_quebraapos ) values ( 11478 ,714 ,'destinacao_lixo_enterra' ,'DESTINAÇÃO DO LIXO - ENTERRA' ,14 ,328 ,'0' ,1 ,'false' ,'true' ,'d' ,'' ,0 );
insert into avaliacaoperguntaopcaolayoutcampo( ed313_sequencial ,ed313_ano ,ed313_db_layoutcampo ,ed313_avaliacaoperguntaopcao ,ed313_layoutvalorcampo ) values ( 750 ,2014 ,11478 ,3000071 ,'1' );
insert into db_layoutcampos( db52_codigo ,db52_layoutlinha ,db52_nome ,db52_descr ,db52_layoutformat ,db52_posicao ,db52_default ,db52_tamanho ,db52_ident ,db52_imprimir ,db52_alinha ,db52_obs ,db52_quebraapos ) values ( 11479 ,714 ,'destinacao_lixo_outros' ,'DESTINAÇÃO DO LIXO - OUTROS' ,14 ,329 ,'0' ,1 ,'false' ,'true' ,'d' ,'' ,0 );
insert into avaliacaoperguntaopcaolayoutcampo( ed313_sequencial ,ed313_ano ,ed313_db_layoutcampo ,ed313_avaliacaoperguntaopcao ,ed313_layoutvalorcampo ) values ( 751 ,2014 ,11479 ,3000072 ,'1' );
insert into db_layoutcampos( db52_codigo ,db52_layoutlinha ,db52_nome ,db52_descr ,db52_layoutformat ,db52_posicao ,db52_default ,db52_tamanho ,db52_ident ,db52_imprimir ,db52_alinha ,db52_obs ,db52_quebraapos ) values ( 11480 ,714 ,'dependencias_existentes_escola_sala_diretoria' ,'DEP EXISTENTES ESCOLA - SALA DIRETORIA' ,14 ,330 ,'0' ,1 ,'false' ,'true' ,'d' ,'' ,0 );
insert into avaliacaoperguntaopcaolayoutcampo( ed313_sequencial ,ed313_ano ,ed313_db_layoutcampo ,ed313_avaliacaoperguntaopcao ,ed313_layoutvalorcampo ) values ( 752 ,2014 ,11480 ,3000000 ,'1' );
insert into db_layoutcampos( db52_codigo ,db52_layoutlinha ,db52_nome ,db52_descr ,db52_layoutformat ,db52_posicao ,db52_default ,db52_tamanho ,db52_ident ,db52_imprimir ,db52_alinha ,db52_obs ,db52_quebraapos ) values ( 11481 ,714 ,'dependencias_existentes_escola_sala_professores' ,'DEP EXISTENTES ESC - SALA DE PROFESSORES' ,14 ,331 ,'0' ,1 ,'false' ,'true' ,'d' ,'' ,0 );
insert into avaliacaoperguntaopcaolayoutcampo( ed313_sequencial ,ed313_ano ,ed313_db_layoutcampo ,ed313_avaliacaoperguntaopcao ,ed313_layoutvalorcampo ) values ( 753 ,2014 ,11481 ,3000001 ,'1' );
insert into db_layoutcampos( db52_codigo ,db52_layoutlinha ,db52_nome ,db52_descr ,db52_layoutformat ,db52_posicao ,db52_default ,db52_tamanho ,db52_ident ,db52_imprimir ,db52_alinha ,db52_obs ,db52_quebraapos ) values ( 11482 ,714 ,'dependencias_existentes_escola_sala_secretaria' ,'DEP EXISTENTES ESC - SALA DE SECRETARIA' ,14 ,332 ,'0' ,1 ,'false' ,'true' ,'d' ,'' ,0 );
insert into avaliacaoperguntaopcaolayoutcampo( ed313_sequencial ,ed313_ano ,ed313_db_layoutcampo ,ed313_avaliacaoperguntaopcao ,ed313_layoutvalorcampo ) values ( 754 ,2014 ,11482 ,3000017 ,'1' );
insert into db_layoutcampos( db52_codigo ,db52_layoutlinha ,db52_nome ,db52_descr ,db52_layoutformat ,db52_posicao ,db52_default ,db52_tamanho ,db52_ident ,db52_imprimir ,db52_alinha ,db52_obs ,db52_quebraapos ) values ( 11483 ,714 ,'dependencias_existentes_escola_laboratorio_informa' ,'DEP EXISTENTES ESC - LABORATORIO INFO' ,14 ,333 ,'0' ,1 ,'false' ,'true' ,'d' ,'dependencias existentes na escola - laboratorio de informatica' ,0 );
insert into avaliacaoperguntaopcaolayoutcampo( ed313_sequencial ,ed313_ano ,ed313_db_layoutcampo ,ed313_avaliacaoperguntaopcao ,ed313_layoutvalorcampo ) values ( 755 ,2014 ,11483 ,3000002 ,'1' );
insert into db_layoutcampos( db52_codigo ,db52_layoutlinha ,db52_nome ,db52_descr ,db52_layoutformat ,db52_posicao ,db52_default ,db52_tamanho ,db52_ident ,db52_imprimir ,db52_alinha ,db52_obs ,db52_quebraapos ) values ( 11484 ,714 ,'dependencias_existentes_escola_laboratorio_ciencia' ,'DEP EXISTENTES ESC - LABORATORIO CIENCIA' ,14 ,334 ,'0' ,1 ,'false' ,'true' ,'d' ,'' ,0 );
insert into avaliacaoperguntaopcaolayoutcampo( ed313_sequencial ,ed313_ano ,ed313_db_layoutcampo ,ed313_avaliacaoperguntaopcao ,ed313_layoutvalorcampo ) values ( 756 ,2014 ,11484 ,3000003 ,'1' );
insert into db_layoutcampos( db52_codigo ,db52_layoutlinha ,db52_nome ,db52_descr ,db52_layoutformat ,db52_posicao ,db52_default ,db52_tamanho ,db52_ident ,db52_imprimir ,db52_alinha ,db52_obs ,db52_quebraapos ) values ( 11485 ,714 ,'dependencias_existentes_escola_sala_recursos_multi' ,'DEP EXISTENTES ESC - SALA RECURSOS MULTI' ,14 ,335 ,'0' ,1 ,'false' ,'true' ,'d' ,'dependencias existentes na escola - sala de recursos multifuncionais para atendimento educacional especializado - AEE' ,0 );
insert into avaliacaoperguntaopcaolayoutcampo( ed313_sequencial ,ed313_ano ,ed313_db_layoutcampo ,ed313_avaliacaoperguntaopcao ,ed313_layoutvalorcampo ) values ( 757 ,2014 ,11485 ,3000004 ,'1' );
insert into db_layoutcampos( db52_codigo ,db52_layoutlinha ,db52_nome ,db52_descr ,db52_layoutformat ,db52_posicao ,db52_default ,db52_tamanho ,db52_ident ,db52_imprimir ,db52_alinha ,db52_obs ,db52_quebraapos ) values ( 11486 ,714 ,'dependencias_existentes_escola_quadra_esporte_cobe' ,'DEP EXISTENTES ESC - QUADRA ESPORTE COBE' ,14 ,336 ,'0' ,1 ,'false' ,'true' ,'d' ,'dependencias existentes na escola - quadra de esporte coberta' ,0 );
insert into avaliacaoperguntaopcaolayoutcampo( ed313_sequencial ,ed313_ano ,ed313_db_layoutcampo ,ed313_avaliacaoperguntaopcao ,ed313_layoutvalorcampo ) values ( 758 ,2014 ,11486 ,3000005 ,'1' );
insert into db_layoutcampos( db52_codigo ,db52_layoutlinha ,db52_nome ,db52_descr ,db52_layoutformat ,db52_posicao ,db52_default ,db52_tamanho ,db52_ident ,db52_imprimir ,db52_alinha ,db52_obs ,db52_quebraapos ) values ( 11487 ,714 ,'dependencias_existentes_escola_quadra_esporte_desc' ,'DEP EXISTENTES ESC - QUADRA ESPORTE DESC' ,14 ,337 ,'0' ,1 ,'false' ,'true' ,'d' ,'dependencias existentes na escola - quadra de esporte descoberta' ,0 );
insert into avaliacaoperguntaopcaolayoutcampo( ed313_sequencial ,ed313_ano ,ed313_db_layoutcampo ,ed313_avaliacaoperguntaopcao ,ed313_layoutvalorcampo ) values ( 759 ,2014 ,11487 ,3000006 ,'1' );
insert into db_layoutcampos( db52_codigo ,db52_layoutlinha ,db52_nome ,db52_descr ,db52_layoutformat ,db52_posicao ,db52_default ,db52_tamanho ,db52_ident ,db52_imprimir ,db52_alinha ,db52_obs ,db52_quebraapos ) values ( 11488 ,714 ,'dependencias_existentes_escola_cozinha' ,'DEP EXISTENTES ESC - COZINHA' ,14 ,338 ,'0' ,1 ,'false' ,'true' ,'d' ,'' ,0 );
insert into avaliacaoperguntaopcaolayoutcampo( ed313_sequencial ,ed313_ano ,ed313_db_layoutcampo ,ed313_avaliacaoperguntaopcao ,ed313_layoutvalorcampo ) values ( 760 ,2014 ,11488 ,3000007 ,'1' );
insert into db_layoutcampos( db52_codigo ,db52_layoutlinha ,db52_nome ,db52_descr ,db52_layoutformat ,db52_posicao ,db52_default ,db52_tamanho ,db52_ident ,db52_imprimir ,db52_alinha ,db52_obs ,db52_quebraapos ) values ( 11489 ,714 ,'dependencias_existentes_escola_biblioteca' ,'DEP EXISTENTES ESC - BIBLIOTECA' ,14 ,339 ,'0' ,1 ,'false' ,'true' ,'d' ,'' ,0 );
insert into avaliacaoperguntaopcaolayoutcampo( ed313_sequencial ,ed313_ano ,ed313_db_layoutcampo ,ed313_avaliacaoperguntaopcao ,ed313_layoutvalorcampo ) values ( 761 ,2014 ,11489 ,3000008 ,'1' );
insert into db_layoutcampos( db52_codigo ,db52_layoutlinha ,db52_nome ,db52_descr ,db52_layoutformat ,db52_posicao ,db52_default ,db52_tamanho ,db52_ident ,db52_imprimir ,db52_alinha ,db52_obs ,db52_quebraapos ) values ( 11490 ,714 ,'dependencias_existentes_escola_sala_leitura' ,'DEP EXISTENTES ESC - SALA DE LEITURA' ,14 ,340 ,'0' ,1 ,'false' ,'true' ,'d' ,'' ,0 );
insert into avaliacaoperguntaopcaolayoutcampo( ed313_sequencial ,ed313_ano ,ed313_db_layoutcampo ,ed313_avaliacaoperguntaopcao ,ed313_layoutvalorcampo ) values ( 762 ,2014 ,11490 ,3000009 ,'1' );
insert into db_layoutcampos( db52_codigo ,db52_layoutlinha ,db52_nome ,db52_descr ,db52_layoutformat ,db52_posicao ,db52_default ,db52_tamanho ,db52_ident ,db52_imprimir ,db52_alinha ,db52_obs ,db52_quebraapos ) values ( 11491 ,714 ,'dependencias_existentes_escola_parque_infantil' ,'DEP EXISTENTES ESC - PARQUE INFANTIL' ,14 ,341 ,'0' ,1 ,'false' ,'true' ,'d' ,'' ,0 );
insert into avaliacaoperguntaopcaolayoutcampo( ed313_sequencial ,ed313_ano ,ed313_db_layoutcampo ,ed313_avaliacaoperguntaopcao ,ed313_layoutvalorcampo ) values ( 763 ,2014 ,11491 ,3000010 ,'1' );
insert into db_layoutcampos( db52_codigo ,db52_layoutlinha ,db52_nome ,db52_descr ,db52_layoutformat ,db52_posicao ,db52_default ,db52_tamanho ,db52_ident ,db52_imprimir ,db52_alinha ,db52_obs ,db52_quebraapos ) values ( 11492 ,714 ,'dependencias_existentes_escola_bercario' ,'DEP EXISTENTES ESC - BERCARIO' ,14 ,342 ,'0' ,1 ,'false' ,'true' ,'d' ,'' ,0 );
insert into avaliacaoperguntaopcaolayoutcampo( ed313_sequencial ,ed313_ano ,ed313_db_layoutcampo ,ed313_avaliacaoperguntaopcao ,ed313_layoutvalorcampo ) values ( 764 ,2014 ,11492 ,3000011 ,'1' );
insert into db_layoutcampos( db52_codigo ,db52_layoutlinha ,db52_nome ,db52_descr ,db52_layoutformat ,db52_posicao ,db52_default ,db52_tamanho ,db52_ident ,db52_imprimir ,db52_alinha ,db52_obs ,db52_quebraapos ) values ( 11493 ,714 ,'dependencias_existentes_escola_banheiro_fora_predi' ,'DEP EXISTENTES ESC - BANHEIRO FORA PREDI' ,14 ,343 ,'0' ,1 ,'false' ,'true' ,'d' ,'dependencias existentes na escola - banheiro fora do predio' ,0 );
insert into avaliacaoperguntaopcaolayoutcampo( ed313_sequencial ,ed313_ano ,ed313_db_layoutcampo ,ed313_avaliacaoperguntaopcao ,ed313_layoutvalorcampo ) values ( 765 ,2014 ,11493 ,3000012 ,'1' );
insert into db_layoutcampos( db52_codigo ,db52_layoutlinha ,db52_nome ,db52_descr ,db52_layoutformat ,db52_posicao ,db52_default ,db52_tamanho ,db52_ident ,db52_imprimir ,db52_alinha ,db52_obs ,db52_quebraapos ) values ( 11494 ,714 ,'dependencias_existentes_escola_banheiro_dentro_pre' ,'DEP EXISTENTES ESC - BANHEIRO DENTRO PRE' ,14 ,344 ,'0' ,1 ,'false' ,'true' ,'d' ,'dependencias existentes na escola - banheiro dentro do predio' ,0 );
insert into avaliacaoperguntaopcaolayoutcampo( ed313_sequencial ,ed313_ano ,ed313_db_layoutcampo ,ed313_avaliacaoperguntaopcao ,ed313_layoutvalorcampo ) values ( 766 ,2014 ,11494 ,3000013 ,'1' );
insert into db_layoutcampos( db52_codigo ,db52_layoutlinha ,db52_nome ,db52_descr ,db52_layoutformat ,db52_posicao ,db52_default ,db52_tamanho ,db52_ident ,db52_imprimir ,db52_alinha ,db52_obs ,db52_quebraapos ) values ( 11495 ,714 ,'dependencias_existentes_escola_banheiro_educ_infan' ,'DEP EXISTENTES ESC - BANHEIRO EDUC INFAN' ,14 ,345 ,'0' ,1 ,'false' ,'true' ,'d' ,'' ,0 );
insert into avaliacaoperguntaopcaolayoutcampo( ed313_sequencial ,ed313_ano ,ed313_db_layoutcampo ,ed313_avaliacaoperguntaopcao ,ed313_layoutvalorcampo ) values ( 767 ,2014 ,11495 ,3000014 ,'1' );
insert into db_layoutcampos( db52_codigo ,db52_layoutlinha ,db52_nome ,db52_descr ,db52_layoutformat ,db52_posicao ,db52_default ,db52_tamanho ,db52_ident ,db52_imprimir ,db52_alinha ,db52_obs ,db52_quebraapos ) values ( 11496 ,714 ,'dependencias_existentes_escola_banheiro_alunos_def' ,'DEP EXISTENTES ESC - BANHEIRO ALUNOS DEF' ,14 ,346 ,'0' ,1 ,'false' ,'true' ,'d' ,'dependencias existentes na escola - banheiro para alunos co deficiencia ou mobilidade reduzida' ,0 );
insert into avaliacaoperguntaopcaolayoutcampo( ed313_sequencial ,ed313_ano ,ed313_db_layoutcampo ,ed313_avaliacaoperguntaopcao ,ed313_layoutvalorcampo ) values ( 768 ,2014 ,11496 ,3000015 ,'1' );
insert into db_layoutcampos( db52_codigo ,db52_layoutlinha ,db52_nome ,db52_descr ,db52_layoutformat ,db52_posicao ,db52_default ,db52_tamanho ,db52_ident ,db52_imprimir ,db52_alinha ,db52_obs ,db52_quebraapos ) values ( 11497 ,714 ,'dependencias_existentes_escola_dep_vias_alunos_def' ,'DEP EXISTENTES ESC - DEP VIAS ALUNOS DEF' ,14 ,347 ,'0' ,1 ,'false' ,'true' ,'d' ,'dependencias existentes na escola - dependencias e vias adequadas para alunos com deficiencia ou mobilidade reduzida' ,0 );
insert into avaliacaoperguntaopcaolayoutcampo( ed313_sequencial ,ed313_ano ,ed313_db_layoutcampo ,ed313_avaliacaoperguntaopcao ,ed313_layoutvalorcampo ) values ( 769 ,2014 ,11497 ,3000126 ,'1' );
insert into db_layoutcampos( db52_codigo ,db52_layoutlinha ,db52_nome ,db52_descr ,db52_layoutformat ,db52_posicao ,db52_default ,db52_tamanho ,db52_ident ,db52_imprimir ,db52_alinha ,db52_obs ,db52_quebraapos ) values ( 11498 ,714 ,'dependencias_existentes_escola_banheiro_chuveiro' ,'DEP EXISTENTES ESC - BANHEIRO CHUVEIRO' ,14 ,348 ,'0' ,1 ,'false' ,'true' ,'d' ,'dependencias existentes na escola - banheiro com cheveiro' ,0 );
insert into avaliacaoperguntaopcaolayoutcampo( ed313_sequencial ,ed313_ano ,ed313_db_layoutcampo ,ed313_avaliacaoperguntaopcao ,ed313_layoutvalorcampo ) values ( 770 ,2014 ,11498 ,3000018 ,'1' );
insert into db_layoutcampos( db52_codigo ,db52_layoutlinha ,db52_nome ,db52_descr ,db52_layoutformat ,db52_posicao ,db52_default ,db52_tamanho ,db52_ident ,db52_imprimir ,db52_alinha ,db52_obs ,db52_quebraapos ) values ( 11499 ,714 ,'dependencias_existentes_escola_refeitorio' ,'DEPENDENCIAS EXISTENTES ESCOLA REFEITORI' ,14 ,349 ,'0' ,1 ,'false' ,'true' ,'d' ,'dependencias existentes na escola - refeitorio' ,0 );
insert into avaliacaoperguntaopcaolayoutcampo( ed313_sequencial ,ed313_ano ,ed313_db_layoutcampo ,ed313_avaliacaoperguntaopcao ,ed313_layoutvalorcampo ) values ( 771 ,2014 ,11499 ,3000019 ,'1' );
insert into db_layoutcampos( db52_codigo ,db52_layoutlinha ,db52_nome ,db52_descr ,db52_layoutformat ,db52_posicao ,db52_default ,db52_tamanho ,db52_ident ,db52_imprimir ,db52_alinha ,db52_obs ,db52_quebraapos ) values ( 11500 ,714 ,'dependencias_existentes_escola_despensa' ,'DEPENDENCIAS EXISTENTES ESCOLA DESPENSA' ,14 ,350 ,'0' ,1 ,'false' ,'true' ,'d' ,'' ,0 );
insert into avaliacaoperguntaopcaolayoutcampo( ed313_sequencial ,ed313_ano ,ed313_db_layoutcampo ,ed313_avaliacaoperguntaopcao ,ed313_layoutvalorcampo ) values ( 772 ,2014 ,11500 ,3000020 ,'1' );
insert into db_layoutcampos( db52_codigo ,db52_layoutlinha ,db52_nome ,db52_descr ,db52_layoutformat ,db52_posicao ,db52_default ,db52_tamanho ,db52_ident ,db52_imprimir ,db52_alinha ,db52_obs ,db52_quebraapos ) values ( 11501 ,714 ,'dependencias_existentes_escola_almoxarifado' ,'DEPENDENCIAS EXISTENTES ESCOLA ALMOXARIF' ,14 ,351 ,'0' ,1 ,'false' ,'true' ,'d' ,'' ,0 );
insert into avaliacaoperguntaopcaolayoutcampo( ed313_sequencial ,ed313_ano ,ed313_db_layoutcampo ,ed313_avaliacaoperguntaopcao ,ed313_layoutvalorcampo ) values ( 773 ,2014 ,11501 ,3000021 ,'1' );
insert into db_layoutcampos( db52_codigo ,db52_layoutlinha ,db52_nome ,db52_descr ,db52_layoutformat ,db52_posicao ,db52_default ,db52_tamanho ,db52_ident ,db52_imprimir ,db52_alinha ,db52_obs ,db52_quebraapos ) values ( 11502 ,714 ,'dependencias_existentes_escola_auditorio' ,'DEPENDENCIAS EXISTENTES ESCOLA AUDITORIO' ,14 ,352 ,'0' ,1 ,'false' ,'true' ,'d' ,'' ,0 );
insert into avaliacaoperguntaopcaolayoutcampo( ed313_sequencial ,ed313_ano ,ed313_db_layoutcampo ,ed313_avaliacaoperguntaopcao ,ed313_layoutvalorcampo ) values ( 774 ,2014 ,11502 ,3000022 ,'1' );
insert into db_layoutcampos( db52_codigo ,db52_layoutlinha ,db52_nome ,db52_descr ,db52_layoutformat ,db52_posicao ,db52_default ,db52_tamanho ,db52_ident ,db52_imprimir ,db52_alinha ,db52_obs ,db52_quebraapos ) values ( 11503 ,714 ,'dependencias_existentes_escola_patio_coberto' ,'DEPENDENCIAS EXISTENTES ESCOLA PATIO COB' ,14 ,353 ,'0' ,1 ,'false' ,'true' ,'d' ,'dependencias existentes na escola - patio coberto' ,0 );
insert into avaliacaoperguntaopcaolayoutcampo( ed313_sequencial ,ed313_ano ,ed313_db_layoutcampo ,ed313_avaliacaoperguntaopcao ,ed313_layoutvalorcampo ) values ( 775 ,2014 ,11503 ,3000023 ,'1' );
insert into db_layoutcampos( db52_codigo ,db52_layoutlinha ,db52_nome ,db52_descr ,db52_layoutformat ,db52_posicao ,db52_default ,db52_tamanho ,db52_ident ,db52_imprimir ,db52_alinha ,db52_obs ,db52_quebraapos ) values ( 11504 ,714 ,'dependencias_existentes_escola_patio_descoberto' ,'DEPENDENCIAS EXISTENTES ESCOLA PATIO DES' ,14 ,354 ,'0' ,1 ,'false' ,'true' ,'d' ,'dependencias existentes na escola - patio descoberto' ,0 );
insert into avaliacaoperguntaopcaolayoutcampo( ed313_sequencial ,ed313_ano ,ed313_db_layoutcampo ,ed313_avaliacaoperguntaopcao ,ed313_layoutvalorcampo ) values ( 776 ,2014 ,11504 ,3000024 ,'1' );
insert into db_layoutcampos( db52_codigo ,db52_layoutlinha ,db52_nome ,db52_descr ,db52_layoutformat ,db52_posicao ,db52_default ,db52_tamanho ,db52_ident ,db52_imprimir ,db52_alinha ,db52_obs ,db52_quebraapos ) values ( 11505 ,714 ,'dependencias_existentes_escola_alojamento_aluno' ,'DEPENDENCIAS EXISTENTES ESCOLA ALOJ ALU' ,14 ,355 ,'0' ,1 ,'false' ,'true' ,'d' ,'dependencias existentes na escola - alojamento de alunos' ,0 );
insert into avaliacaoperguntaopcaolayoutcampo( ed313_sequencial ,ed313_ano ,ed313_db_layoutcampo ,ed313_avaliacaoperguntaopcao ,ed313_layoutvalorcampo ) values ( 777 ,2014 ,11505 ,3000025 ,'1' );
insert into db_layoutcampos( db52_codigo ,db52_layoutlinha ,db52_nome ,db52_descr ,db52_layoutformat ,db52_posicao ,db52_default ,db52_tamanho ,db52_ident ,db52_imprimir ,db52_alinha ,db52_obs ,db52_quebraapos ) values ( 11506 ,714 ,'dependencias_existentes_escola_alojamento_professo' ,'DEPENDENCIAS EXISTENTES ESCOLA ALOJ PROF' ,14 ,356 ,'0' ,1 ,'false' ,'true' ,'d' ,'dependencias existentes na escola - alojamento de professores' ,0 );
insert into avaliacaoperguntaopcaolayoutcampo( ed313_sequencial ,ed313_ano ,ed313_db_layoutcampo ,ed313_avaliacaoperguntaopcao ,ed313_layoutvalorcampo ) values ( 778 ,2014 ,11506 ,3000026 ,'1' );
insert into db_layoutcampos( db52_codigo ,db52_layoutlinha ,db52_nome ,db52_descr ,db52_layoutformat ,db52_posicao ,db52_default ,db52_tamanho ,db52_ident ,db52_imprimir ,db52_alinha ,db52_obs ,db52_quebraapos ) values ( 11507 ,714 ,'dependencias_existentes_escola_area_verde' ,'DEPENDENCIAS EXISTENTES ESCOLA AREA VERD' ,14 ,357 ,'0' ,1 ,'false' ,'true' ,'d' ,'dependencias existentes na escola - area verde' ,0 );
insert into avaliacaoperguntaopcaolayoutcampo( ed313_sequencial ,ed313_ano ,ed313_db_layoutcampo ,ed313_avaliacaoperguntaopcao ,ed313_layoutvalorcampo ) values ( 779 ,2014 ,11507 ,3000027 ,'1' );
insert into db_layoutcampos( db52_codigo ,db52_layoutlinha ,db52_nome ,db52_descr ,db52_layoutformat ,db52_posicao ,db52_default ,db52_tamanho ,db52_ident ,db52_imprimir ,db52_alinha ,db52_obs ,db52_quebraapos ) values ( 11508 ,714 ,'dependencias_existentes_escola_lavanderia' ,'DEPENDENCIAS EXISTENTES ESCOLA LAVANDERI' ,14 ,358 ,'0' ,1 ,'false' ,'true' ,'d' ,'dependencias existentes na escola - lavanderia' ,0 );
insert into avaliacaoperguntaopcaolayoutcampo( ed313_sequencial ,ed313_ano ,ed313_db_layoutcampo ,ed313_avaliacaoperguntaopcao ,ed313_layoutvalorcampo ) values ( 780 ,2014 ,11508 ,3000028 ,'1' );
insert into db_layoutcampos( db52_codigo ,db52_layoutlinha ,db52_nome ,db52_descr ,db52_layoutformat ,db52_posicao ,db52_default ,db52_tamanho ,db52_ident ,db52_imprimir ,db52_alinha ,db52_obs ,db52_quebraapos ) values ( 11509 ,714 ,'dependencias_existentes_escola_nenhuma_relacionada' ,'DEPENDENCIAS EXISTENTES ESCOLA NENHUMA' ,14 ,359 ,'0' ,1 ,'false' ,'true' ,'d' ,'dependencias existentes na escola - nenhuma das relacionadas' ,0 );
insert into avaliacaoperguntaopcaolayoutcampo( ed313_sequencial ,ed313_ano ,ed313_db_layoutcampo ,ed313_avaliacaoperguntaopcao ,ed313_layoutvalorcampo ) values ( 781 ,2014 ,11509 ,3000016 ,'1' );
insert into db_layoutcampos( db52_codigo ,db52_layoutlinha ,db52_nome ,db52_descr ,db52_layoutformat ,db52_posicao ,db52_default ,db52_tamanho ,db52_ident ,db52_imprimir ,db52_alinha ,db52_obs ,db52_quebraapos ) values ( 11510 ,714 ,'numero_salas_aula_existentes_escola' ,'NUMERO DE SALAS DE AULA EXISTENTES NA ES' ,14 ,360 ,'' ,4 ,'false' ,'true' ,'d' ,'numero de salas de aula existentes na escola' ,0 );
insert into avaliacaoperguntaopcaolayoutcampo( ed313_sequencial ,ed313_ano ,ed313_db_layoutcampo ,ed313_avaliacaoperguntaopcao ,ed313_layoutvalorcampo ) values ( 782 ,2014 ,11510 ,3000103 ,'' );
insert into db_layoutcampos( db52_codigo ,db52_layoutlinha ,db52_nome ,db52_descr ,db52_layoutformat ,db52_posicao ,db52_default ,db52_tamanho ,db52_ident ,db52_imprimir ,db52_alinha ,db52_obs ,db52_quebraapos ) values ( 11511 ,714 ,'numero_salas_usadas_como_salas_aula' ,'NUMERO DE SALAS USADAS COMO SALAS DE AUL' ,14 ,364 ,'' ,4 ,'false' ,'true' ,'d' ,'numero de salas usadas como sala de aula - dentro e fora do predio' ,0 );
insert into avaliacaoperguntaopcaolayoutcampo( ed313_sequencial ,ed313_ano ,ed313_db_layoutcampo ,ed313_avaliacaoperguntaopcao ,ed313_layoutvalorcampo ) values ( 783 ,2014 ,11511 ,3000104 ,'' );
insert into db_layoutcampos( db52_codigo ,db52_layoutlinha ,db52_nome ,db52_descr ,db52_layoutformat ,db52_posicao ,db52_default ,db52_tamanho ,db52_ident ,db52_imprimir ,db52_alinha ,db52_obs ,db52_quebraapos ) values ( 11512 ,714 ,'equipamentos_existentes_escola_televisao' ,'EQUIPAMENTOS EXISTENTES - TELEVISÃO' ,14 ,368 ,'' ,1 ,'false' ,'true' ,'d' ,'equipamentos existentes na escola - aparelho de televisão' ,0 );
insert into avaliacaoperguntaopcaolayoutcampo( ed313_sequencial ,ed313_ano ,ed313_db_layoutcampo ,ed313_avaliacaoperguntaopcao ,ed313_layoutvalorcampo ) values ( 784 ,2014 ,11512 ,3000056 ,'1' );
insert into db_layoutcampos( db52_codigo ,db52_layoutlinha ,db52_nome ,db52_descr ,db52_layoutformat ,db52_posicao ,db52_default ,db52_tamanho ,db52_ident ,db52_imprimir ,db52_alinha ,db52_obs ,db52_quebraapos ) values ( 11513 ,714 ,'equipamentos_existentes_escola_videocassete' ,'EQUIPAMENTOS EXISTENTES - VIDEOCASSETE' ,14 ,369 ,'' ,1 ,'false' ,'true' ,'d' ,'' ,0 );
insert into avaliacaoperguntaopcaolayoutcampo( ed313_sequencial ,ed313_ano ,ed313_db_layoutcampo ,ed313_avaliacaoperguntaopcao ,ed313_layoutvalorcampo ) values ( 785 ,2014 ,11513 ,3000057 ,'1' );
insert into db_layoutcampos( db52_codigo ,db52_layoutlinha ,db52_nome ,db52_descr ,db52_layoutformat ,db52_posicao ,db52_default ,db52_tamanho ,db52_ident ,db52_imprimir ,db52_alinha ,db52_obs ,db52_quebraapos ) values ( 11514 ,714 ,'equipamentos_existentes_escola_dvd' ,'EQUIPAMENTOS EXISTENTES - DVD' ,14 ,370 ,'' ,1 ,'false' ,'true' ,'d' ,'' ,0 );
insert into avaliacaoperguntaopcaolayoutcampo( ed313_sequencial ,ed313_ano ,ed313_db_layoutcampo ,ed313_avaliacaoperguntaopcao ,ed313_layoutvalorcampo ) values ( 786 ,2014 ,11514 ,3000058 ,'1' );
insert into db_layoutcampos( db52_codigo ,db52_layoutlinha ,db52_nome ,db52_descr ,db52_layoutformat ,db52_posicao ,db52_default ,db52_tamanho ,db52_ident ,db52_imprimir ,db52_alinha ,db52_obs ,db52_quebraapos ) values ( 11515 ,714 ,'equipamentos_existentes_escola_antena_parabolica' ,'EQUIPAMENTOS EXISTENTES - ANTENA PARABOL' ,14 ,371 ,'' ,1 ,'false' ,'true' ,'d' ,'' ,0 );
insert into avaliacaoperguntaopcaolayoutcampo( ed313_sequencial ,ed313_ano ,ed313_db_layoutcampo ,ed313_avaliacaoperguntaopcao ,ed313_layoutvalorcampo ) values ( 787 ,2014 ,11515 ,3000059 ,'1' );
insert into db_layoutcampos( db52_codigo ,db52_layoutlinha ,db52_nome ,db52_descr ,db52_layoutformat ,db52_posicao ,db52_default ,db52_tamanho ,db52_ident ,db52_imprimir ,db52_alinha ,db52_obs ,db52_quebraapos ) values ( 11516 ,714 ,'equipamentos_existentes_escola_copiadora' ,'EQUIPAMENTOS EXISTENTES - COPIADORA' ,14 ,372 ,'' ,1 ,'false' ,'true' ,'d' ,'' ,0 );
insert into avaliacaoperguntaopcaolayoutcampo( ed313_sequencial ,ed313_ano ,ed313_db_layoutcampo ,ed313_avaliacaoperguntaopcao ,ed313_layoutvalorcampo ) values ( 788 ,2014 ,11516 ,3000060 ,'1' );
insert into db_layoutcampos( db52_codigo ,db52_layoutlinha ,db52_nome ,db52_descr ,db52_layoutformat ,db52_posicao ,db52_default ,db52_tamanho ,db52_ident ,db52_imprimir ,db52_alinha ,db52_obs ,db52_quebraapos ) values ( 11517 ,714 ,'equipamentos_existentes_escola_retroprojetor' ,'EQUIPAMENTOS EXISTENTES - RETROPROJETOR' ,14 ,373 ,'' ,1 ,'false' ,'true' ,'d' ,'' ,0 );
insert into avaliacaoperguntaopcaolayoutcampo( ed313_sequencial ,ed313_ano ,ed313_db_layoutcampo ,ed313_avaliacaoperguntaopcao ,ed313_layoutvalorcampo ) values ( 789 ,2014 ,11517 ,3000061 ,'1' );
insert into db_layoutcampos( db52_codigo ,db52_layoutlinha ,db52_nome ,db52_descr ,db52_layoutformat ,db52_posicao ,db52_default ,db52_tamanho ,db52_ident ,db52_imprimir ,db52_alinha ,db52_obs ,db52_quebraapos ) values ( 11518 ,714 ,'equipamentos_existentes_escola_impressora' ,'EQUIPAMENTOS EXISTENTES - IMPRESSORA' ,14 ,374 ,'' ,1 ,'false' ,'true' ,'d' ,'' ,0 );
insert into avaliacaoperguntaopcaolayoutcampo( ed313_sequencial ,ed313_ano ,ed313_db_layoutcampo ,ed313_avaliacaoperguntaopcao ,ed313_layoutvalorcampo ) values ( 790 ,2014 ,11518 ,3000062 ,'1' );
insert into db_layoutcampos( db52_codigo ,db52_layoutlinha ,db52_nome ,db52_descr ,db52_layoutformat ,db52_posicao ,db52_default ,db52_tamanho ,db52_ident ,db52_imprimir ,db52_alinha ,db52_obs ,db52_quebraapos ) values ( 11519 ,714 ,'equipamentos_existentes_escola_aparelho_som' ,'EQUIPAMENTOS EXISTENTES - APARELHO SOM' ,14 ,375 ,'' ,1 ,'false' ,'true' ,'d' ,'' ,0 );
insert into avaliacaoperguntaopcaolayoutcampo( ed313_sequencial ,ed313_ano ,ed313_db_layoutcampo ,ed313_avaliacaoperguntaopcao ,ed313_layoutvalorcampo ) values ( 791 ,2014 ,11519 ,3000063 ,'1' );
insert into db_layoutcampos( db52_codigo ,db52_layoutlinha ,db52_nome ,db52_descr ,db52_layoutformat ,db52_posicao ,db52_default ,db52_tamanho ,db52_ident ,db52_imprimir ,db52_alinha ,db52_obs ,db52_quebraapos ) values ( 11520 ,714 ,'equipamentos_existentes_escola_projetor_datashow' ,'EQUIPAMENTOS EXISTENTES - PROJETOR MULTI' ,14 ,376 ,'' ,1 ,'false' ,'true' ,'d' ,'equipamentos existentes na escola - projetor multimidia (data show)' ,0 );
insert into avaliacaoperguntaopcaolayoutcampo( ed313_sequencial ,ed313_ano ,ed313_db_layoutcampo ,ed313_avaliacaoperguntaopcao ,ed313_layoutvalorcampo ) values ( 792 ,2014 ,11520 ,3000064 ,'1' );
insert into db_layoutcampos( db52_codigo ,db52_layoutlinha ,db52_nome ,db52_descr ,db52_layoutformat ,db52_posicao ,db52_default ,db52_tamanho ,db52_ident ,db52_imprimir ,db52_alinha ,db52_obs ,db52_quebraapos ) values ( 11521 ,714 ,'equipamentos_existentes_escola_fax' ,'EQUIPAMENTOS EXISTENTES - FAX' ,14 ,377 ,'' ,1 ,'false' ,'true' ,'d' ,'' ,0 );
insert into avaliacaoperguntaopcaolayoutcampo( ed313_sequencial ,ed313_ano ,ed313_db_layoutcampo ,ed313_avaliacaoperguntaopcao ,ed313_layoutvalorcampo ) values ( 793 ,2014 ,11521 ,3000065 ,'1' );
insert into db_layoutcampos( db52_codigo ,db52_layoutlinha ,db52_nome ,db52_descr ,db52_layoutformat ,db52_posicao ,db52_default ,db52_tamanho ,db52_ident ,db52_imprimir ,db52_alinha ,db52_obs ,db52_quebraapos ) values ( 11522 ,714 ,'equipamentos_existentes_escola_maquina_fotografica' ,'EQUIPAMENTOS EXISTENTES - MAQUINA FOTO' ,14 ,378 ,'' ,1 ,'false' ,'true' ,'d' ,'equipamentos existentes na escola - maquina fotografica/filmadora' ,0 );
insert into avaliacaoperguntaopcaolayoutcampo( ed313_sequencial ,ed313_ano ,ed313_db_layoutcampo ,ed313_avaliacaoperguntaopcao ,ed313_layoutvalorcampo ) values ( 794 ,2014 ,11522 ,3000066 ,'1' );
insert into db_layoutcampos( db52_codigo ,db52_layoutlinha ,db52_nome ,db52_descr ,db52_layoutformat ,db52_posicao ,db52_default ,db52_tamanho ,db52_ident ,db52_imprimir ,db52_alinha ,db52_obs ,db52_quebraapos ) values ( 11523 ,714 ,'equipamentos_existentes_escola_computador' ,'EQUIPAMENTOS EXISTENTES NA ESCOLA - COMP' ,14 ,379 ,'' ,1 ,'false' ,'true' ,'d' ,'' ,0 );
insert into avaliacaoperguntaopcaolayoutcampo( ed313_sequencial ,ed313_ano ,ed313_db_layoutcampo ,ed313_avaliacaoperguntaopcao ,ed313_layoutvalorcampo ) values ( 795 ,2014 ,11523 ,3000032 ,'' );
insert into db_layoutcampos( db52_codigo ,db52_layoutlinha ,db52_nome ,db52_descr ,db52_layoutformat ,db52_posicao ,db52_default ,db52_tamanho ,db52_ident ,db52_imprimir ,db52_alinha ,db52_obs ,db52_quebraapos ) values ( 11524 ,714 ,'quantidade_computadores_uso_administrativo' ,'QUANTIDADE DE COMPUTADORES DE USO ADMIN' ,14 ,380 ,'' ,4 ,'false' ,'true' ,'d' ,'' ,0 );
insert into avaliacaoperguntaopcaolayoutcampo( ed313_sequencial ,ed313_ano ,ed313_db_layoutcampo ,ed313_avaliacaoperguntaopcao ,ed313_layoutvalorcampo ) values ( 796 ,2014 ,11524 ,3000033 ,'' );
insert into db_layoutcampos( db52_codigo ,db52_layoutlinha ,db52_nome ,db52_descr ,db52_layoutformat ,db52_posicao ,db52_default ,db52_tamanho ,db52_ident ,db52_imprimir ,db52_alinha ,db52_obs ,db52_quebraapos ) values ( 11525 ,714 ,'quantidade_computadores_uso_alunos' ,'QUANTIDADE DE COMPUTADORES DE USO ALUNOS' ,14 ,384 ,'' ,4 ,'false' ,'true' ,'d' ,'' ,0 );
insert into avaliacaoperguntaopcaolayoutcampo( ed313_sequencial ,ed313_ano ,ed313_db_layoutcampo ,ed313_avaliacaoperguntaopcao ,ed313_layoutvalorcampo ) values ( 797 ,2014 ,11525 ,3000113 ,'' );
insert into db_layoutcampos( db52_codigo ,db52_layoutlinha ,db52_nome ,db52_descr ,db52_layoutformat ,db52_posicao ,db52_default ,db52_tamanho ,db52_ident ,db52_imprimir ,db52_alinha ,db52_obs ,db52_quebraapos ) values ( 11526 ,714 ,'acesso_internet' ,'ACESSO A INTERNET' ,14 ,388 ,'' ,1 ,'false' ,'true' ,'d' ,'' ,0 );
insert into avaliacaoperguntaopcaolayoutcampo( ed313_sequencial ,ed313_ano ,ed313_db_layoutcampo ,ed313_avaliacaoperguntaopcao ,ed313_layoutvalorcampo ) values ( 798 ,2014 ,11526 ,3000035 ,'1' );
insert into avaliacaoperguntaopcaolayoutcampo( ed313_sequencial ,ed313_ano ,ed313_db_layoutcampo ,ed313_avaliacaoperguntaopcao ,ed313_layoutvalorcampo ) values ( 799 ,2014 ,11526 ,3000036 ,'0' );
insert into db_layoutcampos( db52_codigo ,db52_layoutlinha ,db52_nome ,db52_descr ,db52_layoutformat ,db52_posicao ,db52_default ,db52_tamanho ,db52_ident ,db52_imprimir ,db52_alinha ,db52_obs ,db52_quebraapos ) values ( 11527 ,714 ,'banda_larga' ,'BANDA LARGA' ,14 ,389 ,'' ,1 ,'false' ,'true' ,'d' ,'' ,0 );
insert into avaliacaoperguntaopcaolayoutcampo( ed313_sequencial ,ed313_ano ,ed313_db_layoutcampo ,ed313_avaliacaoperguntaopcao ,ed313_layoutvalorcampo ) values ( 800 ,2014 ,11527 ,3000037 ,'1' );
insert into avaliacaoperguntaopcaolayoutcampo( ed313_sequencial ,ed313_ano ,ed313_db_layoutcampo ,ed313_avaliacaoperguntaopcao ,ed313_layoutvalorcampo ) values ( 801 ,2014 ,11527 ,3000038 ,'0' );
insert into db_layoutcampos( db52_codigo ,db52_layoutlinha ,db52_nome ,db52_descr ,db52_layoutformat ,db52_posicao ,db52_default ,db52_tamanho ,db52_ident ,db52_imprimir ,db52_alinha ,db52_obs ,db52_quebraapos ) values ( 11528 ,714 ,'total_funcionarios_prof_aux_assistentes_monitores' ,'TOTAL DE FUNCIONARIOS DA ESCOLA' ,14 ,390 ,'' ,4 ,'false' ,'true' ,'d' ,'total de funcionarios da escola (inclusive professores, auxiliares/assistentes educacionais, monitores de atividade complententar e interprete de libras' ,0 );
insert into db_layoutcampos( db52_codigo ,db52_layoutlinha ,db52_nome ,db52_descr ,db52_layoutformat ,db52_posicao ,db52_default ,db52_tamanho ,db52_ident ,db52_imprimir ,db52_alinha ,db52_obs ,db52_quebraapos ) values ( 11529 ,714 ,'alimentacao_escolar_aluno' ,'ALIMENTAÇÃO ESCOLAR PARA OS ALUNOS' ,14 ,394 ,'' ,1 ,'false' ,'true' ,'d' ,'' ,0 );
insert into avaliacaoperguntaopcaolayoutcampo( ed313_sequencial ,ed313_ano ,ed313_db_layoutcampo ,ed313_avaliacaoperguntaopcao ,ed313_layoutvalorcampo ) values ( 802 ,2014 ,11529 ,3000101 ,'1' );
insert into avaliacaoperguntaopcaolayoutcampo( ed313_sequencial ,ed313_ano ,ed313_db_layoutcampo ,ed313_avaliacaoperguntaopcao ,ed313_layoutvalorcampo ) values ( 803 ,2014 ,11529 ,3000102 ,'0' );
insert into db_layoutcampos( db52_codigo ,db52_layoutlinha ,db52_nome ,db52_descr ,db52_layoutformat ,db52_posicao ,db52_default ,db52_tamanho ,db52_ident ,db52_imprimir ,db52_alinha ,db52_obs ,db52_quebraapos ) values ( 11530 ,714 ,'atendimento_educacional_especializado' ,'ATENDIMENTO EDUCACIONAL ESPECIALIZADO' ,14 ,395 ,'' ,1 ,'false' ,'true' ,'d' ,'' ,0 );
insert into avaliacaoperguntaopcaolayoutcampo( ed313_sequencial ,ed313_ano ,ed313_db_layoutcampo ,ed313_avaliacaoperguntaopcao ,ed313_layoutvalorcampo ) values ( 804 ,2014 ,11530 ,3000109 ,'2' );
insert into avaliacaoperguntaopcaolayoutcampo( ed313_sequencial ,ed313_ano ,ed313_db_layoutcampo ,ed313_avaliacaoperguntaopcao ,ed313_layoutvalorcampo ) values ( 805 ,2014 ,11530 ,3000108 ,'1' );
insert into avaliacaoperguntaopcaolayoutcampo( ed313_sequencial ,ed313_ano ,ed313_db_layoutcampo ,ed313_avaliacaoperguntaopcao ,ed313_layoutvalorcampo ) values ( 806 ,2014 ,11530 ,3000110 ,'0' );
insert into db_layoutcampos( db52_codigo ,db52_layoutlinha ,db52_nome ,db52_descr ,db52_layoutformat ,db52_posicao ,db52_default ,db52_tamanho ,db52_ident ,db52_imprimir ,db52_alinha ,db52_obs ,db52_quebraapos ) values ( 11531 ,714 ,'atividade_complementar' ,'ATIVIDADE COMPLEMENTAR' ,14 ,396 ,'' ,1 ,'false' ,'true' ,'d' ,'' ,0 );
insert into avaliacaoperguntaopcaolayoutcampo( ed313_sequencial ,ed313_ano ,ed313_db_layoutcampo ,ed313_avaliacaoperguntaopcao ,ed313_layoutvalorcampo ) values ( 807 ,2014 ,11531 ,3000105 ,'1' );
insert into avaliacaoperguntaopcaolayoutcampo( ed313_sequencial ,ed313_ano ,ed313_db_layoutcampo ,ed313_avaliacaoperguntaopcao ,ed313_layoutvalorcampo ) values ( 808 ,2014 ,11531 ,3000106 ,'0' );
insert into avaliacaoperguntaopcaolayoutcampo( ed313_sequencial ,ed313_ano ,ed313_db_layoutcampo ,ed313_avaliacaoperguntaopcao ,ed313_layoutvalorcampo ) values ( 809 ,2014 ,11531 ,3000107 ,'2' );
insert into db_layoutcampos( db52_codigo ,db52_layoutlinha ,db52_nome ,db52_descr ,db52_layoutformat ,db52_posicao ,db52_default ,db52_tamanho ,db52_ident ,db52_imprimir ,db52_alinha ,db52_obs ,db52_quebraapos ) values ( 11532 ,714 ,'modalidade_ensino_regular' ,'MODELIDADE - ENSINO REGULAR' ,14 ,397 ,'' ,1 ,'false' ,'true' ,'d' ,'' ,0 );
insert into db_layoutcampos( db52_codigo ,db52_layoutlinha ,db52_nome ,db52_descr ,db52_layoutformat ,db52_posicao ,db52_default ,db52_tamanho ,db52_ident ,db52_imprimir ,db52_alinha ,db52_obs ,db52_quebraapos ) values ( 11533 ,714 ,'modalidade_educacao_especial_modalidade_substutiva' ,'MODALIDADE - EDUCAÇÃO ESPECIAL - SUBST' ,14 ,398 ,'' ,1 ,'false' ,'true' ,'d' ,'modalidade - educação especial - modalidade substutiva' ,0 );
insert into db_layoutcampos( db52_codigo ,db52_layoutlinha ,db52_nome ,db52_descr ,db52_layoutformat ,db52_posicao ,db52_default ,db52_tamanho ,db52_ident ,db52_imprimir ,db52_alinha ,db52_obs ,db52_quebraapos ) values ( 11534 ,714 ,'modalidade_educacao_jovens_adultos' ,'MODALIDADE - EDUCAÇÃO DE JOVENS E ADULTO' ,14 ,399 ,'' ,1 ,'false' ,'true' ,'d' ,'' ,0 );
insert into db_layoutcampos( db52_codigo ,db52_layoutlinha ,db52_nome ,db52_descr ,db52_layoutformat ,db52_posicao ,db52_default ,db52_tamanho ,db52_ident ,db52_imprimir ,db52_alinha ,db52_obs ,db52_quebraapos ) values ( 11535 ,714 ,'etapas_ensino_regular_creche' ,'ETAPAS DO ENSINO REGULAR - CRECHE 0 A 3' ,14 ,400 ,'' ,1 ,'false' ,'true' ,'d' ,'etapas do ensino regular - creche - de zero a 3 anos' ,0 );
insert into db_layoutcampos( db52_codigo ,db52_layoutlinha ,db52_nome ,db52_descr ,db52_layoutformat ,db52_posicao ,db52_default ,db52_tamanho ,db52_ident ,db52_imprimir ,db52_alinha ,db52_obs ,db52_quebraapos ) values ( 11536 ,714 ,'etapas_ensino_regular_pre_escola' ,'ETAPAS DO ENSINO REGULAR - PRE ESCOLA' ,14 ,401 ,'' ,1 ,'false' ,'true' ,'d' ,'etapas do ensino regular - pre escola - de 4 a 5 anos' ,0 );
insert into db_layoutcampos( db52_codigo ,db52_layoutlinha ,db52_nome ,db52_descr ,db52_layoutformat ,db52_posicao ,db52_default ,db52_tamanho ,db52_ident ,db52_imprimir ,db52_alinha ,db52_obs ,db52_quebraapos ) values ( 11537 ,714 ,'etapas_ensino_regular_ensino_fundamental_8_anos' ,'ETAPAS DO ENSINO REGULAR - EF8 ANOS' ,14 ,402 ,'' ,1 ,'false' ,'true' ,'d' ,'etapas do ensino fundamental de 8 anos' ,0 );
insert into db_layoutcampos( db52_codigo ,db52_layoutlinha ,db52_nome ,db52_descr ,db52_layoutformat ,db52_posicao ,db52_default ,db52_tamanho ,db52_ident ,db52_imprimir ,db52_alinha ,db52_obs ,db52_quebraapos ) values ( 11538 ,714 ,'etapas_ensino_regular_ensino_fundamental_9_anos' ,'ETAPAS DO ENSINO REGULAR - EF9 ANOS' ,14 ,403 ,'' ,1 ,'false' ,'true' ,'d' ,'etapas do ensino regular - ensino fundamental de 9 anos' ,0 );
insert into db_layoutcampos( db52_codigo ,db52_layoutlinha ,db52_nome ,db52_descr ,db52_layoutformat ,db52_posicao ,db52_default ,db52_tamanho ,db52_ident ,db52_imprimir ,db52_alinha ,db52_obs ,db52_quebraapos ) values ( 11539 ,714 ,'etapas_ensino_regular_ensino_medio_medio' ,'ETAPAS DO ENSINO REGULAR - EM MEDIO' ,14 ,404 ,'' ,1 ,'false' ,'true' ,'d' ,'etapas do ensino regular - ensino medio - medio' ,0 );
insert into db_layoutcampos( db52_codigo ,db52_layoutlinha ,db52_nome ,db52_descr ,db52_layoutformat ,db52_posicao ,db52_default ,db52_tamanho ,db52_ident ,db52_imprimir ,db52_alinha ,db52_obs ,db52_quebraapos ) values ( 11540 ,714 ,'etapas_ensino_regular_ensino_medio_integrado' ,'ETAPAS DO ENSINO REGULAR - EM INTEGRADO' ,14 ,405 ,'' ,1 ,'false' ,'true' ,'d' ,'etapas do ensino regular - ensino medio - integrado' ,0 );
insert into db_layoutcampos( db52_codigo ,db52_layoutlinha ,db52_nome ,db52_descr ,db52_layoutformat ,db52_posicao ,db52_default ,db52_tamanho ,db52_ident ,db52_imprimir ,db52_alinha ,db52_obs ,db52_quebraapos ) values ( 11541 ,714 ,'etapas_ensino_regular_ensino_medio_normal_magister' ,'ETAPAS DO ENSINO REGULAR - EM NORMAL MAG' ,14 ,406 ,'' ,1 ,'false' ,'true' ,'d' ,'etapas do ensino regular - ensino medio - normal/magisterio' ,0 );
insert into db_layoutcampos( db52_codigo ,db52_layoutlinha ,db52_nome ,db52_descr ,db52_layoutformat ,db52_posicao ,db52_default ,db52_tamanho ,db52_ident ,db52_imprimir ,db52_alinha ,db52_obs ,db52_quebraapos ) values ( 11542 ,714 ,'etapas_ensino_regular_ensino_medio_profissional' ,'ETAPAS DO ENSINO REGULAR - EM PROFISSION' ,14 ,407 ,'' ,1 ,'false' ,'true' ,'d' ,'etapas do ensino regular - ensino medio - educação profissional' ,0 );
insert into db_layoutcampos( db52_codigo ,db52_layoutlinha ,db52_nome ,db52_descr ,db52_layoutformat ,db52_posicao ,db52_default ,db52_tamanho ,db52_ident ,db52_imprimir ,db52_alinha ,db52_obs ,db52_quebraapos ) values ( 11543 ,714 ,'etapa_educacao_especial_creche' ,'ETAPA EDUCACAO ESPECIAL - CRECHE 0 A 3' ,14 ,408 ,'' ,1 ,'false' ,'true' ,'d' ,'etapa - educação especial - creche (de zero a 3 anos)' ,0 );
insert into db_layoutcampos( db52_codigo ,db52_layoutlinha ,db52_nome ,db52_descr ,db52_layoutformat ,db52_posicao ,db52_default ,db52_tamanho ,db52_ident ,db52_imprimir ,db52_alinha ,db52_obs ,db52_quebraapos ) values ( 11544 ,714 ,'etapa_educacao_especial_pre_escola' ,'ETAPA EDUCACAO ESPECIAL - PRE ESCOLA' ,14 ,409 ,'' ,1 ,'false' ,'true' ,'d' ,'etapa - educação escpecial - pre escola (de 4 a 5 anos)' ,0 );
insert into db_layoutcampos( db52_codigo ,db52_layoutlinha ,db52_nome ,db52_descr ,db52_layoutformat ,db52_posicao ,db52_default ,db52_tamanho ,db52_ident ,db52_imprimir ,db52_alinha ,db52_obs ,db52_quebraapos ) values ( 11545 ,714 ,'etapa_educacao_especial_ensino_fundamental_8_anos' ,'ETAPA EDUCACAO ESPECIAL - EF8 ANOS' ,14 ,410 ,'' ,1 ,'false' ,'true' ,'d' ,'etapa - educação especial - ensino fundamental de 8 anos' ,0 );
insert into db_layoutcampos( db52_codigo ,db52_layoutlinha ,db52_nome ,db52_descr ,db52_layoutformat ,db52_posicao ,db52_default ,db52_tamanho ,db52_ident ,db52_imprimir ,db52_alinha ,db52_obs ,db52_quebraapos ) values ( 11546 ,714 ,'etapa_educacao_especial_ensino_fundamental_9_anos' ,'ETAPA EDUCACAO ESPECIAL - EF9 ANOS' ,14 ,411 ,'' ,1 ,'false' ,'true' ,'d' ,'etapa - educação especial - ensino fundamenta de 9 anos' ,0 );
insert into db_layoutcampos( db52_codigo ,db52_layoutlinha ,db52_nome ,db52_descr ,db52_layoutformat ,db52_posicao ,db52_default ,db52_tamanho ,db52_ident ,db52_imprimir ,db52_alinha ,db52_obs ,db52_quebraapos ) values ( 11547 ,714 ,'etapa_educacao_especial_ensino_medio_medio' ,'ETAPA EDUCACAO ESPECIAL - EM - MEDIO' ,14 ,412 ,'' ,1 ,'false' ,'true' ,'d' ,'etapa - educação especial - ensino medio - medio' ,0 );
insert into db_layoutcampos( db52_codigo ,db52_layoutlinha ,db52_nome ,db52_descr ,db52_layoutformat ,db52_posicao ,db52_default ,db52_tamanho ,db52_ident ,db52_imprimir ,db52_alinha ,db52_obs ,db52_quebraapos ) values ( 11548 ,714 ,'etapa_educacao_especial_ensino_medio_integrado' ,'ETAPA EDUCACAO ESPECIAL - EM - INTEGRADO' ,14 ,413 ,'' ,1 ,'false' ,'true' ,'d' ,'etapa - educação especial - ensino medio - integrado' ,0 );
insert into db_layoutcampos( db52_codigo ,db52_layoutlinha ,db52_nome ,db52_descr ,db52_layoutformat ,db52_posicao ,db52_default ,db52_tamanho ,db52_ident ,db52_imprimir ,db52_alinha ,db52_obs ,db52_quebraapos ) values ( 11549 ,714 ,'etapa_educacao_especial_ensino_medio_normal_magist' ,'ETAPA EDUCACAO ESPECIAL - EM - NORMAL/MA' ,14 ,414 ,'' ,1 ,'false' ,'true' ,'d' ,'etapa - educação especial - ensino medio - normal / magisterio' ,0 );
insert into db_layoutcampos( db52_codigo ,db52_layoutlinha ,db52_nome ,db52_descr ,db52_layoutformat ,db52_posicao ,db52_default ,db52_tamanho ,db52_ident ,db52_imprimir ,db52_alinha ,db52_obs ,db52_quebraapos ) values ( 11550 ,714 ,'etapa_educacao_especial_ensino_medio_educ_profis' ,'ETAPA EDUCACAO ESPECIAL - EM - EDUC PROF' ,14 ,415 ,'' ,1 ,'false' ,'true' ,'d' ,'etapa - educação especial - ensino medio - educação profissional' ,0 );
insert into db_layoutcampos( db52_codigo ,db52_layoutlinha ,db52_nome ,db52_descr ,db52_layoutformat ,db52_posicao ,db52_default ,db52_tamanho ,db52_ident ,db52_imprimir ,db52_alinha ,db52_obs ,db52_quebraapos ) values ( 11551 ,714 ,'etapa_educacao_especial_eja_ensino_fundamental' ,'ETAPA EDUCACAO ESPECIAL - EJA ENSINO FUN' ,14 ,416 ,'' ,1 ,'false' ,'true' ,'d' ,'etapa - educação profissional - eja ensino fundamental' ,0 );
insert into db_layoutcampos( db52_codigo ,db52_layoutlinha ,db52_nome ,db52_descr ,db52_layoutformat ,db52_posicao ,db52_default ,db52_tamanho ,db52_ident ,db52_imprimir ,db52_alinha ,db52_obs ,db52_quebraapos ) values ( 11552 ,714 ,'etapa_educacao_especial_eja_ensino_medio' ,'ETAPA EDUCACAO ESPECIAL - EJA ENSINO MED' ,14 ,417 ,'' ,1 ,'false' ,'true' ,'d' ,'etapa - educação especial - eja ensino medio' ,0 );
insert into db_layoutcampos( db52_codigo ,db52_layoutlinha ,db52_nome ,db52_descr ,db52_layoutformat ,db52_posicao ,db52_default ,db52_tamanho ,db52_ident ,db52_imprimir ,db52_alinha ,db52_obs ,db52_quebraapos ) values ( 11553 ,714 ,'etapa_eja_ensino_fundamental' ,'ETAPA - EJA - ENSINO FUNDAMENTAL' ,14 ,418 ,'' ,1 ,'false' ,'true' ,'d' ,'' ,0 );
insert into db_layoutcampos( db52_codigo ,db52_layoutlinha ,db52_nome ,db52_descr ,db52_layoutformat ,db52_posicao ,db52_default ,db52_tamanho ,db52_ident ,db52_imprimir ,db52_alinha ,db52_obs ,db52_quebraapos ) values ( 11554 ,714 ,'etapa_eja_ensino_fundamental_projovem_urbano' ,'ETAPA - EJA - PROJOVEM URBANO' ,14 ,419 ,'' ,1 ,'false' ,'true' ,'d' ,'' ,0 );
insert into db_layoutcampos( db52_codigo ,db52_layoutlinha ,db52_nome ,db52_descr ,db52_layoutformat ,db52_posicao ,db52_default ,db52_tamanho ,db52_ident ,db52_imprimir ,db52_alinha ,db52_obs ,db52_quebraapos ) values ( 11555 ,714 ,'etapa_eja_ensino_medio' ,'ETAPA - EJA - ENSINO MEDIO' ,14 ,420 ,'' ,1 ,'false' ,'true' ,'d' ,'' ,0 );
insert into db_layoutcampos( db52_codigo ,db52_layoutlinha ,db52_nome ,db52_descr ,db52_layoutformat ,db52_posicao ,db52_default ,db52_tamanho ,db52_ident ,db52_imprimir ,db52_alinha ,db52_obs ,db52_quebraapos ) values ( 11556 ,714 ,'ensino_fundamental_organizado_ciclos' ,'ENSINO FUNDAMENTAL ORGANIZADO CICLOS' ,14 ,421 ,'' ,1 ,'false' ,'true' ,'d' ,'' ,0 );
insert into avaliacaoperguntaopcaolayoutcampo( ed313_sequencial ,ed313_ano ,ed313_db_layoutcampo ,ed313_avaliacaoperguntaopcao ,ed313_layoutvalorcampo ) values ( 810 ,2014 ,11556 ,3000111 ,'0' );
insert into avaliacaoperguntaopcaolayoutcampo( ed313_sequencial ,ed313_ano ,ed313_db_layoutcampo ,ed313_avaliacaoperguntaopcao ,ed313_layoutvalorcampo ) values ( 811 ,2014 ,11556 ,3000112 ,'1' );
insert into db_layoutcampos( db52_codigo ,db52_layoutlinha ,db52_nome ,db52_descr ,db52_layoutformat ,db52_posicao ,db52_default ,db52_tamanho ,db52_ident ,db52_imprimir ,db52_alinha ,db52_obs ,db52_quebraapos ) values ( 11557 ,714 ,'localizacao_diferenciada_escola' ,'LOCALIZAÇÃO DIFERENCIADA DA ESCOLA' ,14 ,422 ,'' ,1 ,'false' ,'true' ,'d' ,'' ,0 );
insert into db_layoutcampos( db52_codigo ,db52_layoutlinha ,db52_nome ,db52_descr ,db52_layoutformat ,db52_posicao ,db52_default ,db52_tamanho ,db52_ident ,db52_imprimir ,db52_alinha ,db52_obs ,db52_quebraapos ) values ( 11558 ,714 ,'materiais_didaticos_especificos_nao_utiliza' ,'MATERIAIS DIDATICOS - NAO UTILIZA' ,14 ,423 ,'0' ,1 ,'false' ,'true' ,'d' ,'materiais didaticos especificos para atendimento a diversidade socio-cultural - nao utiliza' ,0 );
insert into avaliacaoperguntaopcaolayoutcampo( ed313_sequencial ,ed313_ano ,ed313_db_layoutcampo ,ed313_avaliacaoperguntaopcao ,ed313_layoutvalorcampo ) values ( 812 ,2014 ,11558 ,3000053 ,'1' );
insert into db_layoutcampos( db52_codigo ,db52_layoutlinha ,db52_nome ,db52_descr ,db52_layoutformat ,db52_posicao ,db52_default ,db52_tamanho ,db52_ident ,db52_imprimir ,db52_alinha ,db52_obs ,db52_quebraapos ) values ( 11559 ,714 ,'materiais_didaticos_especificos_quilombola' ,'MATERIAIS DIDATICOS - QUILOMBOLA' ,14 ,424 ,'0' ,1 ,'false' ,'true' ,'d' ,'' ,0 );
insert into avaliacaoperguntaopcaolayoutcampo( ed313_sequencial ,ed313_ano ,ed313_db_layoutcampo ,ed313_avaliacaoperguntaopcao ,ed313_layoutvalorcampo ) values ( 813 ,2014 ,11559 ,3000054 ,'1' );
insert into db_layoutcampos( db52_codigo ,db52_layoutlinha ,db52_nome ,db52_descr ,db52_layoutformat ,db52_posicao ,db52_default ,db52_tamanho ,db52_ident ,db52_imprimir ,db52_alinha ,db52_obs ,db52_quebraapos ) values ( 11560 ,714 ,'materiais_didaticos_especificos_indigena' ,'MATERIAIS DIDATICOS - INDIGENA' ,14 ,425 ,'0' ,1 ,'false' ,'true' ,'d' ,'' ,0 );
insert into avaliacaoperguntaopcaolayoutcampo( ed313_sequencial ,ed313_ano ,ed313_db_layoutcampo ,ed313_avaliacaoperguntaopcao ,ed313_layoutvalorcampo ) values ( 814 ,2014 ,11560 ,3000055 ,'1' );
insert into db_layoutcampos( db52_codigo ,db52_layoutlinha ,db52_nome ,db52_descr ,db52_layoutformat ,db52_posicao ,db52_default ,db52_tamanho ,db52_ident ,db52_imprimir ,db52_alinha ,db52_obs ,db52_quebraapos ) values ( 11561 ,714 ,'educacao_indigena' ,'EDUCAÇÃO INDÍGENA' ,14 ,426 ,'' ,1 ,'false' ,'true' ,'d' ,'' ,0 );
insert into db_layoutcampos( db52_codigo ,db52_layoutlinha ,db52_nome ,db52_descr ,db52_layoutformat ,db52_posicao ,db52_default ,db52_tamanho ,db52_ident ,db52_imprimir ,db52_alinha ,db52_obs ,db52_quebraapos ) values ( 11562 ,714 ,'lingua_ensino_ministrado_lingua_indigena' ,'LINGUA MINISTRADA LINGUA INDIGENA' ,14 ,427 ,'' ,1 ,'false' ,'true' ,'d' ,'lingua em que o ensino é ministrada - lingua indigena' ,0 );
insert into db_layoutcampos( db52_codigo ,db52_layoutlinha ,db52_nome ,db52_descr ,db52_layoutformat ,db52_posicao ,db52_default ,db52_tamanho ,db52_ident ,db52_imprimir ,db52_alinha ,db52_obs ,db52_quebraapos ) values ( 11563 ,714 ,'lingua_ensino_ministrada_lingua_portuguesa' ,'LINGUA MINISTRADA - LINGUA PORTUGUESA' ,14 ,428 ,'' ,1 ,'false' ,'true' ,'d' ,'lingua em que o ensino é ministrada - lingua portuguesa' ,0 );
insert into db_layoutcampos( db52_codigo ,db52_layoutlinha ,db52_nome ,db52_descr ,db52_layoutformat ,db52_posicao ,db52_default ,db52_tamanho ,db52_ident ,db52_imprimir ,db52_alinha ,db52_obs ,db52_quebraapos ) values ( 11564 ,714 ,'codigo_lingua_indigena' ,'CODIGO DA LINGUA INDIGENA' ,14 ,429 ,'' ,5 ,'false' ,'true' ,'d' ,'' ,0 );
insert into db_layoutcampos( db52_codigo ,db52_layoutlinha ,db52_nome ,db52_descr ,db52_layoutformat ,db52_posicao ,db52_default ,db52_tamanho ,db52_ident ,db52_imprimir ,db52_alinha ,db52_obs ,db52_quebraapos ) values ( 11565 ,714 ,'escola_cede_espaco_turma_brasil_alfabetizado' ,'ESCOLA CEDE ESPACO TURMAS BRASIL ALFABET' ,14 ,434 ,'' ,1 ,'false' ,'true' ,'d' ,'' ,0 );
insert into avaliacaoperguntaopcaolayoutcampo( ed313_sequencial ,ed313_ano ,ed313_db_layoutcampo ,ed313_avaliacaoperguntaopcao ,ed313_layoutvalorcampo ) values ( 815 ,2014 ,11565 ,3000122 ,'1' );
insert into avaliacaoperguntaopcaolayoutcampo( ed313_sequencial ,ed313_ano ,ed313_db_layoutcampo ,ed313_avaliacaoperguntaopcao ,ed313_layoutvalorcampo ) values ( 816 ,2014 ,11565 ,3000123 ,'0' );
insert into db_layoutcampos( db52_codigo ,db52_layoutlinha ,db52_nome ,db52_descr ,db52_layoutformat ,db52_posicao ,db52_default ,db52_tamanho ,db52_ident ,db52_imprimir ,db52_alinha ,db52_obs ,db52_quebraapos ) values ( 11566 ,714 ,'escola_abre_finais_semanas_comunidade' ,'ESCOLA ABRE FINS DE SEMANA P COMUNIDADE' ,14 ,435 ,'' ,1 ,'false' ,'true' ,'d' ,'escola abre aos finais de semana para a comunidade' ,0 );
insert into avaliacaoperguntaopcaolayoutcampo( ed313_sequencial ,ed313_ano ,ed313_db_layoutcampo ,ed313_avaliacaoperguntaopcao ,ed313_layoutvalorcampo ) values ( 817 ,2014 ,11566 ,3000124 ,'1' );
insert into avaliacaoperguntaopcaolayoutcampo( ed313_sequencial ,ed313_ano ,ed313_db_layoutcampo ,ed313_avaliacaoperguntaopcao ,ed313_layoutvalorcampo ) values ( 818 ,2014 ,11566 ,3000125 ,'0' );
insert into db_layoutcampos( db52_codigo ,db52_layoutlinha ,db52_nome ,db52_descr ,db52_layoutformat ,db52_posicao ,db52_default ,db52_tamanho ,db52_ident ,db52_imprimir ,db52_alinha ,db52_obs ,db52_quebraapos ) values ( 11567 ,714 ,'escola_formacao_alternancia' ,'ESCOLA FORMACAO ALTERNANCIA' ,14 ,436 ,'' ,1 ,'false' ,'true' ,'d' ,'Escola com proposta pedagógica de formação por alternância.' ,0 );
insert into avaliacaoperguntaopcaolayoutcampo( ed313_sequencial ,ed313_ano ,ed313_db_layoutcampo ,ed313_avaliacaoperguntaopcao ,ed313_layoutvalorcampo ) values ( 819 ,2014 ,11567 ,3000562 ,'0' );
insert into avaliacaoperguntaopcaolayoutcampo( ed313_sequencial ,ed313_ano ,ed313_db_layoutcampo ,ed313_avaliacaoperguntaopcao ,ed313_layoutvalorcampo ) values ( 820 ,2014 ,11567 ,3000561 ,'1' );
insert into db_layoutcampos( db52_codigo ,db52_layoutlinha ,db52_nome ,db52_descr ,db52_layoutformat ,db52_posicao ,db52_default ,db52_tamanho ,db52_ident ,db52_imprimir ,db52_alinha ,db52_obs ,db52_quebraapos ) values ( 11568 ,714 ,'pipe' ,'FINALIZADOR DE LINHA' ,14 ,437 ,'' ,1 ,'false' ,'true' ,'d' ,'' ,0 );
insert into db_layoutlinha( db51_codigo ,db51_layouttxt ,db51_descr ,db51_tipolinha ,db51_tamlinha ,db51_linhasantes ,db51_linhasdepois ,db51_obs ,db51_separador ,db51_compacta ) values ( 715 ,219 ,'REGISTRO 20' ,3 ,0 ,0 ,0 ,'Cadastro de turma' ,'|' ,'0' );
insert into db_layoutcampos( db52_codigo ,db52_layoutlinha ,db52_nome ,db52_descr ,db52_layoutformat ,db52_posicao ,db52_default ,db52_tamanho ,db52_ident ,db52_imprimir ,db52_alinha ,db52_obs ,db52_quebraapos ) values ( 11569 ,715 ,'tipo_registro' ,'TIPO DE REGISTRO' ,14 ,1 ,'20' ,2 ,'true' ,'true' ,'d' ,'' ,0 );
insert into db_layoutcampos( db52_codigo ,db52_layoutlinha ,db52_nome ,db52_descr ,db52_layoutformat ,db52_posicao ,db52_default ,db52_tamanho ,db52_ident ,db52_imprimir ,db52_alinha ,db52_obs ,db52_quebraapos ) values ( 11570 ,715 ,'codigo_escola_inep' ,'CODIGO DE ESCOLA - INEP' ,14 ,3 ,'' ,8 ,'false' ,'true' ,'d' ,'' ,0 );
insert into db_layoutcampos( db52_codigo ,db52_layoutlinha ,db52_nome ,db52_descr ,db52_layoutformat ,db52_posicao ,db52_default ,db52_tamanho ,db52_ident ,db52_imprimir ,db52_alinha ,db52_obs ,db52_quebraapos ) values ( 11571 ,715 ,'codigo_turma_inep' ,'CODIGO DE TURMA - INEP' ,14 ,11 ,'' ,10 ,'false' ,'true' ,'d' ,'' ,0 );
insert into db_layoutcampos( db52_codigo ,db52_layoutlinha ,db52_nome ,db52_descr ,db52_layoutformat ,db52_posicao ,db52_default ,db52_tamanho ,db52_ident ,db52_imprimir ,db52_alinha ,db52_obs ,db52_quebraapos ) values ( 11572 ,715 ,'codigo_turma_entidade_escola' ,'CODIGO DA TURMA NA ENTIDADE/ESCOLA' ,14 ,21 ,'' ,20 ,'false' ,'true' ,'d' ,'' ,0 );
insert into db_layoutcampos( db52_codigo ,db52_layoutlinha ,db52_nome ,db52_descr ,db52_layoutformat ,db52_posicao ,db52_default ,db52_tamanho ,db52_ident ,db52_imprimir ,db52_alinha ,db52_obs ,db52_quebraapos ) values ( 11573 ,715 ,'nome_turma' ,'NOME DA TURMA' ,15 ,41 ,'' ,80 ,'false' ,'true' ,'e' ,'' ,0 );
insert into db_layoutcampos( db52_codigo ,db52_layoutlinha ,db52_nome ,db52_descr ,db52_layoutformat ,db52_posicao ,db52_default ,db52_tamanho ,db52_ident ,db52_imprimir ,db52_alinha ,db52_obs ,db52_quebraapos ) values ( 11574 ,715 ,'horario_turma_horario_inicial_hora' ,'HORARIO DA TURMA - HORARIO INICIAL - HOR' ,14 ,121 ,'' ,2 ,'false' ,'true' ,'d' ,'horario da turma - horario inicial - hora' ,0 );
insert into db_layoutcampos( db52_codigo ,db52_layoutlinha ,db52_nome ,db52_descr ,db52_layoutformat ,db52_posicao ,db52_default ,db52_tamanho ,db52_ident ,db52_imprimir ,db52_alinha ,db52_obs ,db52_quebraapos ) values ( 11575 ,715 ,'horario_turma_horario_inicial_minuto' ,'HORARIO DA TURMA - HORARIO INICIAL - MIN' ,14 ,123 ,'' ,2 ,'false' ,'true' ,'d' ,'horario da turma - horario inicial - minuto' ,0 );
insert into db_layoutcampos( db52_codigo ,db52_layoutlinha ,db52_nome ,db52_descr ,db52_layoutformat ,db52_posicao ,db52_default ,db52_tamanho ,db52_ident ,db52_imprimir ,db52_alinha ,db52_obs ,db52_quebraapos ) values ( 11576 ,715 ,'horario_turma_horario_final_hora' ,'HORARIO DA TURMA - HORARIO FINAL - HORA' ,14 ,125 ,'' ,2 ,'false' ,'true' ,'d' ,'' ,0 );
insert into db_layoutcampos( db52_codigo ,db52_layoutlinha ,db52_nome ,db52_descr ,db52_layoutformat ,db52_posicao ,db52_default ,db52_tamanho ,db52_ident ,db52_imprimir ,db52_alinha ,db52_obs ,db52_quebraapos ) values ( 11577 ,715 ,'horario_turma_horario_final_minuto' ,'HORARIO DA TURMA - HORARIO FINAL - MINUT' ,14 ,127 ,'' ,2 ,'false' ,'true' ,'d' ,'' ,0 );
insert into db_layoutcampos( db52_codigo ,db52_layoutlinha ,db52_nome ,db52_descr ,db52_layoutformat ,db52_posicao ,db52_default ,db52_tamanho ,db52_ident ,db52_imprimir ,db52_alinha ,db52_obs ,db52_quebraapos ) values ( 11578 ,715 ,'dia_semana_domingo' ,'DIA DA SEMANA - DOMINGO' ,14 ,129 ,'' ,1 ,'false' ,'true' ,'d' ,'' ,0 );
insert into db_layoutcampos( db52_codigo ,db52_layoutlinha ,db52_nome ,db52_descr ,db52_layoutformat ,db52_posicao ,db52_default ,db52_tamanho ,db52_ident ,db52_imprimir ,db52_alinha ,db52_obs ,db52_quebraapos ) values ( 11579 ,715 ,'dia_semana_segunda' ,'DIA DA SEMANA - SEGUNDA FEIRA' ,14 ,130 ,'' ,1 ,'false' ,'true' ,'d' ,'' ,0 );
insert into db_layoutcampos( db52_codigo ,db52_layoutlinha ,db52_nome ,db52_descr ,db52_layoutformat ,db52_posicao ,db52_default ,db52_tamanho ,db52_ident ,db52_imprimir ,db52_alinha ,db52_obs ,db52_quebraapos ) values ( 11580 ,715 ,'dia_semana_terca' ,'DIA DA SEMANA - TERÇA FEIRA' ,14 ,131 ,'' ,1 ,'false' ,'true' ,'d' ,'' ,0 );
insert into db_layoutcampos( db52_codigo ,db52_layoutlinha ,db52_nome ,db52_descr ,db52_layoutformat ,db52_posicao ,db52_default ,db52_tamanho ,db52_ident ,db52_imprimir ,db52_alinha ,db52_obs ,db52_quebraapos ) values ( 11581 ,715 ,'dia_semana_quarta' ,'DIA DA SEMANA - QUARTA FEIRA' ,14 ,132 ,'' ,1 ,'false' ,'true' ,'d' ,'' ,0 );
insert into db_layoutcampos( db52_codigo ,db52_layoutlinha ,db52_nome ,db52_descr ,db52_layoutformat ,db52_posicao ,db52_default ,db52_tamanho ,db52_ident ,db52_imprimir ,db52_alinha ,db52_obs ,db52_quebraapos ) values ( 11582 ,715 ,'dia_semana_quinta' ,'DIA DA SEMANA - QUINTA FEIRA' ,14 ,133 ,'' ,1 ,'false' ,'true' ,'d' ,'' ,0 );
insert into db_layoutcampos( db52_codigo ,db52_layoutlinha ,db52_nome ,db52_descr ,db52_layoutformat ,db52_posicao ,db52_default ,db52_tamanho ,db52_ident ,db52_imprimir ,db52_alinha ,db52_obs ,db52_quebraapos ) values ( 11583 ,715 ,'dia_semana_sexta' ,'DIA DA SEMANA - SEXTA FEIRA' ,14 ,134 ,'' ,1 ,'false' ,'true' ,'d' ,'' ,0 );
insert into db_layoutcampos( db52_codigo ,db52_layoutlinha ,db52_nome ,db52_descr ,db52_layoutformat ,db52_posicao ,db52_default ,db52_tamanho ,db52_ident ,db52_imprimir ,db52_alinha ,db52_obs ,db52_quebraapos ) values ( 11584 ,715 ,'dia_semana_sabado' ,'DIA DA SEMANA - SABADO' ,14 ,135 ,'' ,1 ,'false' ,'true' ,'d' ,'' ,0 );
insert into db_layoutcampos( db52_codigo ,db52_layoutlinha ,db52_nome ,db52_descr ,db52_layoutformat ,db52_posicao ,db52_default ,db52_tamanho ,db52_ident ,db52_imprimir ,db52_alinha ,db52_obs ,db52_quebraapos ) values ( 11585 ,715 ,'tipo_atendimento' ,'TIPO DE ATENDIMENTO' ,14 ,136 ,'' ,1 ,'false' ,'true' ,'d' ,'' ,0 );
insert into db_layoutcampos( db52_codigo ,db52_layoutlinha ,db52_nome ,db52_descr ,db52_layoutformat ,db52_posicao ,db52_default ,db52_tamanho ,db52_ident ,db52_imprimir ,db52_alinha ,db52_obs ,db52_quebraapos ) values ( 11586 ,715 ,'turma_participante_mais_educacao_ensino_medio_inov' ,'TURMA PARTICIPANTE PROG MAIS EDUCACAO' ,14 ,137 ,'' ,1 ,'false' ,'true' ,'d' ,'turma participante do programa mais educação/ensino medio inovador' ,0 );
insert into db_layoutcampos( db52_codigo ,db52_layoutlinha ,db52_nome ,db52_descr ,db52_layoutformat ,db52_posicao ,db52_default ,db52_tamanho ,db52_ident ,db52_imprimir ,db52_alinha ,db52_obs ,db52_quebraapos ) values ( 11587 ,715 ,'codigo_tipo_atividade_complementar_1' ,'CODIGO DO TIPO DE ATIVIDADE 1' ,14 ,138 ,'' ,5 ,'false' ,'true' ,'d' ,'' ,0 );
insert into db_layoutcampos( db52_codigo ,db52_layoutlinha ,db52_nome ,db52_descr ,db52_layoutformat ,db52_posicao ,db52_default ,db52_tamanho ,db52_ident ,db52_imprimir ,db52_alinha ,db52_obs ,db52_quebraapos ) values ( 11588 ,715 ,'codigo_tipo_atividade_complementar_2' ,'CODIGO DO TIPO DE ATIVIDADE 2' ,14 ,143 ,'' ,5 ,'false' ,'true' ,'d' ,'' ,0 );
insert into db_layoutcampos( db52_codigo ,db52_layoutlinha ,db52_nome ,db52_descr ,db52_layoutformat ,db52_posicao ,db52_default ,db52_tamanho ,db52_ident ,db52_imprimir ,db52_alinha ,db52_obs ,db52_quebraapos ) values ( 11589 ,715 ,'codigo_tipo_atividade_complementar_3' ,'CODIGO DO TIPO DE ATIVIDADE 3' ,14 ,148 ,'' ,5 ,'false' ,'true' ,'d' ,'' ,0 );
insert into db_layoutcampos( db52_codigo ,db52_layoutlinha ,db52_nome ,db52_descr ,db52_layoutformat ,db52_posicao ,db52_default ,db52_tamanho ,db52_ident ,db52_imprimir ,db52_alinha ,db52_obs ,db52_quebraapos ) values ( 11590 ,715 ,'codigo_tipo_atividade_complementar_4' ,'CODIGO DO TIPO DE ATIVIDADE 4' ,14 ,153 ,'' ,5 ,'false' ,'true' ,'d' ,'' ,0 );
insert into db_layoutcampos( db52_codigo ,db52_layoutlinha ,db52_nome ,db52_descr ,db52_layoutformat ,db52_posicao ,db52_default ,db52_tamanho ,db52_ident ,db52_imprimir ,db52_alinha ,db52_obs ,db52_quebraapos ) values ( 11591 ,715 ,'codigo_tipo_atividade_complementar_5' ,'CODIGO DO TIPO DE ATIVIDADE 5' ,14 ,158 ,'' ,5 ,'false' ,'true' ,'d' ,'' ,0 );
insert into db_layoutcampos( db52_codigo ,db52_layoutlinha ,db52_nome ,db52_descr ,db52_layoutformat ,db52_posicao ,db52_default ,db52_tamanho ,db52_ident ,db52_imprimir ,db52_alinha ,db52_obs ,db52_quebraapos ) values ( 11592 ,715 ,'codigo_tipo_atividade_complementar_6' ,'CODIGO DO TIPO DE ATIVIDADE 6' ,14 ,163 ,'' ,5 ,'false' ,'true' ,'d' ,'' ,0 );
insert into db_layoutcampos( db52_codigo ,db52_layoutlinha ,db52_nome ,db52_descr ,db52_layoutformat ,db52_posicao ,db52_default ,db52_tamanho ,db52_ident ,db52_imprimir ,db52_alinha ,db52_obs ,db52_quebraapos ) values ( 11593 ,715 ,'aee_ensino_sistema_braille' ,'AEE ENSINO SISTEMA BRAILLE' ,14 ,168 ,'' ,1 ,'false' ,'true' ,'d' ,'' ,0 );
insert into db_layoutcampos( db52_codigo ,db52_layoutlinha ,db52_nome ,db52_descr ,db52_layoutformat ,db52_posicao ,db52_default ,db52_tamanho ,db52_ident ,db52_imprimir ,db52_alinha ,db52_obs ,db52_quebraapos ) values ( 11594 ,715 ,'aee_ensino_uso_recursos_opticos_nao_opticos' ,'AEE - ENSINO DO USO DE RECURSOS OPTICOS' ,14 ,169 ,'' ,1 ,'false' ,'true' ,'d' ,'ensino do uso de recursos opticos e não opticos' ,0 );
insert into db_layoutcampos( db52_codigo ,db52_layoutlinha ,db52_nome ,db52_descr ,db52_layoutformat ,db52_posicao ,db52_default ,db52_tamanho ,db52_ident ,db52_imprimir ,db52_alinha ,db52_obs ,db52_quebraapos ) values ( 11595 ,715 ,'aee_estrategias_desenvolvimento_processos_mentais' ,'AEE ESTRATEGIAS P DESENVOLVIMENTO DE PRO' ,14 ,170 ,'' ,1 ,'false' ,'true' ,'d' ,'estrategia para desenvolvimento para processos menstais' ,0 );
insert into db_layoutcampos( db52_codigo ,db52_layoutlinha ,db52_nome ,db52_descr ,db52_layoutformat ,db52_posicao ,db52_default ,db52_tamanho ,db52_ident ,db52_imprimir ,db52_alinha ,db52_obs ,db52_quebraapos ) values ( 11596 ,715 ,'aee_tecnicas_orientacao_mobilidade' ,'AEE TECNICAS PARA ORIENTAÇÃO E MOBILIDAD' ,14 ,171 ,'' ,1 ,'false' ,'true' ,'d' ,'' ,0 );
insert into db_layoutcampos( db52_codigo ,db52_layoutlinha ,db52_nome ,db52_descr ,db52_layoutformat ,db52_posicao ,db52_default ,db52_tamanho ,db52_ident ,db52_imprimir ,db52_alinha ,db52_obs ,db52_quebraapos ) values ( 11597 ,715 ,'aee_ensino_lingua_brasileira_sinais_libras' ,'AEE ENSINO LINGUA BRASILEIRA DE SINAIS' ,14 ,172 ,'' ,1 ,'false' ,'true' ,'d' ,'ensino da lingua brasileira de sinais libras' ,0 );
insert into db_layoutcampos( db52_codigo ,db52_layoutlinha ,db52_nome ,db52_descr ,db52_layoutformat ,db52_posicao ,db52_default ,db52_tamanho ,db52_ident ,db52_imprimir ,db52_alinha ,db52_obs ,db52_quebraapos ) values ( 11598 ,715 ,'aee_ensino_comunicacao_alternativa_aumentativa' ,'AEE ENSINO DE USO COMUNICAÇÃO ALTERNATIV' ,14 ,173 ,'' ,1 ,'false' ,'true' ,'d' ,'ensino do uso da comunicação alternativa e aumentativa - CAA' ,0 );
insert into db_layoutcampos( db52_codigo ,db52_layoutlinha ,db52_nome ,db52_descr ,db52_layoutformat ,db52_posicao ,db52_default ,db52_tamanho ,db52_ident ,db52_imprimir ,db52_alinha ,db52_obs ,db52_quebraapos ) values ( 11599 ,715 ,'aee_estrategia_enriquecimento_curricular' ,'AEE ESTRATEGIAS PARA ENRIQUECIMENTO CURR' ,14 ,174 ,'' ,1 ,'false' ,'true' ,'d' ,'estrategias para enriquecimento curricular' ,0 );
insert into db_layoutcampos( db52_codigo ,db52_layoutlinha ,db52_nome ,db52_descr ,db52_layoutformat ,db52_posicao ,db52_default ,db52_tamanho ,db52_ident ,db52_imprimir ,db52_alinha ,db52_obs ,db52_quebraapos ) values ( 11600 ,715 ,'aee_ensino_uso_soroban' ,'AEE ENSINO DO USO DO SOROBAN' ,14 ,175 ,'' ,1 ,'false' ,'true' ,'d' ,'' ,0 );
insert into db_layoutcampos( db52_codigo ,db52_layoutlinha ,db52_nome ,db52_descr ,db52_layoutformat ,db52_posicao ,db52_default ,db52_tamanho ,db52_ident ,db52_imprimir ,db52_alinha ,db52_obs ,db52_quebraapos ) values ( 11601 ,715 ,'aee_ensino_usabilidade_funcionalidades_informatica' ,'AEE USABILIDADE INFORMATICA ACESSIVEL' ,14 ,176 ,'' ,1 ,'false' ,'true' ,'d' ,'ensino da usabilidade da informatica acessivel' ,0 );
insert into db_layoutcampos( db52_codigo ,db52_layoutlinha ,db52_nome ,db52_descr ,db52_layoutformat ,db52_posicao ,db52_default ,db52_tamanho ,db52_ident ,db52_imprimir ,db52_alinha ,db52_obs ,db52_quebraapos ) values ( 11602 ,715 ,'aee_ensino_lingua_portuguesa_modalidade_escrita' ,'AEE ENSINO LINGUA PORTUGUESA MOD ESCRITA' ,14 ,177 ,'' ,1 ,'false' ,'true' ,'d' ,'' ,0 );
insert into db_layoutcampos( db52_codigo ,db52_layoutlinha ,db52_nome ,db52_descr ,db52_layoutformat ,db52_posicao ,db52_default ,db52_tamanho ,db52_ident ,db52_imprimir ,db52_alinha ,db52_obs ,db52_quebraapos ) values ( 11603 ,715 ,'aee_estrategias_autonomia_ambiente_escolar' ,'AEE ESTRATEGIAS PARA AUTONOMIA AMB ESC' ,14 ,178 ,'' ,1 ,'false' ,'true' ,'d' ,'estrategias para autonomia no ambiente escolar' ,0 );
insert into db_layoutcampos( db52_codigo ,db52_layoutlinha ,db52_nome ,db52_descr ,db52_layoutformat ,db52_posicao ,db52_default ,db52_tamanho ,db52_ident ,db52_imprimir ,db52_alinha ,db52_obs ,db52_quebraapos ) values ( 11604 ,715 ,'modalidade_turma' ,'MODALIDADE DA TURMA' ,14 ,179 ,'' ,1 ,'false' ,'true' ,'d' ,'' ,0 );
insert into db_layoutcampos( db52_codigo ,db52_layoutlinha ,db52_nome ,db52_descr ,db52_layoutformat ,db52_posicao ,db52_default ,db52_tamanho ,db52_ident ,db52_imprimir ,db52_alinha ,db52_obs ,db52_quebraapos ) values ( 11605 ,715 ,'etapa_ensino_turma' ,'ETAPA DE ENSINO DA TURMA' ,14 ,180 ,'' ,2 ,'false' ,'true' ,'d' ,'' ,0 );
insert into db_layoutcampos( db52_codigo ,db52_layoutlinha ,db52_nome ,db52_descr ,db52_layoutformat ,db52_posicao ,db52_default ,db52_tamanho ,db52_ident ,db52_imprimir ,db52_alinha ,db52_obs ,db52_quebraapos ) values ( 11606 ,715 ,'codigo_curso_educacao_profissional' ,'CODIGO DO CURSO EDUCAÇÃO PROFISSIONAL' ,14 ,182 ,'' ,8 ,'false' ,'true' ,'d' ,'' ,0 );
insert into db_layoutcampos( db52_codigo ,db52_layoutlinha ,db52_nome ,db52_descr ,db52_layoutformat ,db52_posicao ,db52_default ,db52_tamanho ,db52_ident ,db52_imprimir ,db52_alinha ,db52_obs ,db52_quebraapos ) values ( 11607 ,715 ,'disciplinas_turma_quimica' ,'DISCIPLINAS DA TURMA - QUIMICA' ,14 ,190 ,'' ,1 ,'false' ,'true' ,'d' ,'' ,0 );
insert into db_layoutcampos( db52_codigo ,db52_layoutlinha ,db52_nome ,db52_descr ,db52_layoutformat ,db52_posicao ,db52_default ,db52_tamanho ,db52_ident ,db52_imprimir ,db52_alinha ,db52_obs ,db52_quebraapos ) values ( 11608 ,715 ,'disciplinas_turma_fisica' ,'DISCIPLINAS DA TURMA - FISICA' ,14 ,191 ,'' ,1 ,'false' ,'true' ,'d' ,'' ,0 );
insert into db_layoutcampos( db52_codigo ,db52_layoutlinha ,db52_nome ,db52_descr ,db52_layoutformat ,db52_posicao ,db52_default ,db52_tamanho ,db52_ident ,db52_imprimir ,db52_alinha ,db52_obs ,db52_quebraapos ) values ( 11609 ,715 ,'disciplinas_turma_matematica' ,'DISCIPLINAS DA TURMA - MATEMATICA' ,14 ,192 ,'' ,1 ,'false' ,'true' ,'d' ,'' ,0 );
insert into db_layoutcampos( db52_codigo ,db52_layoutlinha ,db52_nome ,db52_descr ,db52_layoutformat ,db52_posicao ,db52_default ,db52_tamanho ,db52_ident ,db52_imprimir ,db52_alinha ,db52_obs ,db52_quebraapos ) values ( 11610 ,715 ,'disciplinas_turma_biologia' ,'DISCIPLINAS DA TURMA - BIOLOGIA' ,14 ,193 ,'' ,1 ,'false' ,'true' ,'d' ,'' ,0 );
insert into db_layoutcampos( db52_codigo ,db52_layoutlinha ,db52_nome ,db52_descr ,db52_layoutformat ,db52_posicao ,db52_default ,db52_tamanho ,db52_ident ,db52_imprimir ,db52_alinha ,db52_obs ,db52_quebraapos ) values ( 11611 ,715 ,'disciplinas_turma_ciencias' ,'DISCIPLINAS DA TURMA - CIENCIAS' ,14 ,194 ,'' ,1 ,'false' ,'true' ,'d' ,'' ,0 );
insert into db_layoutcampos( db52_codigo ,db52_layoutlinha ,db52_nome ,db52_descr ,db52_layoutformat ,db52_posicao ,db52_default ,db52_tamanho ,db52_ident ,db52_imprimir ,db52_alinha ,db52_obs ,db52_quebraapos ) values ( 11612 ,715 ,'disciplinas_turma_lingua_literatura_portuguesa' ,'DISCIPLINAS DA TURMA - LINGUA PORTUGUESA' ,14 ,195 ,'' ,1 ,'false' ,'true' ,'d' ,'' ,0 );
insert into db_layoutcampos( db52_codigo ,db52_layoutlinha ,db52_nome ,db52_descr ,db52_layoutformat ,db52_posicao ,db52_default ,db52_tamanho ,db52_ident ,db52_imprimir ,db52_alinha ,db52_obs ,db52_quebraapos ) values ( 11613 ,715 ,'disciplinas_lingua_literatura_estrangeira_inglesa' ,'DISCIPLINAS - LINGUA ESTRANGEIRA INGLESA' ,14 ,196 ,'' ,1 ,'false' ,'true' ,'d' ,'' ,0 );
insert into db_layoutcampos( db52_codigo ,db52_layoutlinha ,db52_nome ,db52_descr ,db52_layoutformat ,db52_posicao ,db52_default ,db52_tamanho ,db52_ident ,db52_imprimir ,db52_alinha ,db52_obs ,db52_quebraapos ) values ( 11614 ,715 ,'disciplinas_lingua_literatura_estrangeira_espanhol' ,'DISCIPLINA LINGUA ESPANHOLA' ,14 ,197 ,'' ,1 ,'false' ,'true' ,'d' ,'' ,0 );
insert into db_layoutcampos( db52_codigo ,db52_layoutlinha ,db52_nome ,db52_descr ,db52_layoutformat ,db52_posicao ,db52_default ,db52_tamanho ,db52_ident ,db52_imprimir ,db52_alinha ,db52_obs ,db52_quebraapos ) values ( 11615 ,715 ,'disciplinas_lingua_literatura_estrangeira_frances' ,'DISCIPLINA LINGUA FRANCES' ,14 ,198 ,'' ,1 ,'false' ,'true' ,'d' ,'' ,0 );
insert into db_layoutcampos( db52_codigo ,db52_layoutlinha ,db52_nome ,db52_descr ,db52_layoutformat ,db52_posicao ,db52_default ,db52_tamanho ,db52_ident ,db52_imprimir ,db52_alinha ,db52_obs ,db52_quebraapos ) values ( 11616 ,715 ,'disciplinas_lingua_literatura_estrangeira_outra' ,'DISCIPLINAS DA TURMA - OUTRA' ,14 ,199 ,'' ,1 ,'false' ,'true' ,'d' ,'' ,0 );
insert into db_layoutcampos( db52_codigo ,db52_layoutlinha ,db52_nome ,db52_descr ,db52_layoutformat ,db52_posicao ,db52_default ,db52_tamanho ,db52_ident ,db52_imprimir ,db52_alinha ,db52_obs ,db52_quebraapos ) values ( 11617 ,715 ,'disciplinas_turma_artes' ,'DISCIPLINAS DA TURMA - ARTES' ,14 ,200 ,'' ,1 ,'false' ,'true' ,'d' ,'artes (educação artistica, teatro, dança. musica, artes plasticas e outras)' ,0 );
insert into db_layoutcampos( db52_codigo ,db52_layoutlinha ,db52_nome ,db52_descr ,db52_layoutformat ,db52_posicao ,db52_default ,db52_tamanho ,db52_ident ,db52_imprimir ,db52_alinha ,db52_obs ,db52_quebraapos ) values ( 11618 ,715 ,'disciplinas_turma_educacao_fisica' ,'DISCIPLINAS DA TURMA - EDUCAÇÃO FISICA' ,14 ,201 ,'' ,1 ,'false' ,'true' ,'d' ,'' ,0 );
insert into db_layoutcampos( db52_codigo ,db52_layoutlinha ,db52_nome ,db52_descr ,db52_layoutformat ,db52_posicao ,db52_default ,db52_tamanho ,db52_ident ,db52_imprimir ,db52_alinha ,db52_obs ,db52_quebraapos ) values ( 11619 ,715 ,'disciplinas_turma_historia' ,'DISCIPLINAS DA TURMA - HISTORIA' ,14 ,202 ,'' ,1 ,'false' ,'true' ,'d' ,'' ,0 );
insert into db_layoutcampos( db52_codigo ,db52_layoutlinha ,db52_nome ,db52_descr ,db52_layoutformat ,db52_posicao ,db52_default ,db52_tamanho ,db52_ident ,db52_imprimir ,db52_alinha ,db52_obs ,db52_quebraapos ) values ( 11620 ,715 ,'disciplinas_turma_geografia' ,'DISCIPLINAS DA TURMA - GEOGRAFIA' ,14 ,203 ,'' ,1 ,'false' ,'true' ,'d' ,'' ,0 );
insert into db_layoutcampos( db52_codigo ,db52_layoutlinha ,db52_nome ,db52_descr ,db52_layoutformat ,db52_posicao ,db52_default ,db52_tamanho ,db52_ident ,db52_imprimir ,db52_alinha ,db52_obs ,db52_quebraapos ) values ( 11621 ,715 ,'disciplinas_turma_filosofia' ,'DISCIPLINAS DA TURMA - FILOSOFIA' ,14 ,204 ,'' ,1 ,'false' ,'true' ,'d' ,'' ,0 );
insert into db_layoutcampos( db52_codigo ,db52_layoutlinha ,db52_nome ,db52_descr ,db52_layoutformat ,db52_posicao ,db52_default ,db52_tamanho ,db52_ident ,db52_imprimir ,db52_alinha ,db52_obs ,db52_quebraapos ) values ( 11622 ,715 ,'disciplinas_turma_estudos_sociais' ,'DISCIPLINAS DA TURMA - ESTUDOS SOCIAIS' ,14 ,205 ,'' ,1 ,'false' ,'true' ,'d' ,'' ,0 );
insert into db_layoutcampos( db52_codigo ,db52_layoutlinha ,db52_nome ,db52_descr ,db52_layoutformat ,db52_posicao ,db52_default ,db52_tamanho ,db52_ident ,db52_imprimir ,db52_alinha ,db52_obs ,db52_quebraapos ) values ( 11623 ,715 ,'disciplinas_turma_sociologia' ,'DISCIPLINAS DA TURMA - SOCIOLOGIA' ,14 ,206 ,'' ,1 ,'false' ,'true' ,'d' ,'' ,0 );
insert into db_layoutcampos( db52_codigo ,db52_layoutlinha ,db52_nome ,db52_descr ,db52_layoutformat ,db52_posicao ,db52_default ,db52_tamanho ,db52_ident ,db52_imprimir ,db52_alinha ,db52_obs ,db52_quebraapos ) values ( 11624 ,715 ,'disciplinas_turma_informatica_computacao' ,'DISCIPLINAS DA TURMA - INFORMATICA/COMPU' ,14 ,207 ,'' ,1 ,'false' ,'true' ,'d' ,'' ,0 );
insert into db_layoutcampos( db52_codigo ,db52_layoutlinha ,db52_nome ,db52_descr ,db52_layoutformat ,db52_posicao ,db52_default ,db52_tamanho ,db52_ident ,db52_imprimir ,db52_alinha ,db52_obs ,db52_quebraapos ) values ( 11625 ,715 ,'disciplinas_turma_disciplinas_profissionalizantes' ,'DISCIPLINAS DA TURMA - DISCIPLINAS PROFI' ,14 ,208 ,'' ,1 ,'false' ,'true' ,'d' ,'' ,0 );
insert into db_layoutcampos( db52_codigo ,db52_layoutlinha ,db52_nome ,db52_descr ,db52_layoutformat ,db52_posicao ,db52_default ,db52_tamanho ,db52_ident ,db52_imprimir ,db52_alinha ,db52_obs ,db52_quebraapos ) values ( 11626 ,715 ,'disciplinas_turma_voltadas_atendimento_necessidade' ,'DISCIPLINAS VOLTADAS A ATENDIMENTO NECES' ,14 ,209 ,'' ,1 ,'false' ,'true' ,'d' ,'disciplinas da turma - disciplinas voltadas ao atendimento às necessidades específicas dos alunos que são publico alvo da educação especial e às praticas educacionais inclusivas' ,0 );
insert into db_layoutcampos( db52_codigo ,db52_layoutlinha ,db52_nome ,db52_descr ,db52_layoutformat ,db52_posicao ,db52_default ,db52_tamanho ,db52_ident ,db52_imprimir ,db52_alinha ,db52_obs ,db52_quebraapos ) values ( 11627 ,715 ,'disciplinas_turma_voltadas_diversidade_sociocultur' ,'DISCIPLINAS VOLTADAS DIVERSIDADE SOCIOCU' ,14 ,210 ,'' ,1 ,'false' ,'true' ,'d' ,'disciplinas da turma - disciplinas voltadas a diversidade sociocultural (disciplinas pedagogicas)' ,0 );
insert into db_layoutcampos( db52_codigo ,db52_layoutlinha ,db52_nome ,db52_descr ,db52_layoutformat ,db52_posicao ,db52_default ,db52_tamanho ,db52_ident ,db52_imprimir ,db52_alinha ,db52_obs ,db52_quebraapos ) values ( 11628 ,715 ,'disciplinas_turma_libras' ,'DISCIPLINAS DA TURMA - LIBRAS' ,14 ,211 ,'' ,1 ,'false' ,'true' ,'d' ,'' ,0 );
insert into db_layoutcampos( db52_codigo ,db52_layoutlinha ,db52_nome ,db52_descr ,db52_layoutformat ,db52_posicao ,db52_default ,db52_tamanho ,db52_ident ,db52_imprimir ,db52_alinha ,db52_obs ,db52_quebraapos ) values ( 11629 ,715 ,'disciplinas_turma_disciplinas_pedagogicas' ,'DISCIPLINAS DA TURMA - DISCIPLINAS PEDAG' ,14 ,212 ,'' ,1 ,'false' ,'true' ,'d' ,'disciplinas da turma - disciplinas pedagogicas' ,0 );
insert into db_layoutcampos( db52_codigo ,db52_layoutlinha ,db52_nome ,db52_descr ,db52_layoutformat ,db52_posicao ,db52_default ,db52_tamanho ,db52_ident ,db52_imprimir ,db52_alinha ,db52_obs ,db52_quebraapos ) values ( 11630 ,715 ,'disciplinas_turma_ensino_religioso' ,'DISCIPLINAS DA TURMA - ENSINO RELIGIOSO' ,14 ,213 ,'' ,1 ,'false' ,'true' ,'d' ,'' ,0 );
insert into db_layoutcampos( db52_codigo ,db52_layoutlinha ,db52_nome ,db52_descr ,db52_layoutformat ,db52_posicao ,db52_default ,db52_tamanho ,db52_ident ,db52_imprimir ,db52_alinha ,db52_obs ,db52_quebraapos ) values ( 11631 ,715 ,'disciplinas_turma_lingua_indigena' ,'DISCIPLINAS DA TURMA - LINGUA INDIGENA' ,14 ,214 ,'' ,1 ,'false' ,'true' ,'d' ,'' ,0 );
insert into db_layoutcampos( db52_codigo ,db52_layoutlinha ,db52_nome ,db52_descr ,db52_layoutformat ,db52_posicao ,db52_default ,db52_tamanho ,db52_ident ,db52_imprimir ,db52_alinha ,db52_obs ,db52_quebraapos ) values ( 11632 ,715 ,'disciplinas_turma_outras' ,'DISCIPLINAS DA TURMA - OUTRAS' ,14 ,215 ,'' ,1 ,'false' ,'true' ,'d' ,'' ,0 );
insert into db_layoutcampos( db52_codigo ,db52_layoutlinha ,db52_nome ,db52_descr ,db52_layoutformat ,db52_posicao ,db52_default ,db52_tamanho ,db52_ident ,db52_imprimir ,db52_alinha ,db52_obs ,db52_quebraapos ) values ( 11633 ,715 ,'turma_sem_docente' ,'TURMA_SEM_DOCENTE' ,14 ,219 ,'' ,1 ,'false' ,'true' ,'d' ,'Obrigatório para a turma de escolarização. O campo deverá ser nulo para turmas de atividade complementar ou AEE. Valores permitidos: 0  Turma com docente 1  Turma sem docente' ,0 );
insert into db_layoutcampos( db52_codigo ,db52_layoutlinha ,db52_nome ,db52_descr ,db52_layoutformat ,db52_posicao ,db52_default ,db52_tamanho ,db52_ident ,db52_imprimir ,db52_alinha ,db52_obs ,db52_quebraapos ) values ( 11634 ,715 ,'pipe' ,'FINALIZADOR LINHA' ,14 ,220 ,'' ,1 ,'false' ,'true' ,'d' ,'' ,0 );
insert into db_layoutlinha( db51_codigo ,db51_layouttxt ,db51_descr ,db51_tipolinha ,db51_tamlinha ,db51_linhasantes ,db51_linhasdepois ,db51_obs ,db51_separador ,db51_compacta ) values ( 716 ,219 ,'REGISTRO 30' ,3 ,0 ,0 ,0 ,'Cadastro de Docente - identificação' ,'|' ,'0' );
insert into db_layoutcampos( db52_codigo ,db52_layoutlinha ,db52_nome ,db52_descr ,db52_layoutformat ,db52_posicao ,db52_default ,db52_tamanho ,db52_ident ,db52_imprimir ,db52_alinha ,db52_obs ,db52_quebraapos ) values ( 11635 ,716 ,'tipo_registro' ,'TIPO DE REGISTRO' ,14 ,1 ,'30' ,2 ,'true' ,'true' ,'d' ,'' ,0 );
insert into db_layoutcampos( db52_codigo ,db52_layoutlinha ,db52_nome ,db52_descr ,db52_layoutformat ,db52_posicao ,db52_default ,db52_tamanho ,db52_ident ,db52_imprimir ,db52_alinha ,db52_obs ,db52_quebraapos ) values ( 11636 ,716 ,'codigo_escola_inep' ,'CÓDIGO DA ESCOLA INEP' ,14 ,3 ,'' ,8 ,'false' ,'true' ,'d' ,'' ,0 );
insert into db_layoutcampos( db52_codigo ,db52_layoutlinha ,db52_nome ,db52_descr ,db52_layoutformat ,db52_posicao ,db52_default ,db52_tamanho ,db52_ident ,db52_imprimir ,db52_alinha ,db52_obs ,db52_quebraapos ) values ( 11637 ,716 ,'identificacao_unica_docente_inep' ,'IDENTIFICAÇÃO ÚNICA DO DOCENTE INEP' ,14 ,11 ,'' ,12 ,'false' ,'true' ,'d' ,'' ,0 );
insert into db_layoutcampos( db52_codigo ,db52_layoutlinha ,db52_nome ,db52_descr ,db52_layoutformat ,db52_posicao ,db52_default ,db52_tamanho ,db52_ident ,db52_imprimir ,db52_alinha ,db52_obs ,db52_quebraapos ) values ( 11638 ,716 ,'codigo_docente_entidade_escola' ,'CÓDIGO DO DOCENTE NA ENTIDADE/ESCOLA' ,14 ,23 ,'' ,20 ,'false' ,'true' ,'d' ,'' ,0 );
insert into db_layoutcampos( db52_codigo ,db52_layoutlinha ,db52_nome ,db52_descr ,db52_layoutformat ,db52_posicao ,db52_default ,db52_tamanho ,db52_ident ,db52_imprimir ,db52_alinha ,db52_obs ,db52_quebraapos ) values ( 11639 ,716 ,'nome_completo' ,'NOME COMPLETO' ,14 ,43 ,'' ,100 ,'false' ,'true' ,'d' ,'' ,0 );
insert into db_layoutcampos( db52_codigo ,db52_layoutlinha ,db52_nome ,db52_descr ,db52_layoutformat ,db52_posicao ,db52_default ,db52_tamanho ,db52_ident ,db52_imprimir ,db52_alinha ,db52_obs ,db52_quebraapos ) values ( 11640 ,716 ,'email' ,'E-MAIL' ,14 ,143 ,'' ,10 ,'false' ,'true' ,'d' ,'' ,0 );
insert into db_layoutcampos( db52_codigo ,db52_layoutlinha ,db52_nome ,db52_descr ,db52_layoutformat ,db52_posicao ,db52_default ,db52_tamanho ,db52_ident ,db52_imprimir ,db52_alinha ,db52_obs ,db52_quebraapos ) values ( 11641 ,716 ,'numero_identificacao_social_inss' ,'NÚMERO DE IDENTIFICAÇÃO SOCIAL INSS' ,14 ,153 ,'' ,11 ,'false' ,'true' ,'d' ,'' ,0 );
insert into db_layoutcampos( db52_codigo ,db52_layoutlinha ,db52_nome ,db52_descr ,db52_layoutformat ,db52_posicao ,db52_default ,db52_tamanho ,db52_ident ,db52_imprimir ,db52_alinha ,db52_obs ,db52_quebraapos ) values ( 11642 ,716 ,'data_nascimento' ,'DATA DE NASCIMENTO' ,14 ,164 ,'' ,10 ,'false' ,'true' ,'d' ,'' ,0 );
insert into db_layoutcampos( db52_codigo ,db52_layoutlinha ,db52_nome ,db52_descr ,db52_layoutformat ,db52_posicao ,db52_default ,db52_tamanho ,db52_ident ,db52_imprimir ,db52_alinha ,db52_obs ,db52_quebraapos ) values ( 11643 ,716 ,'sexo' ,'SEXO' ,14 ,174 ,'' ,1 ,'false' ,'true' ,'d' ,'' ,0 );
insert into db_layoutcampos( db52_codigo ,db52_layoutlinha ,db52_nome ,db52_descr ,db52_layoutformat ,db52_posicao ,db52_default ,db52_tamanho ,db52_ident ,db52_imprimir ,db52_alinha ,db52_obs ,db52_quebraapos ) values ( 11644 ,716 ,'cor_raca' ,'COR/RAÇA' ,14 ,175 ,'' ,1 ,'false' ,'true' ,'d' ,'' ,0 );
insert into db_layoutcampos( db52_codigo ,db52_layoutlinha ,db52_nome ,db52_descr ,db52_layoutformat ,db52_posicao ,db52_default ,db52_tamanho ,db52_ident ,db52_imprimir ,db52_alinha ,db52_obs ,db52_quebraapos ) values ( 11645 ,716 ,'nome_completo_mae' ,'NOME COMPLETO DA MÃE' ,14 ,176 ,'' ,100 ,'false' ,'true' ,'d' ,'' ,0 );
insert into db_layoutcampos( db52_codigo ,db52_layoutlinha ,db52_nome ,db52_descr ,db52_layoutformat ,db52_posicao ,db52_default ,db52_tamanho ,db52_ident ,db52_imprimir ,db52_alinha ,db52_obs ,db52_quebraapos ) values ( 11646 ,716 ,'nacionalidade_docente' ,'NACIONAL DOCENTE, AUXILIAR, EDUC INFANTI' ,14 ,276 ,'' ,1 ,'false' ,'true' ,'d' ,'' ,0 );
insert into db_layoutcampos( db52_codigo ,db52_layoutlinha ,db52_nome ,db52_descr ,db52_layoutformat ,db52_posicao ,db52_default ,db52_tamanho ,db52_ident ,db52_imprimir ,db52_alinha ,db52_obs ,db52_quebraapos ) values ( 11647 ,716 ,'pais_origem' ,'PAÍS DE ORIGEM' ,14 ,277 ,'' ,3 ,'false' ,'true' ,'d' ,'' ,0 );
insert into db_layoutcampos( db52_codigo ,db52_layoutlinha ,db52_nome ,db52_descr ,db52_layoutformat ,db52_posicao ,db52_default ,db52_tamanho ,db52_ident ,db52_imprimir ,db52_alinha ,db52_obs ,db52_quebraapos ) values ( 11648 ,716 ,'uf_nascimento' ,'UF DE NASCIMENTO' ,14 ,280 ,'' ,2 ,'false' ,'true' ,'d' ,'' ,0 );
insert into db_layoutcampos( db52_codigo ,db52_layoutlinha ,db52_nome ,db52_descr ,db52_layoutformat ,db52_posicao ,db52_default ,db52_tamanho ,db52_ident ,db52_imprimir ,db52_alinha ,db52_obs ,db52_quebraapos ) values ( 11649 ,716 ,'municipio_nascimento' ,'MUNICÍPIO DE NASCIMENTO' ,14 ,282 ,'' ,7 ,'false' ,'true' ,'d' ,'' ,0 );
insert into db_layoutcampos( db52_codigo ,db52_layoutlinha ,db52_nome ,db52_descr ,db52_layoutformat ,db52_posicao ,db52_default ,db52_tamanho ,db52_ident ,db52_imprimir ,db52_alinha ,db52_obs ,db52_quebraapos ) values ( 11650 ,716 ,'docente_deficiencia' ,'DOCENTE COM DEFICIÊNCIA' ,14 ,289 ,'' ,1 ,'false' ,'true' ,'d' ,'' ,0 );
insert into db_layoutcampos( db52_codigo ,db52_layoutlinha ,db52_nome ,db52_descr ,db52_layoutformat ,db52_posicao ,db52_default ,db52_tamanho ,db52_ident ,db52_imprimir ,db52_alinha ,db52_obs ,db52_quebraapos ) values ( 11651 ,716 ,'tipos_deficiencia_cegueira' ,'TIPOS DE DEFICIÊNCIAS' ,14 ,290 ,'' ,1 ,'false' ,'true' ,'d' ,'' ,0 );
insert into db_layoutcampos( db52_codigo ,db52_layoutlinha ,db52_nome ,db52_descr ,db52_layoutformat ,db52_posicao ,db52_default ,db52_tamanho ,db52_ident ,db52_imprimir ,db52_alinha ,db52_obs ,db52_quebraapos ) values ( 11652 ,716 ,'tipos_deficiencia_baixa_visao' ,'TIPOS DEFICIENCIA BAIXA VISÃO' ,14 ,291 ,'' ,1 ,'false' ,'true' ,'d' ,'' ,0 );
insert into db_layoutcampos( db52_codigo ,db52_layoutlinha ,db52_nome ,db52_descr ,db52_layoutformat ,db52_posicao ,db52_default ,db52_tamanho ,db52_ident ,db52_imprimir ,db52_alinha ,db52_obs ,db52_quebraapos ) values ( 11653 ,716 ,'tipos_deficiencia_surdez' ,'TIPOS DEFICIENCIA SURDEZ' ,14 ,292 ,'' ,1 ,'false' ,'true' ,'d' ,'' ,0 );
insert into db_layoutcampos( db52_codigo ,db52_layoutlinha ,db52_nome ,db52_descr ,db52_layoutformat ,db52_posicao ,db52_default ,db52_tamanho ,db52_ident ,db52_imprimir ,db52_alinha ,db52_obs ,db52_quebraapos ) values ( 11654 ,716 ,'tipos_deficiencia_auditiva' ,'TIPOS DEFICIENCIA AUDITIVA' ,14 ,293 ,'' ,1 ,'false' ,'true' ,'d' ,'' ,0 );
insert into db_layoutcampos( db52_codigo ,db52_layoutlinha ,db52_nome ,db52_descr ,db52_layoutformat ,db52_posicao ,db52_default ,db52_tamanho ,db52_ident ,db52_imprimir ,db52_alinha ,db52_obs ,db52_quebraapos ) values ( 11655 ,716 ,'tipos_deficiencia_surdocegueira' ,'TIPOS DEFICIENCIA SURDOCEGUEIRA' ,14 ,294 ,'' ,1 ,'false' ,'true' ,'d' ,'' ,0 );
insert into db_layoutcampos( db52_codigo ,db52_layoutlinha ,db52_nome ,db52_descr ,db52_layoutformat ,db52_posicao ,db52_default ,db52_tamanho ,db52_ident ,db52_imprimir ,db52_alinha ,db52_obs ,db52_quebraapos ) values ( 11656 ,716 ,'tipos_deficiencia_fisica' ,'TIPOS DEFICIENCIA FISICA' ,14 ,295 ,'' ,1 ,'false' ,'true' ,'d' ,'' ,0 );
insert into db_layoutcampos( db52_codigo ,db52_layoutlinha ,db52_nome ,db52_descr ,db52_layoutformat ,db52_posicao ,db52_default ,db52_tamanho ,db52_ident ,db52_imprimir ,db52_alinha ,db52_obs ,db52_quebraapos ) values ( 11657 ,716 ,'tipos_deficiencia_intelectual' ,'TIPOS DEFICIENCIA INTELECTUAL' ,14 ,296 ,'' ,1 ,'false' ,'true' ,'d' ,'' ,0 );
insert into db_layoutcampos( db52_codigo ,db52_layoutlinha ,db52_nome ,db52_descr ,db52_layoutformat ,db52_posicao ,db52_default ,db52_tamanho ,db52_ident ,db52_imprimir ,db52_alinha ,db52_obs ,db52_quebraapos ) values ( 11658 ,716 ,'tipos_deficiencia_multipla' ,'TIPOS DEFICIENCIA MÚLTIPLA' ,14 ,297 ,'' ,1 ,'false' ,'true' ,'d' ,'' ,0 );
insert into db_layoutcampos( db52_codigo ,db52_layoutlinha ,db52_nome ,db52_descr ,db52_layoutformat ,db52_posicao ,db52_default ,db52_tamanho ,db52_ident ,db52_imprimir ,db52_alinha ,db52_obs ,db52_quebraapos ) values ( 11659 ,716 ,'pipe' ,'PIPE' ,14 ,298 ,'' ,1 ,'false' ,'true' ,'d' ,'' ,0 );
insert into db_layoutlinha( db51_codigo ,db51_layouttxt ,db51_descr ,db51_tipolinha ,db51_tamlinha ,db51_linhasantes ,db51_linhasdepois ,db51_obs ,db51_separador ,db51_compacta ) values ( 717 ,219 ,'REGISTRO 40' ,3 ,0 ,0 ,0 ,'Cadastro de Docente - Documentos e Endereço' ,'|' ,'0' );
insert into db_layoutcampos( db52_codigo ,db52_layoutlinha ,db52_nome ,db52_descr ,db52_layoutformat ,db52_posicao ,db52_default ,db52_tamanho ,db52_ident ,db52_imprimir ,db52_alinha ,db52_obs ,db52_quebraapos ) values ( 11660 ,717 ,'tipo_registro' ,'TIPO DE REGISTRO' ,14 ,1 ,'40' ,2 ,'true' ,'true' ,'d' ,'' ,0 );
insert into db_layoutcampos( db52_codigo ,db52_layoutlinha ,db52_nome ,db52_descr ,db52_layoutformat ,db52_posicao ,db52_default ,db52_tamanho ,db52_ident ,db52_imprimir ,db52_alinha ,db52_obs ,db52_quebraapos ) values ( 11661 ,717 ,'codigo_escola_inep' ,'CÓDIGO DA ESCOLA - INEP' ,14 ,3 ,'' ,8 ,'false' ,'true' ,'d' ,'' ,0 );
insert into db_layoutcampos( db52_codigo ,db52_layoutlinha ,db52_nome ,db52_descr ,db52_layoutformat ,db52_posicao ,db52_default ,db52_tamanho ,db52_ident ,db52_imprimir ,db52_alinha ,db52_obs ,db52_quebraapos ) values ( 11662 ,717 ,'identificacao_unica_docente_inep' ,'IDENTIFICAÇÃO ÚNICA DO DOCENTE INEP' ,14 ,11 ,'' ,12 ,'false' ,'true' ,'d' ,'' ,0 );
insert into db_layoutcampos( db52_codigo ,db52_layoutlinha ,db52_nome ,db52_descr ,db52_layoutformat ,db52_posicao ,db52_default ,db52_tamanho ,db52_ident ,db52_imprimir ,db52_alinha ,db52_obs ,db52_quebraapos ) values ( 11663 ,717 ,'codigo_docente_entidade_escola' ,'CÓDIGO DO DOCENTE ENTIDADE/ESCOLA' ,14 ,23 ,'' ,20 ,'false' ,'true' ,'d' ,'' ,0 );
insert into db_layoutcampos( db52_codigo ,db52_layoutlinha ,db52_nome ,db52_descr ,db52_layoutformat ,db52_posicao ,db52_default ,db52_tamanho ,db52_ident ,db52_imprimir ,db52_alinha ,db52_obs ,db52_quebraapos ) values ( 11664 ,717 ,'numero_cpf' ,'NÚMERO DO CPF' ,14 ,43 ,'' ,11 ,'false' ,'true' ,'d' ,'' ,0 );
insert into db_layoutcampos( db52_codigo ,db52_layoutlinha ,db52_nome ,db52_descr ,db52_layoutformat ,db52_posicao ,db52_default ,db52_tamanho ,db52_ident ,db52_imprimir ,db52_alinha ,db52_obs ,db52_quebraapos ) values ( 11665 ,717 ,'localizacao_zona_residencia' ,'LOCALIZAÇÃO/ZONA DA RESIDÊNCIA' ,14 ,54 ,'' ,1 ,'false' ,'true' ,'d' ,'' ,0 );
insert into db_layoutcampos( db52_codigo ,db52_layoutlinha ,db52_nome ,db52_descr ,db52_layoutformat ,db52_posicao ,db52_default ,db52_tamanho ,db52_ident ,db52_imprimir ,db52_alinha ,db52_obs ,db52_quebraapos ) values ( 11666 ,717 ,'cep' ,'CEP' ,14 ,55 ,'' ,8 ,'false' ,'true' ,'d' ,'' ,0 );
insert into db_layoutcampos( db52_codigo ,db52_layoutlinha ,db52_nome ,db52_descr ,db52_layoutformat ,db52_posicao ,db52_default ,db52_tamanho ,db52_ident ,db52_imprimir ,db52_alinha ,db52_obs ,db52_quebraapos ) values ( 11667 ,717 ,'endereco' ,'ENDEREÇO' ,14 ,63 ,'' ,100 ,'false' ,'true' ,'d' ,'' ,0 );
insert into db_layoutcampos( db52_codigo ,db52_layoutlinha ,db52_nome ,db52_descr ,db52_layoutformat ,db52_posicao ,db52_default ,db52_tamanho ,db52_ident ,db52_imprimir ,db52_alinha ,db52_obs ,db52_quebraapos ) values ( 11668 ,717 ,'numero_endereco' ,'NÚMERO DO ENDEREÇO' ,14 ,163 ,'' ,10 ,'false' ,'true' ,'d' ,'' ,0 );
insert into db_layoutcampos( db52_codigo ,db52_layoutlinha ,db52_nome ,db52_descr ,db52_layoutformat ,db52_posicao ,db52_default ,db52_tamanho ,db52_ident ,db52_imprimir ,db52_alinha ,db52_obs ,db52_quebraapos ) values ( 11669 ,717 ,'complemento' ,'COMPLEMENTO' ,14 ,173 ,'' ,20 ,'false' ,'true' ,'d' ,'' ,0 );
insert into db_layoutcampos( db52_codigo ,db52_layoutlinha ,db52_nome ,db52_descr ,db52_layoutformat ,db52_posicao ,db52_default ,db52_tamanho ,db52_ident ,db52_imprimir ,db52_alinha ,db52_obs ,db52_quebraapos ) values ( 11670 ,717 ,'bairro' ,'BAIRRO' ,14 ,193 ,'' ,50 ,'false' ,'true' ,'d' ,'' ,0 );
insert into db_layoutcampos( db52_codigo ,db52_layoutlinha ,db52_nome ,db52_descr ,db52_layoutformat ,db52_posicao ,db52_default ,db52_tamanho ,db52_ident ,db52_imprimir ,db52_alinha ,db52_obs ,db52_quebraapos ) values ( 11671 ,717 ,'uf' ,'UF' ,14 ,243 ,'' ,2 ,'false' ,'true' ,'d' ,'' ,0 );
insert into db_layoutcampos( db52_codigo ,db52_layoutlinha ,db52_nome ,db52_descr ,db52_layoutformat ,db52_posicao ,db52_default ,db52_tamanho ,db52_ident ,db52_imprimir ,db52_alinha ,db52_obs ,db52_quebraapos ) values ( 11672 ,717 ,'municipio' ,'MUNICÍPIO' ,14 ,245 ,'' ,7 ,'false' ,'true' ,'d' ,'' ,0 );
insert into db_layoutcampos( db52_codigo ,db52_layoutlinha ,db52_nome ,db52_descr ,db52_layoutformat ,db52_posicao ,db52_default ,db52_tamanho ,db52_ident ,db52_imprimir ,db52_alinha ,db52_obs ,db52_quebraapos ) values ( 11673 ,717 ,'pipe' ,'PIPE' ,14 ,252 ,'' ,1 ,'false' ,'true' ,'d' ,'' ,0 );
insert into db_layoutlinha( db51_codigo ,db51_layouttxt ,db51_descr ,db51_tipolinha ,db51_tamlinha ,db51_linhasantes ,db51_linhasdepois ,db51_obs ,db51_separador ,db51_compacta ) values ( 718 ,219 ,'REGISTRO 50' ,3 ,0 ,0 ,0 ,'Cadastro de Docente - Dados Variáveis' ,'|' ,'0' );
insert into db_layoutcampos( db52_codigo ,db52_layoutlinha ,db52_nome ,db52_descr ,db52_layoutformat ,db52_posicao ,db52_default ,db52_tamanho ,db52_ident ,db52_imprimir ,db52_alinha ,db52_obs ,db52_quebraapos ) values ( 11674 ,718 ,'tipo_registro' ,'TIPO DE REGISTRO' ,14 ,1 ,'50' ,2 ,'true' ,'true' ,'d' ,'' ,0 );
insert into db_layoutcampos( db52_codigo ,db52_layoutlinha ,db52_nome ,db52_descr ,db52_layoutformat ,db52_posicao ,db52_default ,db52_tamanho ,db52_ident ,db52_imprimir ,db52_alinha ,db52_obs ,db52_quebraapos ) values ( 11675 ,718 ,'codigo_escola_inep' ,'CÓDIGO DA ESCOLA - INEP' ,14 ,3 ,'' ,8 ,'false' ,'true' ,'d' ,'' ,0 );
insert into db_layoutcampos( db52_codigo ,db52_layoutlinha ,db52_nome ,db52_descr ,db52_layoutformat ,db52_posicao ,db52_default ,db52_tamanho ,db52_ident ,db52_imprimir ,db52_alinha ,db52_obs ,db52_quebraapos ) values ( 11676 ,718 ,'identificacao_unica_docente' ,'IDENTIFICAÇÃO ÚNICA DO DOCENTE(INEP)' ,14 ,11 ,'' ,12 ,'false' ,'true' ,'d' ,'' ,0 );
insert into db_layoutcampos( db52_codigo ,db52_layoutlinha ,db52_nome ,db52_descr ,db52_layoutformat ,db52_posicao ,db52_default ,db52_tamanho ,db52_ident ,db52_imprimir ,db52_alinha ,db52_obs ,db52_quebraapos ) values ( 11677 ,718 ,'codigo_docente_entidade_escola' ,'CÓDIGO DO DOCENTE NA ENTIDADE/ESCOLA' ,14 ,23 ,'' ,20 ,'false' ,'true' ,'d' ,'' ,0 );
insert into db_layoutcampos( db52_codigo ,db52_layoutlinha ,db52_nome ,db52_descr ,db52_layoutformat ,db52_posicao ,db52_default ,db52_tamanho ,db52_ident ,db52_imprimir ,db52_alinha ,db52_obs ,db52_quebraapos ) values ( 11678 ,718 ,'escolaridade' ,'ESCOLARIDADE' ,14 ,43 ,'' ,1 ,'false' ,'true' ,'d' ,'' ,0 );
insert into db_layoutcampos( db52_codigo ,db52_layoutlinha ,db52_nome ,db52_descr ,db52_layoutformat ,db52_posicao ,db52_default ,db52_tamanho ,db52_ident ,db52_imprimir ,db52_alinha ,db52_obs ,db52_quebraapos ) values ( 11679 ,718 ,'situacao_curso_superior_1' ,'SITUAÇÃO DO CURSO SUPERIOR 1' ,14 ,44 ,'' ,1 ,'false' ,'true' ,'d' ,'' ,0 );
insert into db_layoutcampos( db52_codigo ,db52_layoutlinha ,db52_nome ,db52_descr ,db52_layoutformat ,db52_posicao ,db52_default ,db52_tamanho ,db52_ident ,db52_imprimir ,db52_alinha ,db52_obs ,db52_quebraapos ) values ( 11680 ,718 ,'formacao_complementacao_pedagogica_1' ,'FORMAÇÃO/COMPLEMENTAÇÃO PEDAGÓGICA 1' ,14 ,45 ,'' ,1 ,'false' ,'true' ,'d' ,'' ,0 );
insert into db_layoutcampos( db52_codigo ,db52_layoutlinha ,db52_nome ,db52_descr ,db52_layoutformat ,db52_posicao ,db52_default ,db52_tamanho ,db52_ident ,db52_imprimir ,db52_alinha ,db52_obs ,db52_quebraapos ) values ( 11681 ,718 ,'codigo_curso_superior_1' ,'CÓDIGO DO CURSO SUPERIOR 1' ,14 ,46 ,'' ,6 ,'false' ,'true' ,'d' ,'' ,0 );
insert into db_layoutcampos( db52_codigo ,db52_layoutlinha ,db52_nome ,db52_descr ,db52_layoutformat ,db52_posicao ,db52_default ,db52_tamanho ,db52_ident ,db52_imprimir ,db52_alinha ,db52_obs ,db52_quebraapos ) values ( 11682 ,718 ,'ano_inicio_curso_superior_1' ,'ANO DE INÍCIO DO CURSO SUPERIOR 1' ,14 ,52 ,'' ,4 ,'false' ,'true' ,'d' ,'' ,0 );
insert into db_layoutcampos( db52_codigo ,db52_layoutlinha ,db52_nome ,db52_descr ,db52_layoutformat ,db52_posicao ,db52_default ,db52_tamanho ,db52_ident ,db52_imprimir ,db52_alinha ,db52_obs ,db52_quebraapos ) values ( 11683 ,718 ,'ano_conclusao_curso_superior_1' ,'ANO DE CONCLUSÃO DO CURSO SUPERIOR 1' ,14 ,56 ,'' ,4 ,'false' ,'true' ,'d' ,'' ,0 );
insert into db_layoutcampos( db52_codigo ,db52_layoutlinha ,db52_nome ,db52_descr ,db52_layoutformat ,db52_posicao ,db52_default ,db52_tamanho ,db52_ident ,db52_imprimir ,db52_alinha ,db52_obs ,db52_quebraapos ) values ( 11684 ,718 ,'tipo_instituicao_curso_superior_1' ,'TIPO DE INSTITUIÇÃO DO CURSO SUPERIOR 1' ,14 ,60 ,'' ,1 ,'false' ,'true' ,'d' ,'' ,0 );
insert into db_layoutcampos( db52_codigo ,db52_layoutlinha ,db52_nome ,db52_descr ,db52_layoutformat ,db52_posicao ,db52_default ,db52_tamanho ,db52_ident ,db52_imprimir ,db52_alinha ,db52_obs ,db52_quebraapos ) values ( 11685 ,718 ,'instituicao_curso_superior_1' ,'INSTITUIÇÃO DO CURSO SUPERIOR 1' ,14 ,61 ,'' ,7 ,'false' ,'true' ,'d' ,'' ,0 );
insert into db_layoutcampos( db52_codigo ,db52_layoutlinha ,db52_nome ,db52_descr ,db52_layoutformat ,db52_posicao ,db52_default ,db52_tamanho ,db52_ident ,db52_imprimir ,db52_alinha ,db52_obs ,db52_quebraapos ) values ( 11686 ,718 ,'situacao_curso_superior_2' ,'SITUAÇÃO DO CURSO SUPERIOR 2' ,14 ,68 ,'' ,1 ,'false' ,'true' ,'d' ,'' ,0 );
insert into db_layoutcampos( db52_codigo ,db52_layoutlinha ,db52_nome ,db52_descr ,db52_layoutformat ,db52_posicao ,db52_default ,db52_tamanho ,db52_ident ,db52_imprimir ,db52_alinha ,db52_obs ,db52_quebraapos ) values ( 11687 ,718 ,'formacao_complementacao_pedagogica_2' ,'FORMAÇÃO/COMPLEMENTAÇÃO PEDAGÓGIGA 2' ,14 ,69 ,'' ,1 ,'false' ,'true' ,'d' ,'' ,0 );
insert into db_layoutcampos( db52_codigo ,db52_layoutlinha ,db52_nome ,db52_descr ,db52_layoutformat ,db52_posicao ,db52_default ,db52_tamanho ,db52_ident ,db52_imprimir ,db52_alinha ,db52_obs ,db52_quebraapos ) values ( 11688 ,718 ,'codigo_curso_superior_2' ,'CÓDIGO DO CURSO SUPERIOR 2' ,14 ,70 ,'' ,6 ,'false' ,'true' ,'d' ,'' ,0 );
insert into db_layoutcampos( db52_codigo ,db52_layoutlinha ,db52_nome ,db52_descr ,db52_layoutformat ,db52_posicao ,db52_default ,db52_tamanho ,db52_ident ,db52_imprimir ,db52_alinha ,db52_obs ,db52_quebraapos ) values ( 11689 ,718 ,'ano_inicio_curso_superior_2' ,'ANO DE INÍCIO DO CURSO SUPERIOR 2' ,14 ,76 ,'' ,4 ,'false' ,'true' ,'d' ,'' ,0 );
insert into db_layoutcampos( db52_codigo ,db52_layoutlinha ,db52_nome ,db52_descr ,db52_layoutformat ,db52_posicao ,db52_default ,db52_tamanho ,db52_ident ,db52_imprimir ,db52_alinha ,db52_obs ,db52_quebraapos ) values ( 11690 ,718 ,'ano_conclusao_curso_superior_2' ,'ANO DE CONCLUSÃO DO CURSO SUPERIOR 2' ,14 ,80 ,'' ,4 ,'false' ,'true' ,'d' ,'' ,0 );
insert into db_layoutcampos( db52_codigo ,db52_layoutlinha ,db52_nome ,db52_descr ,db52_layoutformat ,db52_posicao ,db52_default ,db52_tamanho ,db52_ident ,db52_imprimir ,db52_alinha ,db52_obs ,db52_quebraapos ) values ( 11691 ,718 ,'tipo_instituicao_curso_superior_2' ,'TIPO DE INSTITUIÇÃO DO CURSO SUPERIOR 2' ,14 ,84 ,'' ,1 ,'false' ,'true' ,'d' ,'' ,0 );
insert into db_layoutcampos( db52_codigo ,db52_layoutlinha ,db52_nome ,db52_descr ,db52_layoutformat ,db52_posicao ,db52_default ,db52_tamanho ,db52_ident ,db52_imprimir ,db52_alinha ,db52_obs ,db52_quebraapos ) values ( 11692 ,718 ,'instituicao_curso_superior_2' ,'INSTITUIÇÃO DO CURSO SUPERIOR 2' ,14 ,85 ,'' ,7 ,'false' ,'true' ,'d' ,'' ,0 );
insert into db_layoutcampos( db52_codigo ,db52_layoutlinha ,db52_nome ,db52_descr ,db52_layoutformat ,db52_posicao ,db52_default ,db52_tamanho ,db52_ident ,db52_imprimir ,db52_alinha ,db52_obs ,db52_quebraapos ) values ( 11693 ,718 ,'situacao_curso_superior_3' ,'SITUAÇÃO DO CURSO SUPERIOR 3' ,14 ,92 ,'' ,1 ,'false' ,'true' ,'d' ,'' ,0 );
insert into db_layoutcampos( db52_codigo ,db52_layoutlinha ,db52_nome ,db52_descr ,db52_layoutformat ,db52_posicao ,db52_default ,db52_tamanho ,db52_ident ,db52_imprimir ,db52_alinha ,db52_obs ,db52_quebraapos ) values ( 11694 ,718 ,'formacao_complementacao_pedagogica_3' ,'FORMAÇÃO/COMPLEMENTAÇÃO PEDAGÓGICA 3' ,14 ,93 ,'' ,1 ,'false' ,'true' ,'d' ,'' ,0 );
insert into db_layoutcampos( db52_codigo ,db52_layoutlinha ,db52_nome ,db52_descr ,db52_layoutformat ,db52_posicao ,db52_default ,db52_tamanho ,db52_ident ,db52_imprimir ,db52_alinha ,db52_obs ,db52_quebraapos ) values ( 11695 ,718 ,'codigo_curso_superior_3' ,'CÓDIGO DO CURSO SUPERIOR 3' ,14 ,94 ,'' ,6 ,'false' ,'true' ,'d' ,'' ,0 );
insert into db_layoutcampos( db52_codigo ,db52_layoutlinha ,db52_nome ,db52_descr ,db52_layoutformat ,db52_posicao ,db52_default ,db52_tamanho ,db52_ident ,db52_imprimir ,db52_alinha ,db52_obs ,db52_quebraapos ) values ( 11696 ,718 ,'ano_inicio_curso_superior_3' ,'ANO DE INÍCIO DO CURSO SUPERIOR 3' ,14 ,100 ,'' ,4 ,'false' ,'true' ,'d' ,'' ,0 );
insert into db_layoutcampos( db52_codigo ,db52_layoutlinha ,db52_nome ,db52_descr ,db52_layoutformat ,db52_posicao ,db52_default ,db52_tamanho ,db52_ident ,db52_imprimir ,db52_alinha ,db52_obs ,db52_quebraapos ) values ( 11697 ,718 ,'ano_conclusao_curso_superior_3' ,'ANO DE CONCLUSÃO DO CURSO SUPERIOR 3' ,14 ,104 ,'' ,4 ,'false' ,'true' ,'d' ,'' ,0 );
insert into db_layoutcampos( db52_codigo ,db52_layoutlinha ,db52_nome ,db52_descr ,db52_layoutformat ,db52_posicao ,db52_default ,db52_tamanho ,db52_ident ,db52_imprimir ,db52_alinha ,db52_obs ,db52_quebraapos ) values ( 11698 ,718 ,'tipo_instituicao_curso_superior_3' ,'TIPO DE INSTITUIÇÃO DO CURSO SUPERIOR' ,14 ,108 ,'' ,1 ,'false' ,'true' ,'d' ,'' ,0 );
insert into db_layoutcampos( db52_codigo ,db52_layoutlinha ,db52_nome ,db52_descr ,db52_layoutformat ,db52_posicao ,db52_default ,db52_tamanho ,db52_ident ,db52_imprimir ,db52_alinha ,db52_obs ,db52_quebraapos ) values ( 11699 ,718 ,'instituicao_curso_superior_3' ,'INSTITUIÇÃO DO CURSO SUPERIOR 3' ,14 ,109 ,'' ,7 ,'false' ,'true' ,'d' ,'' ,0 );
insert into db_layoutcampos( db52_codigo ,db52_layoutlinha ,db52_nome ,db52_descr ,db52_layoutformat ,db52_posicao ,db52_default ,db52_tamanho ,db52_ident ,db52_imprimir ,db52_alinha ,db52_obs ,db52_quebraapos ) values ( 11700 ,718 ,'pos_graduacao_especializacao' ,'PÓS GRADUAÇÃO - ESPECIALIZAÇÃO' ,14 ,116 ,'' ,1 ,'false' ,'true' ,'d' ,'' ,0 );
insert into avaliacaoperguntaopcaolayoutcampo( ed313_sequencial ,ed313_ano ,ed313_db_layoutcampo ,ed313_avaliacaoperguntaopcao ,ed313_layoutvalorcampo ) values ( 821 ,2014 ,11700 ,3000073 ,'1' );
insert into db_layoutcampos( db52_codigo ,db52_layoutlinha ,db52_nome ,db52_descr ,db52_layoutformat ,db52_posicao ,db52_default ,db52_tamanho ,db52_ident ,db52_imprimir ,db52_alinha ,db52_obs ,db52_quebraapos ) values ( 11701 ,718 ,'pos_graduacao_mestrado' ,'PÓS GRADUAÇÃO - MERTRADO' ,14 ,117 ,'' ,1 ,'false' ,'true' ,'d' ,'' ,0 );
insert into avaliacaoperguntaopcaolayoutcampo( ed313_sequencial ,ed313_ano ,ed313_db_layoutcampo ,ed313_avaliacaoperguntaopcao ,ed313_layoutvalorcampo ) values ( 822 ,2014 ,11701 ,3000074 ,'1' );
insert into db_layoutcampos( db52_codigo ,db52_layoutlinha ,db52_nome ,db52_descr ,db52_layoutformat ,db52_posicao ,db52_default ,db52_tamanho ,db52_ident ,db52_imprimir ,db52_alinha ,db52_obs ,db52_quebraapos ) values ( 11702 ,718 ,'pos_graduacao_doutorado' ,'PÓS GRADUAÇÃO DOUTORADO' ,14 ,118 ,'' ,1 ,'false' ,'true' ,'d' ,'' ,0 );
insert into avaliacaoperguntaopcaolayoutcampo( ed313_sequencial ,ed313_ano ,ed313_db_layoutcampo ,ed313_avaliacaoperguntaopcao ,ed313_layoutvalorcampo ) values ( 823 ,2014 ,11702 ,3000075 ,'1' );
insert into db_layoutcampos( db52_codigo ,db52_layoutlinha ,db52_nome ,db52_descr ,db52_layoutformat ,db52_posicao ,db52_default ,db52_tamanho ,db52_ident ,db52_imprimir ,db52_alinha ,db52_obs ,db52_quebraapos ) values ( 11703 ,718 ,'pos_graduacao' ,'PÓS GRADUAÇÃO' ,14 ,119 ,'' ,1 ,'false' ,'true' ,'d' ,'' ,0 );
insert into avaliacaoperguntaopcaolayoutcampo( ed313_sequencial ,ed313_ano ,ed313_db_layoutcampo ,ed313_avaliacaoperguntaopcao ,ed313_layoutvalorcampo ) values ( 824 ,2014 ,11703 ,3000076 ,'1' );
insert into db_layoutcampos( db52_codigo ,db52_layoutlinha ,db52_nome ,db52_descr ,db52_layoutformat ,db52_posicao ,db52_default ,db52_tamanho ,db52_ident ,db52_imprimir ,db52_alinha ,db52_obs ,db52_quebraapos ) values ( 11704 ,718 ,'especifico_creche_0_3_anos' ,'ESPECÍFICO PARA CRECHE DE 0 A 3 ANOS' ,14 ,120 ,'' ,1 ,'false' ,'true' ,'d' ,'' ,0 );
insert into avaliacaoperguntaopcaolayoutcampo( ed313_sequencial ,ed313_ano ,ed313_db_layoutcampo ,ed313_avaliacaoperguntaopcao ,ed313_layoutvalorcampo ) values ( 825 ,2014 ,11704 ,3000077 ,'1' );
insert into db_layoutcampos( db52_codigo ,db52_layoutlinha ,db52_nome ,db52_descr ,db52_layoutformat ,db52_posicao ,db52_default ,db52_tamanho ,db52_ident ,db52_imprimir ,db52_alinha ,db52_obs ,db52_quebraapos ) values ( 11705 ,718 ,'especifico_pre_escola_4_5_anos' ,'ESPECÍFICO PARA PRÉ-ESCOLA DE 4 A 5 ANOS' ,14 ,121 ,'' ,1 ,'false' ,'true' ,'d' ,'' ,0 );
insert into avaliacaoperguntaopcaolayoutcampo( ed313_sequencial ,ed313_ano ,ed313_db_layoutcampo ,ed313_avaliacaoperguntaopcao ,ed313_layoutvalorcampo ) values ( 826 ,2014 ,11705 ,3000078 ,'1' );
insert into db_layoutcampos( db52_codigo ,db52_layoutlinha ,db52_nome ,db52_descr ,db52_layoutformat ,db52_posicao ,db52_default ,db52_tamanho ,db52_ident ,db52_imprimir ,db52_alinha ,db52_obs ,db52_quebraapos ) values ( 11706 ,718 ,'especifico_anos_iniciais_ensino_fundamental' ,'ESPECÍFICO PARA ANOS INICIAIS ENSINO FUN' ,14 ,122 ,'' ,1 ,'false' ,'true' ,'d' ,'' ,0 );
insert into avaliacaoperguntaopcaolayoutcampo( ed313_sequencial ,ed313_ano ,ed313_db_layoutcampo ,ed313_avaliacaoperguntaopcao ,ed313_layoutvalorcampo ) values ( 827 ,2014 ,11706 ,3000079 ,'1' );
insert into db_layoutcampos( db52_codigo ,db52_layoutlinha ,db52_nome ,db52_descr ,db52_layoutformat ,db52_posicao ,db52_default ,db52_tamanho ,db52_ident ,db52_imprimir ,db52_alinha ,db52_obs ,db52_quebraapos ) values ( 11707 ,718 ,'especifico_anos_finais_ensino_fundamental' ,'ESPECÍFICO PARA ANOS FINAIS DO ENS FUNDA' ,14 ,123 ,'' ,1 ,'false' ,'true' ,'d' ,'' ,0 );
insert into avaliacaoperguntaopcaolayoutcampo( ed313_sequencial ,ed313_ano ,ed313_db_layoutcampo ,ed313_avaliacaoperguntaopcao ,ed313_layoutvalorcampo ) values ( 828 ,2014 ,11707 ,3000080 ,'1' );
insert into db_layoutcampos( db52_codigo ,db52_layoutlinha ,db52_nome ,db52_descr ,db52_layoutformat ,db52_posicao ,db52_default ,db52_tamanho ,db52_ident ,db52_imprimir ,db52_alinha ,db52_obs ,db52_quebraapos ) values ( 11708 ,718 ,'especifico_ensino_medio' ,'ESPECÍFICO PARA ENSINO MÉDIO' ,14 ,124 ,'' ,1 ,'false' ,'true' ,'d' ,'' ,0 );
insert into avaliacaoperguntaopcaolayoutcampo( ed313_sequencial ,ed313_ano ,ed313_db_layoutcampo ,ed313_avaliacaoperguntaopcao ,ed313_layoutvalorcampo ) values ( 829 ,2014 ,11708 ,3000081 ,'1' );
insert into db_layoutcampos( db52_codigo ,db52_layoutlinha ,db52_nome ,db52_descr ,db52_layoutformat ,db52_posicao ,db52_default ,db52_tamanho ,db52_ident ,db52_imprimir ,db52_alinha ,db52_obs ,db52_quebraapos ) values ( 11709 ,718 ,'especifico_eja' ,'ESPECÍFICO PARA EDUCAÇÃO JOVENS ADULTOS' ,14 ,125 ,'' ,1 ,'false' ,'true' ,'d' ,'' ,0 );
insert into avaliacaoperguntaopcaolayoutcampo( ed313_sequencial ,ed313_ano ,ed313_db_layoutcampo ,ed313_avaliacaoperguntaopcao ,ed313_layoutvalorcampo ) values ( 830 ,2014 ,11709 ,3000082 ,'1' );
insert into db_layoutcampos( db52_codigo ,db52_layoutlinha ,db52_nome ,db52_descr ,db52_layoutformat ,db52_posicao ,db52_default ,db52_tamanho ,db52_ident ,db52_imprimir ,db52_alinha ,db52_obs ,db52_quebraapos ) values ( 11710 ,718 ,'especifico_educacao_especial' ,'ESPECÍFICO PARA EDUCAÇÃO ESPECIAL' ,14 ,126 ,'' ,1 ,'false' ,'true' ,'d' ,'' ,0 );
insert into avaliacaoperguntaopcaolayoutcampo( ed313_sequencial ,ed313_ano ,ed313_db_layoutcampo ,ed313_avaliacaoperguntaopcao ,ed313_layoutvalorcampo ) values ( 831 ,2014 ,11710 ,3000127 ,'1' );
insert into db_layoutcampos( db52_codigo ,db52_layoutlinha ,db52_nome ,db52_descr ,db52_layoutformat ,db52_posicao ,db52_default ,db52_tamanho ,db52_ident ,db52_imprimir ,db52_alinha ,db52_obs ,db52_quebraapos ) values ( 11711 ,718 ,'especifico_educacao_indigena' ,'ESPECÍFICO PARA EDUCAÇÃO INDÍGENA' ,14 ,127 ,'' ,1 ,'false' ,'true' ,'d' ,'' ,0 );
insert into avaliacaoperguntaopcaolayoutcampo( ed313_sequencial ,ed313_ano ,ed313_db_layoutcampo ,ed313_avaliacaoperguntaopcao ,ed313_layoutvalorcampo ) values ( 832 ,2014 ,11711 ,3000084 ,'1' );
insert into db_layoutcampos( db52_codigo ,db52_layoutlinha ,db52_nome ,db52_descr ,db52_layoutformat ,db52_posicao ,db52_default ,db52_tamanho ,db52_ident ,db52_imprimir ,db52_alinha ,db52_obs ,db52_quebraapos ) values ( 11712 ,718 ,'especifico_educacao_campo' ,'ESPECÍFICO PARA EDUCAÇÃO DO CAMPO' ,14 ,128 ,'' ,1 ,'false' ,'true' ,'d' ,'' ,0 );
insert into avaliacaoperguntaopcaolayoutcampo( ed313_sequencial ,ed313_ano ,ed313_db_layoutcampo ,ed313_avaliacaoperguntaopcao ,ed313_layoutvalorcampo ) values ( 833 ,2014 ,11712 ,3000114 ,'1' );
insert into db_layoutcampos( db52_codigo ,db52_layoutlinha ,db52_nome ,db52_descr ,db52_layoutformat ,db52_posicao ,db52_default ,db52_tamanho ,db52_ident ,db52_imprimir ,db52_alinha ,db52_obs ,db52_quebraapos ) values ( 11713 ,718 ,'especifico_educacao_ambiental' ,'ESPECÍFICO PARA EDUCAÇÃO AMBIENTAL' ,14 ,129 ,'' ,1 ,'false' ,'true' ,'d' ,'' ,0 );
insert into avaliacaoperguntaopcaolayoutcampo( ed313_sequencial ,ed313_ano ,ed313_db_layoutcampo ,ed313_avaliacaoperguntaopcao ,ed313_layoutvalorcampo ) values ( 834 ,2014 ,11713 ,3000115 ,'1' );
insert into db_layoutcampos( db52_codigo ,db52_layoutlinha ,db52_nome ,db52_descr ,db52_layoutformat ,db52_posicao ,db52_default ,db52_tamanho ,db52_ident ,db52_imprimir ,db52_alinha ,db52_obs ,db52_quebraapos ) values ( 11714 ,718 ,'especifico_educacao_direitos_humanos' ,'ESPECÍFICO PARA EDUCAÇÃO EM DIREITOS HUM' ,14 ,130 ,'' ,1 ,'false' ,'true' ,'d' ,'' ,0 );
insert into avaliacaoperguntaopcaolayoutcampo( ed313_sequencial ,ed313_ano ,ed313_db_layoutcampo ,ed313_avaliacaoperguntaopcao ,ed313_layoutvalorcampo ) values ( 835 ,2014 ,11714 ,3000116 ,'1' );
insert into db_layoutcampos( db52_codigo ,db52_layoutlinha ,db52_nome ,db52_descr ,db52_layoutformat ,db52_posicao ,db52_default ,db52_tamanho ,db52_ident ,db52_imprimir ,db52_alinha ,db52_obs ,db52_quebraapos ) values ( 11715 ,718 ,'genero_diversidade_sexual' ,'GÊNERO E DIVERSIDADE SEXUAL' ,14 ,131 ,'' ,1 ,'false' ,'true' ,'d' ,'' ,0 );
insert into avaliacaoperguntaopcaolayoutcampo( ed313_sequencial ,ed313_ano ,ed313_db_layoutcampo ,ed313_avaliacaoperguntaopcao ,ed313_layoutvalorcampo ) values ( 836 ,2014 ,11715 ,3000117 ,'1' );
insert into db_layoutcampos( db52_codigo ,db52_layoutlinha ,db52_nome ,db52_descr ,db52_layoutformat ,db52_posicao ,db52_default ,db52_tamanho ,db52_ident ,db52_imprimir ,db52_alinha ,db52_obs ,db52_quebraapos ) values ( 11716 ,718 ,'direitos_crianca_adolescente' ,'DIREITOS DE CRIANÇA E ADOLESCENTE' ,14 ,132 ,'' ,1 ,'false' ,'true' ,'d' ,'' ,0 );
insert into avaliacaoperguntaopcaolayoutcampo( ed313_sequencial ,ed313_ano ,ed313_db_layoutcampo ,ed313_avaliacaoperguntaopcao ,ed313_layoutvalorcampo ) values ( 837 ,2014 ,11716 ,3000118 ,'1' );
insert into db_layoutcampos( db52_codigo ,db52_layoutlinha ,db52_nome ,db52_descr ,db52_layoutformat ,db52_posicao ,db52_default ,db52_tamanho ,db52_ident ,db52_imprimir ,db52_alinha ,db52_obs ,db52_quebraapos ) values ( 11717 ,718 ,'educ_relacoes_etnicorraciais_his_cult_afro_brasil' ,'EDUC PARA ETNIA HIS CUL AFRO BRASILEIRA' ,14 ,133 ,'' ,1 ,'false' ,'true' ,'d' ,'' ,0 );
insert into avaliacaoperguntaopcaolayoutcampo( ed313_sequencial ,ed313_ano ,ed313_db_layoutcampo ,ed313_avaliacaoperguntaopcao ,ed313_layoutvalorcampo ) values ( 838 ,2014 ,11717 ,3000119 ,'1' );
insert into db_layoutcampos( db52_codigo ,db52_layoutlinha ,db52_nome ,db52_descr ,db52_layoutformat ,db52_posicao ,db52_default ,db52_tamanho ,db52_ident ,db52_imprimir ,db52_alinha ,db52_obs ,db52_quebraapos ) values ( 11718 ,718 ,'outros' ,'OUTROS' ,14 ,134 ,'' ,1 ,'false' ,'true' ,'d' ,'' ,0 );
insert into avaliacaoperguntaopcaolayoutcampo( ed313_sequencial ,ed313_ano ,ed313_db_layoutcampo ,ed313_avaliacaoperguntaopcao ,ed313_layoutvalorcampo ) values ( 839 ,2014 ,11718 ,3000120 ,'1' );
insert into db_layoutcampos( db52_codigo ,db52_layoutlinha ,db52_nome ,db52_descr ,db52_layoutformat ,db52_posicao ,db52_default ,db52_tamanho ,db52_ident ,db52_imprimir ,db52_alinha ,db52_obs ,db52_quebraapos ) values ( 11719 ,718 ,'nenhum' ,'NENHUM' ,14 ,135 ,'' ,1 ,'false' ,'true' ,'d' ,'' ,0 );
insert into avaliacaoperguntaopcaolayoutcampo( ed313_sequencial ,ed313_ano ,ed313_db_layoutcampo ,ed313_avaliacaoperguntaopcao ,ed313_layoutvalorcampo ) values ( 840 ,2014 ,11719 ,3000121 ,'1' );
insert into db_layoutcampos( db52_codigo ,db52_layoutlinha ,db52_nome ,db52_descr ,db52_layoutformat ,db52_posicao ,db52_default ,db52_tamanho ,db52_ident ,db52_imprimir ,db52_alinha ,db52_obs ,db52_quebraapos ) values ( 11720 ,718 ,'pipe' ,'PIPE' ,14 ,136 ,'' ,1 ,'false' ,'true' ,'d' ,'' ,0 );
insert into db_layoutlinha( db51_codigo ,db51_layouttxt ,db51_descr ,db51_tipolinha ,db51_tamlinha ,db51_linhasantes ,db51_linhasdepois ,db51_obs ,db51_separador ,db51_compacta ) values ( 719 ,219 ,'REGISTRO 51' ,3 ,0 ,0 ,0 ,'cadastro de docente - dados de docência' ,'|' ,'0' );
insert into db_layoutcampos( db52_codigo ,db52_layoutlinha ,db52_nome ,db52_descr ,db52_layoutformat ,db52_posicao ,db52_default ,db52_tamanho ,db52_ident ,db52_imprimir ,db52_alinha ,db52_obs ,db52_quebraapos ) values ( 11721 ,719 ,'tipo_registro' ,'TIPO DE REGISTRO' ,14 ,1 ,'51' ,2 ,'true' ,'true' ,'d' ,'' ,0 );
insert into db_layoutcampos( db52_codigo ,db52_layoutlinha ,db52_nome ,db52_descr ,db52_layoutformat ,db52_posicao ,db52_default ,db52_tamanho ,db52_ident ,db52_imprimir ,db52_alinha ,db52_obs ,db52_quebraapos ) values ( 11722 ,719 ,'codigo_escola_inep' ,'CÓDIGO DA ESCOLA - INEP' ,14 ,3 ,'' ,8 ,'false' ,'true' ,'d' ,'' ,0 );
insert into db_layoutcampos( db52_codigo ,db52_layoutlinha ,db52_nome ,db52_descr ,db52_layoutformat ,db52_posicao ,db52_default ,db52_tamanho ,db52_ident ,db52_imprimir ,db52_alinha ,db52_obs ,db52_quebraapos ) values ( 11723 ,719 ,'identificacao_unica_inep' ,'IDENTIFICAÇÃO ÚNICA(INEP)' ,14 ,11 ,'' ,12 ,'false' ,'true' ,'d' ,'' ,0 );
insert into db_layoutcampos( db52_codigo ,db52_layoutlinha ,db52_nome ,db52_descr ,db52_layoutformat ,db52_posicao ,db52_default ,db52_tamanho ,db52_ident ,db52_imprimir ,db52_alinha ,db52_obs ,db52_quebraapos ) values ( 11724 ,719 ,'codigo_docente_entidade_escola' ,'CÓDIGO DO DOCENTE NA ENTIDADE/ESCOLA' ,14 ,23 ,'' ,20 ,'false' ,'true' ,'d' ,'' ,0 );
insert into db_layoutcampos( db52_codigo ,db52_layoutlinha ,db52_nome ,db52_descr ,db52_layoutformat ,db52_posicao ,db52_default ,db52_tamanho ,db52_ident ,db52_imprimir ,db52_alinha ,db52_obs ,db52_quebraapos ) values ( 11725 ,719 ,'codigo_turma_inep' ,'CÓDIGO DA TURMA NO INEP' ,14 ,43 ,'' ,10 ,'false' ,'true' ,'d' ,'' ,0 );
insert into db_layoutcampos( db52_codigo ,db52_layoutlinha ,db52_nome ,db52_descr ,db52_layoutformat ,db52_posicao ,db52_default ,db52_tamanho ,db52_ident ,db52_imprimir ,db52_alinha ,db52_obs ,db52_quebraapos ) values ( 11726 ,719 ,'codigo_turma_entidade_escola' ,'CÓDIGO DA TURMA NA ENTIDADE/ESCOLA' ,14 ,53 ,'' ,20 ,'false' ,'true' ,'d' ,'' ,0 );
insert into db_layoutcampos( db52_codigo ,db52_layoutlinha ,db52_nome ,db52_descr ,db52_layoutformat ,db52_posicao ,db52_default ,db52_tamanho ,db52_ident ,db52_imprimir ,db52_alinha ,db52_obs ,db52_quebraapos ) values ( 11727 ,719 ,'funcao_exerce_escola_turma' ,'FUNÇÃO QUE EXERCE NA ESCOLA/TURMA' ,14 ,73 ,'' ,1 ,'false' ,'true' ,'d' ,'' ,0 );
insert into db_layoutcampos( db52_codigo ,db52_layoutlinha ,db52_nome ,db52_descr ,db52_layoutformat ,db52_posicao ,db52_default ,db52_tamanho ,db52_ident ,db52_imprimir ,db52_alinha ,db52_obs ,db52_quebraapos ) values ( 11728 ,719 ,'situacao_funcional_contratacao_vinculo' ,'SITUAÇÃO FUNCIONAL/REGIME DE CONTRATAÇÃO' ,14 ,74 ,'' ,1 ,'false' ,'true' ,'d' ,'' ,0 );
insert into db_layoutcampos( db52_codigo ,db52_layoutlinha ,db52_nome ,db52_descr ,db52_layoutformat ,db52_posicao ,db52_default ,db52_tamanho ,db52_ident ,db52_imprimir ,db52_alinha ,db52_obs ,db52_quebraapos ) values ( 11729 ,719 ,'codigo_disciplina_1' ,'CÓDIGO DA DISCIPLINA 1' ,14 ,75 ,'' ,2 ,'false' ,'true' ,'d' ,'' ,0 );
insert into db_layoutcampos( db52_codigo ,db52_layoutlinha ,db52_nome ,db52_descr ,db52_layoutformat ,db52_posicao ,db52_default ,db52_tamanho ,db52_ident ,db52_imprimir ,db52_alinha ,db52_obs ,db52_quebraapos ) values ( 11730 ,719 ,'codigo_disciplina_2' ,'CÓDIGO DA DISCIPLINA 2' ,14 ,77 ,'' ,2 ,'false' ,'true' ,'d' ,'' ,0 );
insert into db_layoutcampos( db52_codigo ,db52_layoutlinha ,db52_nome ,db52_descr ,db52_layoutformat ,db52_posicao ,db52_default ,db52_tamanho ,db52_ident ,db52_imprimir ,db52_alinha ,db52_obs ,db52_quebraapos ) values ( 11731 ,719 ,'codigo_disciplina_3' ,'CÓDIGO DA DISCIPLINA 3' ,14 ,79 ,'' ,2 ,'false' ,'true' ,'d' ,'' ,0 );
insert into db_layoutcampos( db52_codigo ,db52_layoutlinha ,db52_nome ,db52_descr ,db52_layoutformat ,db52_posicao ,db52_default ,db52_tamanho ,db52_ident ,db52_imprimir ,db52_alinha ,db52_obs ,db52_quebraapos ) values ( 11732 ,719 ,'codigo_disciplina_4' ,'CÓDIGO DA DISCIPLINA 4' ,14 ,81 ,'' ,2 ,'false' ,'true' ,'d' ,'' ,0 );
insert into db_layoutcampos( db52_codigo ,db52_layoutlinha ,db52_nome ,db52_descr ,db52_layoutformat ,db52_posicao ,db52_default ,db52_tamanho ,db52_ident ,db52_imprimir ,db52_alinha ,db52_obs ,db52_quebraapos ) values ( 11733 ,719 ,'codigo_disciplina_5' ,'CÓDIGO DA DISCIPLINA 5' ,14 ,83 ,'' ,2 ,'false' ,'true' ,'d' ,'' ,0 );
insert into db_layoutcampos( db52_codigo ,db52_layoutlinha ,db52_nome ,db52_descr ,db52_layoutformat ,db52_posicao ,db52_default ,db52_tamanho ,db52_ident ,db52_imprimir ,db52_alinha ,db52_obs ,db52_quebraapos ) values ( 11734 ,719 ,'codigo_disciplina_6' ,'CÓDIGO DA DISCIPLINA 6' ,14 ,85 ,'' ,2 ,'false' ,'true' ,'d' ,'' ,0 );
insert into db_layoutcampos( db52_codigo ,db52_layoutlinha ,db52_nome ,db52_descr ,db52_layoutformat ,db52_posicao ,db52_default ,db52_tamanho ,db52_ident ,db52_imprimir ,db52_alinha ,db52_obs ,db52_quebraapos ) values ( 11735 ,719 ,'codigo_disciplina_7' ,'CÓDIGO DA DISCIPLINA 7' ,14 ,87 ,'' ,2 ,'false' ,'true' ,'d' ,'' ,0 );
insert into db_layoutcampos( db52_codigo ,db52_layoutlinha ,db52_nome ,db52_descr ,db52_layoutformat ,db52_posicao ,db52_default ,db52_tamanho ,db52_ident ,db52_imprimir ,db52_alinha ,db52_obs ,db52_quebraapos ) values ( 11736 ,719 ,'codigo_disciplina_8' ,'CÓDIGO DA DISCIPLINA 8' ,14 ,89 ,'' ,2 ,'false' ,'true' ,'d' ,'' ,0 );
insert into db_layoutcampos( db52_codigo ,db52_layoutlinha ,db52_nome ,db52_descr ,db52_layoutformat ,db52_posicao ,db52_default ,db52_tamanho ,db52_ident ,db52_imprimir ,db52_alinha ,db52_obs ,db52_quebraapos ) values ( 11737 ,719 ,'codigo_disciplina_9' ,'CÓDIGO DA DISCIPLINA 9' ,14 ,91 ,'' ,2 ,'false' ,'true' ,'d' ,'' ,0 );
insert into db_layoutcampos( db52_codigo ,db52_layoutlinha ,db52_nome ,db52_descr ,db52_layoutformat ,db52_posicao ,db52_default ,db52_tamanho ,db52_ident ,db52_imprimir ,db52_alinha ,db52_obs ,db52_quebraapos ) values ( 11738 ,719 ,'codigo_disciplina_10' ,'CÓDIGO DA DISCIPLINA 10' ,14 ,93 ,'' ,2 ,'false' ,'true' ,'d' ,'' ,0 );
insert into db_layoutcampos( db52_codigo ,db52_layoutlinha ,db52_nome ,db52_descr ,db52_layoutformat ,db52_posicao ,db52_default ,db52_tamanho ,db52_ident ,db52_imprimir ,db52_alinha ,db52_obs ,db52_quebraapos ) values ( 11739 ,719 ,'codigo_disciplina_11' ,'CÓDIGO DA DISCIPLINA 11' ,14 ,95 ,'' ,2 ,'false' ,'true' ,'d' ,'' ,0 );
insert into db_layoutcampos( db52_codigo ,db52_layoutlinha ,db52_nome ,db52_descr ,db52_layoutformat ,db52_posicao ,db52_default ,db52_tamanho ,db52_ident ,db52_imprimir ,db52_alinha ,db52_obs ,db52_quebraapos ) values ( 11740 ,719 ,'codigo_disciplina_12' ,'CÓDIGO DA DISCIPLINA 12' ,14 ,97 ,'' ,2 ,'false' ,'true' ,'d' ,'' ,0 );
insert into db_layoutcampos( db52_codigo ,db52_layoutlinha ,db52_nome ,db52_descr ,db52_layoutformat ,db52_posicao ,db52_default ,db52_tamanho ,db52_ident ,db52_imprimir ,db52_alinha ,db52_obs ,db52_quebraapos ) values ( 11741 ,719 ,'codigo_disciplina_13' ,'CÓDIGO DA DISCIPLINA 13' ,14 ,99 ,'' ,2 ,'false' ,'true' ,'d' ,'' ,0 );
insert into db_layoutcampos( db52_codigo ,db52_layoutlinha ,db52_nome ,db52_descr ,db52_layoutformat ,db52_posicao ,db52_default ,db52_tamanho ,db52_ident ,db52_imprimir ,db52_alinha ,db52_obs ,db52_quebraapos ) values ( 11742 ,719 ,'pipe' ,'FINALIZADOR DE LINHA' ,14 ,101 ,'' ,1 ,'false' ,'true' ,'d' ,'' ,0 );
insert into db_layoutlinha( db51_codigo ,db51_layouttxt ,db51_descr ,db51_tipolinha ,db51_tamlinha ,db51_linhasantes ,db51_linhasdepois ,db51_obs ,db51_separador ,db51_compacta ) values ( 720 ,219 ,'REGISTRO 60' ,3 ,0 ,0 ,0 ,'Cadastro de Aluno - Identificação' ,'|' ,'0' );
insert into db_layoutcampos( db52_codigo ,db52_layoutlinha ,db52_nome ,db52_descr ,db52_layoutformat ,db52_posicao ,db52_default ,db52_tamanho ,db52_ident ,db52_imprimir ,db52_alinha ,db52_obs ,db52_quebraapos ) values ( 11743 ,720 ,'tipo_registro' ,'TIPO DE REGISTRO' ,14 ,1 ,'60' ,2 ,'true' ,'true' ,'d' ,'' ,0 );
insert into db_layoutcampos( db52_codigo ,db52_layoutlinha ,db52_nome ,db52_descr ,db52_layoutformat ,db52_posicao ,db52_default ,db52_tamanho ,db52_ident ,db52_imprimir ,db52_alinha ,db52_obs ,db52_quebraapos ) values ( 11744 ,720 ,'codigo_escola_inep' ,'CÓDIGO DA ESCOLA INEP' ,14 ,3 ,'' ,8 ,'false' ,'true' ,'d' ,'' ,0 );
insert into db_layoutcampos( db52_codigo ,db52_layoutlinha ,db52_nome ,db52_descr ,db52_layoutformat ,db52_posicao ,db52_default ,db52_tamanho ,db52_ident ,db52_imprimir ,db52_alinha ,db52_obs ,db52_quebraapos ) values ( 11745 ,720 ,'identificacao_unica_aluno' ,'IDENTIFICAÇÃO ÚNICA DO ALUNO(INEP)' ,14 ,11 ,'' ,12 ,'false' ,'true' ,'d' ,'' ,0 );
insert into db_layoutcampos( db52_codigo ,db52_layoutlinha ,db52_nome ,db52_descr ,db52_layoutformat ,db52_posicao ,db52_default ,db52_tamanho ,db52_ident ,db52_imprimir ,db52_alinha ,db52_obs ,db52_quebraapos ) values ( 11746 ,720 ,'codigo_aluno_entidade_escola' ,'CÓDIGO DO ALUNO ENTIDADE/ESCOLA' ,14 ,23 ,'' ,20 ,'false' ,'true' ,'d' ,'' ,0 );
insert into db_layoutcampos( db52_codigo ,db52_layoutlinha ,db52_nome ,db52_descr ,db52_layoutformat ,db52_posicao ,db52_default ,db52_tamanho ,db52_ident ,db52_imprimir ,db52_alinha ,db52_obs ,db52_quebraapos ) values ( 11747 ,720 ,'nome_completo' ,'NOME COMPLETO' ,14 ,43 ,'' ,100 ,'false' ,'true' ,'d' ,'' ,0 );
insert into db_layoutcampos( db52_codigo ,db52_layoutlinha ,db52_nome ,db52_descr ,db52_layoutformat ,db52_posicao ,db52_default ,db52_tamanho ,db52_ident ,db52_imprimir ,db52_alinha ,db52_obs ,db52_quebraapos ) values ( 11748 ,720 ,'numero_identificacao_social' ,'NÚMERO DE IDENTIFICAÇÃO SOCIAL' ,14 ,143 ,'' ,11 ,'false' ,'true' ,'d' ,'' ,0 );
insert into db_layoutcampos( db52_codigo ,db52_layoutlinha ,db52_nome ,db52_descr ,db52_layoutformat ,db52_posicao ,db52_default ,db52_tamanho ,db52_ident ,db52_imprimir ,db52_alinha ,db52_obs ,db52_quebraapos ) values ( 11749 ,720 ,'data_nascimento' ,'DATA DE NASCIMENTO' ,14 ,154 ,'' ,10 ,'false' ,'true' ,'d' ,'' ,0 );
insert into db_layoutcampos( db52_codigo ,db52_layoutlinha ,db52_nome ,db52_descr ,db52_layoutformat ,db52_posicao ,db52_default ,db52_tamanho ,db52_ident ,db52_imprimir ,db52_alinha ,db52_obs ,db52_quebraapos ) values ( 11750 ,720 ,'sexo' ,'SEXO' ,14 ,164 ,'' ,1 ,'false' ,'true' ,'d' ,'' ,0 );
insert into db_layoutcampos( db52_codigo ,db52_layoutlinha ,db52_nome ,db52_descr ,db52_layoutformat ,db52_posicao ,db52_default ,db52_tamanho ,db52_ident ,db52_imprimir ,db52_alinha ,db52_obs ,db52_quebraapos ) values ( 11751 ,720 ,'cor_raca' ,'COR/RAÇA' ,14 ,165 ,'' ,1 ,'false' ,'true' ,'d' ,'' ,0 );
insert into db_layoutcampos( db52_codigo ,db52_layoutlinha ,db52_nome ,db52_descr ,db52_layoutformat ,db52_posicao ,db52_default ,db52_tamanho ,db52_ident ,db52_imprimir ,db52_alinha ,db52_obs ,db52_quebraapos ) values ( 11752 ,720 ,'filiacao' ,'FILIAÇÃO' ,14 ,166 ,'' ,1 ,'false' ,'true' ,'d' ,'' ,0 );
insert into db_layoutcampos( db52_codigo ,db52_layoutlinha ,db52_nome ,db52_descr ,db52_layoutformat ,db52_posicao ,db52_default ,db52_tamanho ,db52_ident ,db52_imprimir ,db52_alinha ,db52_obs ,db52_quebraapos ) values ( 11753 ,720 ,'nome_mae' ,'NOME DA MÃE' ,14 ,167 ,'' ,100 ,'false' ,'true' ,'d' ,'' ,0 );
insert into db_layoutcampos( db52_codigo ,db52_layoutlinha ,db52_nome ,db52_descr ,db52_layoutformat ,db52_posicao ,db52_default ,db52_tamanho ,db52_ident ,db52_imprimir ,db52_alinha ,db52_obs ,db52_quebraapos ) values ( 11754 ,720 ,'nome_pai' ,'NOME DO PAI' ,14 ,267 ,'' ,100 ,'false' ,'true' ,'d' ,'' ,0 );
insert into db_layoutcampos( db52_codigo ,db52_layoutlinha ,db52_nome ,db52_descr ,db52_layoutformat ,db52_posicao ,db52_default ,db52_tamanho ,db52_ident ,db52_imprimir ,db52_alinha ,db52_obs ,db52_quebraapos ) values ( 11755 ,720 ,'nacionalidade_aluno' ,'NACIONALIDADE DO ALUNO' ,14 ,367 ,'' ,1 ,'false' ,'true' ,'d' ,'' ,0 );
insert into db_layoutcampos( db52_codigo ,db52_layoutlinha ,db52_nome ,db52_descr ,db52_layoutformat ,db52_posicao ,db52_default ,db52_tamanho ,db52_ident ,db52_imprimir ,db52_alinha ,db52_obs ,db52_quebraapos ) values ( 11756 ,720 ,'pais_origem' ,'PAÍS DE ORIGEM' ,14 ,368 ,'' ,3 ,'false' ,'true' ,'d' ,'' ,0 );
insert into db_layoutcampos( db52_codigo ,db52_layoutlinha ,db52_nome ,db52_descr ,db52_layoutformat ,db52_posicao ,db52_default ,db52_tamanho ,db52_ident ,db52_imprimir ,db52_alinha ,db52_obs ,db52_quebraapos ) values ( 11757 ,720 ,'uf_nascimento' ,'UF DE NASCIMENTO' ,14 ,371 ,'' ,2 ,'false' ,'true' ,'d' ,'' ,0 );
insert into db_layoutcampos( db52_codigo ,db52_layoutlinha ,db52_nome ,db52_descr ,db52_layoutformat ,db52_posicao ,db52_default ,db52_tamanho ,db52_ident ,db52_imprimir ,db52_alinha ,db52_obs ,db52_quebraapos ) values ( 11758 ,720 ,'municipio_nascimento' ,'MUNICÍPIO DE NASCIMENTO' ,14 ,373 ,'' ,7 ,'false' ,'true' ,'d' ,'' ,0 );
insert into db_layoutcampos( db52_codigo ,db52_layoutlinha ,db52_nome ,db52_descr ,db52_layoutformat ,db52_posicao ,db52_default ,db52_tamanho ,db52_ident ,db52_imprimir ,db52_alinha ,db52_obs ,db52_quebraapos ) values ( 11759 ,720 ,'alunos_deficiencia_transtorno_desenv_superdotacao' ,'TRANSTORNO DESENVOLVIMENTO OU SUPERDOTAÇ' ,14 ,380 ,'' ,1 ,'false' ,'true' ,'d' ,'' ,0 );
insert into db_layoutcampos( db52_codigo ,db52_layoutlinha ,db52_nome ,db52_descr ,db52_layoutformat ,db52_posicao ,db52_default ,db52_tamanho ,db52_ident ,db52_imprimir ,db52_alinha ,db52_obs ,db52_quebraapos ) values ( 11760 ,720 ,'tipos_defic_transtorno_cegueira' ,'TRANSTORNO DESENV/SUPERDOTAÇÃO CEGUEIRA' ,14 ,381 ,'' ,1 ,'false' ,'true' ,'d' ,'' ,0 );
insert into db_layoutcampos( db52_codigo ,db52_layoutlinha ,db52_nome ,db52_descr ,db52_layoutformat ,db52_posicao ,db52_default ,db52_tamanho ,db52_ident ,db52_imprimir ,db52_alinha ,db52_obs ,db52_quebraapos ) values ( 11761 ,720 ,'tipos_defic_transtorno_baixa_visao' ,'TRANSTORNO DESENV/SUPERDOTAÇÃO BAIXA VIS' ,14 ,382 ,'' ,1 ,'false' ,'true' ,'d' ,'' ,0 );
insert into db_layoutcampos( db52_codigo ,db52_layoutlinha ,db52_nome ,db52_descr ,db52_layoutformat ,db52_posicao ,db52_default ,db52_tamanho ,db52_ident ,db52_imprimir ,db52_alinha ,db52_obs ,db52_quebraapos ) values ( 11762 ,720 ,'tipos_defic_transtorno_surdez' ,'TRANSTORNO DESENV/SUPERDOTAÇÃO SURDEZ' ,14 ,383 ,'' ,1 ,'false' ,'true' ,'d' ,'' ,0 );
insert into db_layoutcampos( db52_codigo ,db52_layoutlinha ,db52_nome ,db52_descr ,db52_layoutformat ,db52_posicao ,db52_default ,db52_tamanho ,db52_ident ,db52_imprimir ,db52_alinha ,db52_obs ,db52_quebraapos ) values ( 11763 ,720 ,'tipos_defic_transtorno_auditiva' ,'TRANSTORNO DESENV/SUPERDOTAÇÃO DEF AUDIT' ,14 ,384 ,'' ,1 ,'false' ,'true' ,'d' ,'' ,0 );
insert into db_layoutcampos( db52_codigo ,db52_layoutlinha ,db52_nome ,db52_descr ,db52_layoutformat ,db52_posicao ,db52_default ,db52_tamanho ,db52_ident ,db52_imprimir ,db52_alinha ,db52_obs ,db52_quebraapos ) values ( 11764 ,720 ,'tipos_defic_transtorno_surdocegueira' ,'TRANSTORNO DESENV/SUPERDOTAÇÃO SURDOCEGU' ,14 ,385 ,'' ,1 ,'false' ,'true' ,'d' ,'' ,0 );
insert into db_layoutcampos( db52_codigo ,db52_layoutlinha ,db52_nome ,db52_descr ,db52_layoutformat ,db52_posicao ,db52_default ,db52_tamanho ,db52_ident ,db52_imprimir ,db52_alinha ,db52_obs ,db52_quebraapos ) values ( 11765 ,720 ,'tipos_defic_transtorno_def_fisica' ,'TRANSTORNO DESENV/SUPERDOTAÇÃO DEF FISIC' ,14 ,386 ,'' ,1 ,'false' ,'true' ,'d' ,'' ,0 );
insert into db_layoutcampos( db52_codigo ,db52_layoutlinha ,db52_nome ,db52_descr ,db52_layoutformat ,db52_posicao ,db52_default ,db52_tamanho ,db52_ident ,db52_imprimir ,db52_alinha ,db52_obs ,db52_quebraapos ) values ( 11766 ,720 ,'tipos_defic_transtorno_def_intelectual' ,'TRANSTORNO DESENV/SUPERDOT DEF INTELECTU' ,14 ,387 ,'' ,1 ,'false' ,'true' ,'d' ,'' ,0 );
insert into db_layoutcampos( db52_codigo ,db52_layoutlinha ,db52_nome ,db52_descr ,db52_layoutformat ,db52_posicao ,db52_default ,db52_tamanho ,db52_ident ,db52_imprimir ,db52_alinha ,db52_obs ,db52_quebraapos ) values ( 11767 ,720 ,'tipos_defic_transtorno_def_multipla' ,'TRANSTORNO DESENV/SUPERDOT DEF MULTÍPLA' ,14 ,388 ,'' ,1 ,'false' ,'true' ,'d' ,'' ,0 );
insert into db_layoutcampos( db52_codigo ,db52_layoutlinha ,db52_nome ,db52_descr ,db52_layoutformat ,db52_posicao ,db52_default ,db52_tamanho ,db52_ident ,db52_imprimir ,db52_alinha ,db52_obs ,db52_quebraapos ) values ( 11768 ,720 ,'tipos_defic_transtorno_def_autismo_infantil' ,'TRANSTORNO DESENV/SUPERDOT DEF AUTIS INF' ,14 ,389 ,'' ,1 ,'false' ,'true' ,'d' ,'' ,0 );
insert into db_layoutcampos( db52_codigo ,db52_layoutlinha ,db52_nome ,db52_descr ,db52_layoutformat ,db52_posicao ,db52_default ,db52_tamanho ,db52_ident ,db52_imprimir ,db52_alinha ,db52_obs ,db52_quebraapos ) values ( 11769 ,720 ,'tipos_defic_transtorno_def_asperger' ,'TRANSTORNO DESENV/SUPERDOT DEF ASPERGER' ,14 ,390 ,'' ,1 ,'false' ,'true' ,'d' ,'' ,0 );
insert into db_layoutcampos( db52_codigo ,db52_layoutlinha ,db52_nome ,db52_descr ,db52_layoutformat ,db52_posicao ,db52_default ,db52_tamanho ,db52_ident ,db52_imprimir ,db52_alinha ,db52_obs ,db52_quebraapos ) values ( 11770 ,720 ,'tipos_defic_transtorno_def_sindrome_rett' ,'TRANSTORNO DESENV/SUPERDOT DEF RETT' ,14 ,391 ,'' ,1 ,'false' ,'true' ,'d' ,'' ,0 );
insert into db_layoutcampos( db52_codigo ,db52_layoutlinha ,db52_nome ,db52_descr ,db52_layoutformat ,db52_posicao ,db52_default ,db52_tamanho ,db52_ident ,db52_imprimir ,db52_alinha ,db52_obs ,db52_quebraapos ) values ( 11771 ,720 ,'tipos_defic_transtorno_desintegrativo_infancia' ,'TRANSTORNO DESENV/SUPERDOT DESINT INFANC' ,14 ,392 ,'' ,1 ,'false' ,'true' ,'d' ,'' ,0 );
insert into db_layoutcampos( db52_codigo ,db52_layoutlinha ,db52_nome ,db52_descr ,db52_layoutformat ,db52_posicao ,db52_default ,db52_tamanho ,db52_ident ,db52_imprimir ,db52_alinha ,db52_obs ,db52_quebraapos ) values ( 11772 ,720 ,'tipos_defic_transtorno_altas_habilidades' ,'TRANSTORNO DESENV/SUPERDOT ALTAS HABILID' ,14 ,393 ,'' ,1 ,'false' ,'true' ,'d' ,'' ,0 );
insert into db_layoutcampos( db52_codigo ,db52_layoutlinha ,db52_nome ,db52_descr ,db52_layoutformat ,db52_posicao ,db52_default ,db52_tamanho ,db52_ident ,db52_imprimir ,db52_alinha ,db52_obs ,db52_quebraapos ) values ( 11773 ,720 ,'recurso_auxilio_ledor' ,'RECURSO AUXILIO LEDOR' ,14 ,394 ,'' ,1 ,'false' ,'true' ,'d' ,'Recursos necessários para a participação do INEP - auxilio ledor' ,0 );
insert into db_layoutcampos( db52_codigo ,db52_layoutlinha ,db52_nome ,db52_descr ,db52_layoutformat ,db52_posicao ,db52_default ,db52_tamanho ,db52_ident ,db52_imprimir ,db52_alinha ,db52_obs ,db52_quebraapos ) values ( 11774 ,720 ,'recurso_auxilio_transcricao' ,'RECURSO AUXILIO LEDOR' ,14 ,395 ,'' ,1 ,'false' ,'true' ,'d' ,'Recursos necessários para a participação do INEP - auxilio transcrição' ,0 );
insert into db_layoutcampos( db52_codigo ,db52_layoutlinha ,db52_nome ,db52_descr ,db52_layoutformat ,db52_posicao ,db52_default ,db52_tamanho ,db52_ident ,db52_imprimir ,db52_alinha ,db52_obs ,db52_quebraapos ) values ( 11775 ,720 ,'recurso_auxilio_interprete' ,'RECURSO AUXILIO INTERPRETE' ,14 ,396 ,'' ,1 ,'false' ,'true' ,'d' ,'Recursos necessários para a participação do INEP - auxilio interprete' ,0 );
insert into db_layoutcampos( db52_codigo ,db52_layoutlinha ,db52_nome ,db52_descr ,db52_layoutformat ,db52_posicao ,db52_default ,db52_tamanho ,db52_ident ,db52_imprimir ,db52_alinha ,db52_obs ,db52_quebraapos ) values ( 11776 ,720 ,'recurso_auxilio_interprete_libras' ,'RECURSO AUXILIO INTERPRETE LIBRAS' ,14 ,397 ,'' ,1 ,'false' ,'true' ,'d' ,'Recursos necessários para a participação do INEP - auxilio interprete libras' ,0 );
insert into db_layoutcampos( db52_codigo ,db52_layoutlinha ,db52_nome ,db52_descr ,db52_layoutformat ,db52_posicao ,db52_default ,db52_tamanho ,db52_ident ,db52_imprimir ,db52_alinha ,db52_obs ,db52_quebraapos ) values ( 11777 ,720 ,'recurso_auxilio_leitura_labial' ,'RECURSO AUXILIO LEITURA LABIAL' ,14 ,398 ,'' ,1 ,'false' ,'true' ,'d' ,'Recursos necessários para a participação do INEP - auxilio leitura labial' ,0 );
insert into db_layoutcampos( db52_codigo ,db52_layoutlinha ,db52_nome ,db52_descr ,db52_layoutformat ,db52_posicao ,db52_default ,db52_tamanho ,db52_ident ,db52_imprimir ,db52_alinha ,db52_obs ,db52_quebraapos ) values ( 11778 ,720 ,'recurso_auxilio_prova_ampliada_16' ,'RECURSO AUXILIO PROVA AMPLIADA 16' ,14 ,399 ,'' ,1 ,'false' ,'true' ,'d' ,'Recursos necessários para a participação do INEP - auxilio prova ampliada 16' ,0 );
insert into db_layoutcampos( db52_codigo ,db52_layoutlinha ,db52_nome ,db52_descr ,db52_layoutformat ,db52_posicao ,db52_default ,db52_tamanho ,db52_ident ,db52_imprimir ,db52_alinha ,db52_obs ,db52_quebraapos ) values ( 11779 ,720 ,'recurso_auxilio_prova_ampliada_20' ,'RECURSO AUXILIO PROVA AMPLIADA 20' ,14 ,400 ,'' ,1 ,'false' ,'true' ,'d' ,'Recursos necessários para a participação do INEP - auxilio prova ampliada 20' ,0 );
insert into db_layoutcampos( db52_codigo ,db52_layoutlinha ,db52_nome ,db52_descr ,db52_layoutformat ,db52_posicao ,db52_default ,db52_tamanho ,db52_ident ,db52_imprimir ,db52_alinha ,db52_obs ,db52_quebraapos ) values ( 11780 ,720 ,'recurso_auxilio_prova_ampliada_24' ,'RECURSO AUXILIO PROVA AMPLIADA 24' ,14 ,401 ,'' ,1 ,'false' ,'true' ,'d' ,'Recursos necessários para a participação do INEP - auxilio prova ampliada 24' ,0 );
insert into db_layoutcampos( db52_codigo ,db52_layoutlinha ,db52_nome ,db52_descr ,db52_layoutformat ,db52_posicao ,db52_default ,db52_tamanho ,db52_ident ,db52_imprimir ,db52_alinha ,db52_obs ,db52_quebraapos ) values ( 11781 ,720 ,'recurso_auxilio_prova_braille' ,'RECURSO AUXILIO PROVA BRAILLE' ,14 ,402 ,'' ,1 ,'false' ,'true' ,'d' ,'Recursos necessários para a participação do INEP - auxilio prova braille' ,0 );
insert into db_layoutcampos( db52_codigo ,db52_layoutlinha ,db52_nome ,db52_descr ,db52_layoutformat ,db52_posicao ,db52_default ,db52_tamanho ,db52_ident ,db52_imprimir ,db52_alinha ,db52_obs ,db52_quebraapos ) values ( 11782 ,720 ,'recurso_auxilio_nenhum' ,'RECURSO AUXILIO NENHUM' ,14 ,403 ,'' ,1 ,'false' ,'true' ,'d' ,'Recursos necessários para a participação do INEP - auxilio nenhum' ,0 );
insert into db_layoutcampos( db52_codigo ,db52_layoutlinha ,db52_nome ,db52_descr ,db52_layoutformat ,db52_posicao ,db52_default ,db52_tamanho ,db52_ident ,db52_imprimir ,db52_alinha ,db52_obs ,db52_quebraapos ) values ( 11783 ,720 ,'pipe' ,'PIPE' ,14 ,404 ,'' ,1 ,'false' ,'true' ,'d' ,'' ,0 );
insert into db_layoutlinha( db51_codigo ,db51_layouttxt ,db51_descr ,db51_tipolinha ,db51_tamlinha ,db51_linhasantes ,db51_linhasdepois ,db51_obs ,db51_separador ,db51_compacta ) values ( 721 ,219 ,'REGISTRO 70' ,3 ,0 ,0 ,0 ,'Cadastro de Aluno - Documentos e Endereço' ,'|' ,'0' );
insert into db_layoutcampos( db52_codigo ,db52_layoutlinha ,db52_nome ,db52_descr ,db52_layoutformat ,db52_posicao ,db52_default ,db52_tamanho ,db52_ident ,db52_imprimir ,db52_alinha ,db52_obs ,db52_quebraapos ) values ( 11784 ,721 ,'tipo_registro' ,'TIPO DE REGISTRO' ,14 ,1 ,'70' ,2 ,'true' ,'true' ,'d' ,'' ,0 );
insert into db_layoutcampos( db52_codigo ,db52_layoutlinha ,db52_nome ,db52_descr ,db52_layoutformat ,db52_posicao ,db52_default ,db52_tamanho ,db52_ident ,db52_imprimir ,db52_alinha ,db52_obs ,db52_quebraapos ) values ( 11785 ,721 ,'codigo_escola_inep' ,'CÓDIGO DA ESCOLA(INEP)' ,14 ,3 ,'' ,8 ,'false' ,'true' ,'d' ,'' ,0 );
insert into db_layoutcampos( db52_codigo ,db52_layoutlinha ,db52_nome ,db52_descr ,db52_layoutformat ,db52_posicao ,db52_default ,db52_tamanho ,db52_ident ,db52_imprimir ,db52_alinha ,db52_obs ,db52_quebraapos ) values ( 11786 ,721 ,'identificacao_unica_aluno' ,'IDENTIFICAÇÃO ÚNICA DO ALUNO(INEP' ,14 ,11 ,'' ,12 ,'false' ,'true' ,'d' ,'' ,0 );
insert into db_layoutcampos( db52_codigo ,db52_layoutlinha ,db52_nome ,db52_descr ,db52_layoutformat ,db52_posicao ,db52_default ,db52_tamanho ,db52_ident ,db52_imprimir ,db52_alinha ,db52_obs ,db52_quebraapos ) values ( 11787 ,721 ,'codigo_aluno_entidade' ,'CÓDIGO DO ALUNO NA ENTIDADE/ESCOLA' ,14 ,23 ,'' ,20 ,'false' ,'true' ,'d' ,'' ,0 );
insert into db_layoutcampos( db52_codigo ,db52_layoutlinha ,db52_nome ,db52_descr ,db52_layoutformat ,db52_posicao ,db52_default ,db52_tamanho ,db52_ident ,db52_imprimir ,db52_alinha ,db52_obs ,db52_quebraapos ) values ( 11788 ,721 ,'numero_identidade' ,'NÚMERO DA IDENTIDADE' ,14 ,43 ,'' ,20 ,'false' ,'true' ,'d' ,'' ,0 );
insert into db_layoutcampos( db52_codigo ,db52_layoutlinha ,db52_nome ,db52_descr ,db52_layoutformat ,db52_posicao ,db52_default ,db52_tamanho ,db52_ident ,db52_imprimir ,db52_alinha ,db52_obs ,db52_quebraapos ) values ( 11789 ,721 ,'complemento_identidade' ,'COMPLEMENTO DA IDENTIDADE' ,14 ,63 ,'' ,4 ,'false' ,'true' ,'d' ,'' ,0 );
insert into db_layoutcampos( db52_codigo ,db52_layoutlinha ,db52_nome ,db52_descr ,db52_layoutformat ,db52_posicao ,db52_default ,db52_tamanho ,db52_ident ,db52_imprimir ,db52_alinha ,db52_obs ,db52_quebraapos ) values ( 11790 ,721 ,'orgao_emissor_identidade' ,'ÓRGÃO EMISSOR DA IDENTIDADE' ,14 ,67 ,'' ,2 ,'false' ,'true' ,'d' ,'' ,0 );
insert into db_layoutcampos( db52_codigo ,db52_layoutlinha ,db52_nome ,db52_descr ,db52_layoutformat ,db52_posicao ,db52_default ,db52_tamanho ,db52_ident ,db52_imprimir ,db52_alinha ,db52_obs ,db52_quebraapos ) values ( 11791 ,721 ,'uf_identidade' ,'UF DA IDENTIDADE' ,14 ,69 ,'' ,2 ,'false' ,'true' ,'d' ,'' ,0 );
insert into db_layoutcampos( db52_codigo ,db52_layoutlinha ,db52_nome ,db52_descr ,db52_layoutformat ,db52_posicao ,db52_default ,db52_tamanho ,db52_ident ,db52_imprimir ,db52_alinha ,db52_obs ,db52_quebraapos ) values ( 11792 ,721 ,'data_expedicao_identidade' ,'DATA DE EXPEDIÇÃO DA IDENTIDADE' ,14 ,71 ,'' ,10 ,'false' ,'true' ,'d' ,'' ,0 );
insert into db_layoutcampos( db52_codigo ,db52_layoutlinha ,db52_nome ,db52_descr ,db52_layoutformat ,db52_posicao ,db52_default ,db52_tamanho ,db52_ident ,db52_imprimir ,db52_alinha ,db52_obs ,db52_quebraapos ) values ( 11793 ,721 ,'certidao_civil' ,'CERTIDÃO CIVIL' ,14 ,81 ,'' ,1 ,'false' ,'true' ,'d' ,'' ,0 );
insert into db_layoutcampos( db52_codigo ,db52_layoutlinha ,db52_nome ,db52_descr ,db52_layoutformat ,db52_posicao ,db52_default ,db52_tamanho ,db52_ident ,db52_imprimir ,db52_alinha ,db52_obs ,db52_quebraapos ) values ( 11794 ,721 ,'tipo_certidao_civil' ,'TIPO DE CERTIDÃO CIVIL' ,14 ,82 ,'' ,1 ,'false' ,'true' ,'d' ,'' ,0 );
insert into db_layoutcampos( db52_codigo ,db52_layoutlinha ,db52_nome ,db52_descr ,db52_layoutformat ,db52_posicao ,db52_default ,db52_tamanho ,db52_ident ,db52_imprimir ,db52_alinha ,db52_obs ,db52_quebraapos ) values ( 11795 ,721 ,'numero_termo' ,'NÚMERO DO TERMO' ,14 ,83 ,'' ,8 ,'false' ,'true' ,'d' ,'' ,0 );
insert into db_layoutcampos( db52_codigo ,db52_layoutlinha ,db52_nome ,db52_descr ,db52_layoutformat ,db52_posicao ,db52_default ,db52_tamanho ,db52_ident ,db52_imprimir ,db52_alinha ,db52_obs ,db52_quebraapos ) values ( 11796 ,721 ,'folha' ,'FOLHA' ,14 ,91 ,'' ,4 ,'false' ,'true' ,'d' ,'' ,0 );
insert into db_layoutcampos( db52_codigo ,db52_layoutlinha ,db52_nome ,db52_descr ,db52_layoutformat ,db52_posicao ,db52_default ,db52_tamanho ,db52_ident ,db52_imprimir ,db52_alinha ,db52_obs ,db52_quebraapos ) values ( 11797 ,721 ,'livro' ,'LIVRO' ,14 ,95 ,'' ,8 ,'false' ,'true' ,'d' ,'' ,0 );
insert into db_layoutcampos( db52_codigo ,db52_layoutlinha ,db52_nome ,db52_descr ,db52_layoutformat ,db52_posicao ,db52_default ,db52_tamanho ,db52_ident ,db52_imprimir ,db52_alinha ,db52_obs ,db52_quebraapos ) values ( 11798 ,721 ,'data_emissao_certidao' ,'DATA DE EMISSÃO DA CERTIDÃO' ,14 ,103 ,'' ,10 ,'false' ,'true' ,'d' ,'' ,0 );
insert into db_layoutcampos( db52_codigo ,db52_layoutlinha ,db52_nome ,db52_descr ,db52_layoutformat ,db52_posicao ,db52_default ,db52_tamanho ,db52_ident ,db52_imprimir ,db52_alinha ,db52_obs ,db52_quebraapos ) values ( 11799 ,721 ,'uf_cartorio' ,'UF DO CARTÓRIO' ,14 ,113 ,'' ,2 ,'false' ,'true' ,'d' ,'' ,0 );
insert into db_layoutcampos( db52_codigo ,db52_layoutlinha ,db52_nome ,db52_descr ,db52_layoutformat ,db52_posicao ,db52_default ,db52_tamanho ,db52_ident ,db52_imprimir ,db52_alinha ,db52_obs ,db52_quebraapos ) values ( 11800 ,721 ,'municipio_cartorio' ,'MUNICÍPIO DO CARTÓRIO' ,14 ,115 ,'' ,7 ,'false' ,'true' ,'d' ,'' ,0 );
insert into db_layoutcampos( db52_codigo ,db52_layoutlinha ,db52_nome ,db52_descr ,db52_layoutformat ,db52_posicao ,db52_default ,db52_tamanho ,db52_ident ,db52_imprimir ,db52_alinha ,db52_obs ,db52_quebraapos ) values ( 11801 ,721 ,'codigo_cartorio' ,'CÓDIGO DO CARTÓRIO' ,14 ,122 ,'' ,6 ,'false' ,'true' ,'d' ,'' ,0 );
insert into db_layoutcampos( db52_codigo ,db52_layoutlinha ,db52_nome ,db52_descr ,db52_layoutformat ,db52_posicao ,db52_default ,db52_tamanho ,db52_ident ,db52_imprimir ,db52_alinha ,db52_obs ,db52_quebraapos ) values ( 11802 ,721 ,'numero_matricula' ,'NÚMERO DA MATRÍCULA(CERTIDÃO NOVA)' ,14 ,128 ,'' ,32 ,'false' ,'true' ,'d' ,'' ,0 );
insert into db_layoutcampos( db52_codigo ,db52_layoutlinha ,db52_nome ,db52_descr ,db52_layoutformat ,db52_posicao ,db52_default ,db52_tamanho ,db52_ident ,db52_imprimir ,db52_alinha ,db52_obs ,db52_quebraapos ) values ( 11803 ,721 ,'numero_cpf' ,'NÚMERO DO CPF' ,14 ,160 ,'' ,11 ,'false' ,'true' ,'d' ,'' ,0 );
insert into db_layoutcampos( db52_codigo ,db52_layoutlinha ,db52_nome ,db52_descr ,db52_layoutformat ,db52_posicao ,db52_default ,db52_tamanho ,db52_ident ,db52_imprimir ,db52_alinha ,db52_obs ,db52_quebraapos ) values ( 11804 ,721 ,'documento_estrangeiro_passaporte' ,'DOCUMENTO ESTRANGEIRO/PASSAPORTE' ,14 ,171 ,'' ,20 ,'false' ,'true' ,'d' ,'' ,0 );
insert into db_layoutcampos( db52_codigo ,db52_layoutlinha ,db52_nome ,db52_descr ,db52_layoutformat ,db52_posicao ,db52_default ,db52_tamanho ,db52_ident ,db52_imprimir ,db52_alinha ,db52_obs ,db52_quebraapos ) values ( 11805 ,721 ,'numero_identificacao_social' ,'NÚMERO DE IDENTIFICÃO SOCIAL' ,14 ,191 ,'' ,11 ,'false' ,'true' ,'d' ,'' ,0 );
insert into db_layoutcampos( db52_codigo ,db52_layoutlinha ,db52_nome ,db52_descr ,db52_layoutformat ,db52_posicao ,db52_default ,db52_tamanho ,db52_ident ,db52_imprimir ,db52_alinha ,db52_obs ,db52_quebraapos ) values ( 11806 ,721 ,'justificativa_falta_documentacao' ,'JUSTIFICATIVA P/A FALTA DE DOCUMENTAÇÃO' ,14 ,202 ,'' ,1 ,'false' ,'true' ,'d' ,'ESTE CAMPO DEVERÁ SER PREENCHIDO APENAS SE NÃO TIVER SIDO INFORMADO NENHUM DOCUMENTO PARA O ALUNO. VALORES PERMITIDOS: 1 - ALUNO NÃO POSSUI DOCUMENTO 2 - ESCOLA NÃO POSSUI INFORMAÇÃO DE DOCUMENTO DO ALUNO' ,0 );
insert into db_layoutcampos( db52_codigo ,db52_layoutlinha ,db52_nome ,db52_descr ,db52_layoutformat ,db52_posicao ,db52_default ,db52_tamanho ,db52_ident ,db52_imprimir ,db52_alinha ,db52_obs ,db52_quebraapos ) values ( 11807 ,721 ,'localizacao_zona_residencia' ,'ZONA DE RESIDENCIA' ,14 ,203 ,'' ,1 ,'false' ,'true' ,'d' ,'' ,0 );
insert into db_layoutcampos( db52_codigo ,db52_layoutlinha ,db52_nome ,db52_descr ,db52_layoutformat ,db52_posicao ,db52_default ,db52_tamanho ,db52_ident ,db52_imprimir ,db52_alinha ,db52_obs ,db52_quebraapos ) values ( 11808 ,721 ,'cep' ,'CEP' ,14 ,204 ,'' ,8 ,'false' ,'true' ,'d' ,'' ,0 );
insert into db_layoutcampos( db52_codigo ,db52_layoutlinha ,db52_nome ,db52_descr ,db52_layoutformat ,db52_posicao ,db52_default ,db52_tamanho ,db52_ident ,db52_imprimir ,db52_alinha ,db52_obs ,db52_quebraapos ) values ( 11809 ,721 ,'endereco' ,'ENDEREÇO' ,14 ,212 ,'' ,100 ,'false' ,'true' ,'d' ,'' ,0 );
insert into db_layoutcampos( db52_codigo ,db52_layoutlinha ,db52_nome ,db52_descr ,db52_layoutformat ,db52_posicao ,db52_default ,db52_tamanho ,db52_ident ,db52_imprimir ,db52_alinha ,db52_obs ,db52_quebraapos ) values ( 11810 ,721 ,'numero' ,'NÚMERO' ,14 ,312 ,'' ,10 ,'false' ,'true' ,'d' ,'' ,0 );
insert into db_layoutcampos( db52_codigo ,db52_layoutlinha ,db52_nome ,db52_descr ,db52_layoutformat ,db52_posicao ,db52_default ,db52_tamanho ,db52_ident ,db52_imprimir ,db52_alinha ,db52_obs ,db52_quebraapos ) values ( 11811 ,721 ,'complemento' ,'COMPLEMENTO' ,14 ,322 ,'' ,20 ,'false' ,'true' ,'d' ,'' ,0 );
insert into db_layoutcampos( db52_codigo ,db52_layoutlinha ,db52_nome ,db52_descr ,db52_layoutformat ,db52_posicao ,db52_default ,db52_tamanho ,db52_ident ,db52_imprimir ,db52_alinha ,db52_obs ,db52_quebraapos ) values ( 11812 ,721 ,'bairro' ,'BAIRRO' ,14 ,342 ,'' ,50 ,'false' ,'true' ,'d' ,'' ,0 );
insert into db_layoutcampos( db52_codigo ,db52_layoutlinha ,db52_nome ,db52_descr ,db52_layoutformat ,db52_posicao ,db52_default ,db52_tamanho ,db52_ident ,db52_imprimir ,db52_alinha ,db52_obs ,db52_quebraapos ) values ( 11813 ,721 ,'uf' ,'UF' ,14 ,392 ,'' ,2 ,'false' ,'true' ,'d' ,'' ,0 );
insert into db_layoutcampos( db52_codigo ,db52_layoutlinha ,db52_nome ,db52_descr ,db52_layoutformat ,db52_posicao ,db52_default ,db52_tamanho ,db52_ident ,db52_imprimir ,db52_alinha ,db52_obs ,db52_quebraapos ) values ( 11814 ,721 ,'municipio' ,'MUNICÍPIO' ,14 ,394 ,'' ,7 ,'false' ,'true' ,'d' ,'' ,0 );
insert into db_layoutcampos( db52_codigo ,db52_layoutlinha ,db52_nome ,db52_descr ,db52_layoutformat ,db52_posicao ,db52_default ,db52_tamanho ,db52_ident ,db52_imprimir ,db52_alinha ,db52_obs ,db52_quebraapos ) values ( 11815 ,721 ,'pipe' ,'PIPE' ,14 ,401 ,'' ,1 ,'false' ,'true' ,'d' ,'' ,0 );
insert into db_layoutlinha( db51_codigo ,db51_layouttxt ,db51_descr ,db51_tipolinha ,db51_tamlinha ,db51_linhasantes ,db51_linhasdepois ,db51_obs ,db51_separador ,db51_compacta ) values ( 722 ,219 ,'REGISTRO 80' ,3 ,0 ,0 ,0 ,'Cadastro de Aluno - Vínculo(matrícula)' ,'|' ,'0' );
insert into db_layoutcampos( db52_codigo ,db52_layoutlinha ,db52_nome ,db52_descr ,db52_layoutformat ,db52_posicao ,db52_default ,db52_tamanho ,db52_ident ,db52_imprimir ,db52_alinha ,db52_obs ,db52_quebraapos ) values ( 11816 ,722 ,'tipo_registro' ,'TIPO DE REGISTRO' ,14 ,1 ,'80' ,2 ,'true' ,'true' ,'d' ,'' ,0 );
insert into db_layoutcampos( db52_codigo ,db52_layoutlinha ,db52_nome ,db52_descr ,db52_layoutformat ,db52_posicao ,db52_default ,db52_tamanho ,db52_ident ,db52_imprimir ,db52_alinha ,db52_obs ,db52_quebraapos ) values ( 11817 ,722 ,'codigo_escola_inep' ,'CÓDIGO DA ESCOLA(INEP)' ,14 ,3 ,'' ,8 ,'false' ,'true' ,'d' ,'' ,0 );
insert into db_layoutcampos( db52_codigo ,db52_layoutlinha ,db52_nome ,db52_descr ,db52_layoutformat ,db52_posicao ,db52_default ,db52_tamanho ,db52_ident ,db52_imprimir ,db52_alinha ,db52_obs ,db52_quebraapos ) values ( 11818 ,722 ,'identificacao_unica_aluno' ,'IDENTIFICAÇÃO ÚNICA DO ALUNO(INEP)' ,14 ,11 ,'' ,12 ,'false' ,'true' ,'d' ,'' ,0 );
insert into db_layoutcampos( db52_codigo ,db52_layoutlinha ,db52_nome ,db52_descr ,db52_layoutformat ,db52_posicao ,db52_default ,db52_tamanho ,db52_ident ,db52_imprimir ,db52_alinha ,db52_obs ,db52_quebraapos ) values ( 11819 ,722 ,'codigo_aluno_entidade_escola' ,'CÓDIGO DO ALUNO ENTIDADE/ESCOLA' ,14 ,23 ,'' ,20 ,'false' ,'true' ,'d' ,'' ,0 );
insert into db_layoutcampos( db52_codigo ,db52_layoutlinha ,db52_nome ,db52_descr ,db52_layoutformat ,db52_posicao ,db52_default ,db52_tamanho ,db52_ident ,db52_imprimir ,db52_alinha ,db52_obs ,db52_quebraapos ) values ( 11820 ,722 ,'codigo_turma_inep' ,'CÓDIGO DA TURMA NO INEP' ,14 ,43 ,'' ,10 ,'false' ,'true' ,'d' ,'' ,0 );
insert into db_layoutcampos( db52_codigo ,db52_layoutlinha ,db52_nome ,db52_descr ,db52_layoutformat ,db52_posicao ,db52_default ,db52_tamanho ,db52_ident ,db52_imprimir ,db52_alinha ,db52_obs ,db52_quebraapos ) values ( 11821 ,722 ,'codigo_turma_entidade_escola' ,'CÓDIGO DA TURMA NA ENTIDADE/ESCOLA' ,14 ,53 ,'' ,20 ,'false' ,'true' ,'d' ,'' ,0 );
insert into db_layoutcampos( db52_codigo ,db52_layoutlinha ,db52_nome ,db52_descr ,db52_layoutformat ,db52_posicao ,db52_default ,db52_tamanho ,db52_ident ,db52_imprimir ,db52_alinha ,db52_obs ,db52_quebraapos ) values ( 11822 ,722 ,'codigo_matricula_aluno' ,'CÓDIGO DA MATRÍCULA DO ALUNO' ,14 ,73 ,'' ,12 ,'false' ,'true' ,'d' ,'' ,0 );
insert into db_layoutcampos( db52_codigo ,db52_layoutlinha ,db52_nome ,db52_descr ,db52_layoutformat ,db52_posicao ,db52_default ,db52_tamanho ,db52_ident ,db52_imprimir ,db52_alinha ,db52_obs ,db52_quebraapos ) values ( 11823 ,722 ,'turma_unificada' ,'TURMA UNIFICADA' ,14 ,85 ,'' ,1 ,'false' ,'true' ,'d' ,'' ,0 );
insert into db_layoutcampos( db52_codigo ,db52_layoutlinha ,db52_nome ,db52_descr ,db52_layoutformat ,db52_posicao ,db52_default ,db52_tamanho ,db52_ident ,db52_imprimir ,db52_alinha ,db52_obs ,db52_quebraapos ) values ( 11824 ,722 ,'codigo_etapa_multi_etapa' ,'ALUNO NA TURMA MULTIETAPA EJA NORMAL/PRO' ,14 ,86 ,'' ,2 ,'false' ,'true' ,'d' ,'' ,0 );
insert into db_layoutcampos( db52_codigo ,db52_layoutlinha ,db52_nome ,db52_descr ,db52_layoutformat ,db52_posicao ,db52_default ,db52_tamanho ,db52_ident ,db52_imprimir ,db52_alinha ,db52_obs ,db52_quebraapos ) values ( 11825 ,722 ,'recebe_escolarizacao_outro_espaco' ,'RECEBE ESCOLARIZAÇÃO EM OUTRO ESPAÇO' ,14 ,88 ,'' ,1 ,'false' ,'true' ,'d' ,'' ,0 );
insert into db_layoutcampos( db52_codigo ,db52_layoutlinha ,db52_nome ,db52_descr ,db52_layoutformat ,db52_posicao ,db52_default ,db52_tamanho ,db52_ident ,db52_imprimir ,db52_alinha ,db52_obs ,db52_quebraapos ) values ( 11826 ,722 ,'transporte_escolar_publico' ,'TRANSPORTE ESCOLAR PÚBLICO' ,14 ,89 ,'' ,1 ,'false' ,'true' ,'d' ,'' ,0 );
insert into db_layoutcampos( db52_codigo ,db52_layoutlinha ,db52_nome ,db52_descr ,db52_layoutformat ,db52_posicao ,db52_default ,db52_tamanho ,db52_ident ,db52_imprimir ,db52_alinha ,db52_obs ,db52_quebraapos ) values ( 11827 ,722 ,'poder_publico_transporte_escolar' ,'PODER PÚBLICO RESPONSÁVEL PELO TRANSPORT' ,14 ,90 ,'' ,1 ,'false' ,'true' ,'d' ,'' ,0 );
insert into db_layoutcampos( db52_codigo ,db52_layoutlinha ,db52_nome ,db52_descr ,db52_layoutformat ,db52_posicao ,db52_default ,db52_tamanho ,db52_ident ,db52_imprimir ,db52_alinha ,db52_obs ,db52_quebraapos ) values ( 11828 ,722 ,'rodoviario_vans_kombi' ,'RODOVIÁRIO - VANS/KOMBI' ,14 ,91 ,'' ,1 ,'false' ,'true' ,'d' ,'' ,0 );
insert into db_layoutcampos( db52_codigo ,db52_layoutlinha ,db52_nome ,db52_descr ,db52_layoutformat ,db52_posicao ,db52_default ,db52_tamanho ,db52_ident ,db52_imprimir ,db52_alinha ,db52_obs ,db52_quebraapos ) values ( 11829 ,722 ,'rodoviario_microonibus' ,'RODOVIARIO - MICROÔNIBUS' ,14 ,92 ,'' ,1 ,'false' ,'true' ,'d' ,'' ,0 );
insert into db_layoutcampos( db52_codigo ,db52_layoutlinha ,db52_nome ,db52_descr ,db52_layoutformat ,db52_posicao ,db52_default ,db52_tamanho ,db52_ident ,db52_imprimir ,db52_alinha ,db52_obs ,db52_quebraapos ) values ( 11830 ,722 ,'rodoviario_onibus' ,'RODOVIARIO ÔNIBUS' ,14 ,93 ,'' ,1 ,'false' ,'true' ,'d' ,'' ,0 );
insert into db_layoutcampos( db52_codigo ,db52_layoutlinha ,db52_nome ,db52_descr ,db52_layoutformat ,db52_posicao ,db52_default ,db52_tamanho ,db52_ident ,db52_imprimir ,db52_alinha ,db52_obs ,db52_quebraapos ) values ( 11831 ,722 ,'rodoviario_bicicleta' ,'RODOVIARIO BICICLETA' ,14 ,94 ,'' ,1 ,'false' ,'true' ,'d' ,'' ,0 );
insert into db_layoutcampos( db52_codigo ,db52_layoutlinha ,db52_nome ,db52_descr ,db52_layoutformat ,db52_posicao ,db52_default ,db52_tamanho ,db52_ident ,db52_imprimir ,db52_alinha ,db52_obs ,db52_quebraapos ) values ( 11832 ,722 ,'rodoviario_tracao_animal' ,'RODOVIARIO TRAÇÃO ANIMAL' ,14 ,95 ,'' ,1 ,'false' ,'true' ,'d' ,'' ,0 );
insert into db_layoutcampos( db52_codigo ,db52_layoutlinha ,db52_nome ,db52_descr ,db52_layoutformat ,db52_posicao ,db52_default ,db52_tamanho ,db52_ident ,db52_imprimir ,db52_alinha ,db52_obs ,db52_quebraapos ) values ( 11833 ,722 ,'rodoviario_outro' ,'RODOVIARIO OUTRO' ,14 ,96 ,'' ,1 ,'false' ,'true' ,'d' ,'' ,0 );
insert into db_layoutcampos( db52_codigo ,db52_layoutlinha ,db52_nome ,db52_descr ,db52_layoutformat ,db52_posicao ,db52_default ,db52_tamanho ,db52_ident ,db52_imprimir ,db52_alinha ,db52_obs ,db52_quebraapos ) values ( 11834 ,722 ,'aquaviario_embarcacao_5_pessoas' ,'AQUAVIARIO EMBARCACAO CAPACIDADE PARA 5' ,14 ,97 ,'' ,1 ,'false' ,'true' ,'d' ,'' ,0 );
insert into db_layoutcampos( db52_codigo ,db52_layoutlinha ,db52_nome ,db52_descr ,db52_layoutformat ,db52_posicao ,db52_default ,db52_tamanho ,db52_ident ,db52_imprimir ,db52_alinha ,db52_obs ,db52_quebraapos ) values ( 11835 ,722 ,'aquaviario_embarcacao_5_a_15_pessoas' ,'AQUAVIARIO EMBARCACAO CAPACIDADE 5 A 15' ,14 ,98 ,'' ,1 ,'false' ,'true' ,'d' ,'' ,0 );
insert into db_layoutcampos( db52_codigo ,db52_layoutlinha ,db52_nome ,db52_descr ,db52_layoutformat ,db52_posicao ,db52_default ,db52_tamanho ,db52_ident ,db52_imprimir ,db52_alinha ,db52_obs ,db52_quebraapos ) values ( 11836 ,722 ,'aquaviario_embarcacao_15_a_35_pessoas' ,'AQUAVIARIO EMBARCACAO CAPACIDADE 15 A 35' ,14 ,99 ,'' ,1 ,'false' ,'true' ,'d' ,'' ,0 );
insert into db_layoutcampos( db52_codigo ,db52_layoutlinha ,db52_nome ,db52_descr ,db52_layoutformat ,db52_posicao ,db52_default ,db52_tamanho ,db52_ident ,db52_imprimir ,db52_alinha ,db52_obs ,db52_quebraapos ) values ( 11837 ,722 ,'aquaviario_embarcacao_mais_de_35_pessoas' ,'AQUAVIARIO EMBARCACAO CAPACIDADE + 35 PE' ,14 ,100 ,'' ,1 ,'false' ,'true' ,'d' ,'' ,0 );
insert into db_layoutcampos( db52_codigo ,db52_layoutlinha ,db52_nome ,db52_descr ,db52_layoutformat ,db52_posicao ,db52_default ,db52_tamanho ,db52_ident ,db52_imprimir ,db52_alinha ,db52_obs ,db52_quebraapos ) values ( 11838 ,722 ,'ferroviario_trem_metro' ,'FERROVIÁRIO TREM/METRÔ' ,14 ,101 ,'' ,1 ,'false' ,'true' ,'d' ,'' ,0 );
insert into db_layoutcampos( db52_codigo ,db52_layoutlinha ,db52_nome ,db52_descr ,db52_layoutformat ,db52_posicao ,db52_default ,db52_tamanho ,db52_ident ,db52_imprimir ,db52_alinha ,db52_obs ,db52_quebraapos ) values ( 11839 ,722 ,'forma_ingresso_aluno_escola_federal' ,'FORMA INGRESSO ALUNO ESCOLA FEDERAL' ,14 ,102 ,'' ,1 ,'false' ,'true' ,'d' ,'Forma ingresso do aluno, apenas em escolas federais' ,0 );
insert into db_layoutcampos( db52_codigo ,db52_layoutlinha ,db52_nome ,db52_descr ,db52_layoutformat ,db52_posicao ,db52_default ,db52_tamanho ,db52_ident ,db52_imprimir ,db52_alinha ,db52_obs ,db52_quebraapos ) values ( 11840 ,722 ,'pipe' ,'PIPE' ,14 ,103 ,'' ,1 ,'false' ,'true' ,'d' ,'' ,0 );


--Municipios
insert into escola.censomunic (ed261_i_codigo, ed261_i_censouf, ed261_c_nome) values (1504752, 15, 'MOJUI DOS CAMPOS');
update escola.censomunic set ed261_c_nome = 'SANTA IZABEL DO PARA' where ed261_i_codigo = 1506500;
update escola.censomunic set ed261_c_nome = 'SERRA CAIADA' where ed261_i_codigo = 2410306;
update escola.censomunic set ed261_c_nome = 'SAO VICENTE DO SERIDO' where ed261_i_codigo = 2515401;
update escola.censomunic set ed261_c_nome = 'IGUARACY' where ed261_i_codigo = 2606903;
update escola.censomunic set ed261_c_nome = 'BRAZOPOLIS' where ed261_i_codigo = 3108909;
update escola.censomunic set ed261_c_nome = 'EMBU DAS ARTES' where ed261_i_codigo = 3515004;
insert into escola.censomunic (ed261_i_codigo, ed261_i_censouf, ed261_c_nome) values (4212650, 42, 'PESCARIA BRAVA');
insert into escola.censomunic (ed261_i_codigo, ed261_i_censouf, ed261_c_nome) values (4220000, 42, 'BALNEARIO RINCAO');
insert into escola.censomunic (ed261_i_codigo, ed261_i_censouf, ed261_c_nome) values (4314548, 43, 'PINTO BANDEIRA');
insert into escola.censomunic (ed261_i_codigo, ed261_i_censouf, ed261_c_nome) values (5006275, 50, 'PARAISO DAS AGUAS');


insert into db_sysarquivo values (3710, 'turmaoutrosprofissionais', 'Guarda o vínculo de um profissional com a turma.', 'ed347', '2014-05-14', 'turmaoutrosprofissionais', 0, 'f', 'f', 'f', 'f' );
insert into db_sysarqmod values (1008004,3710);
insert into db_syscampo values(20610,'ed347_sequencial','int4','Código do vínculo do profissional com a turma.','0', 'Código',10,'f','f','f',1,'text','Código');
insert into db_syscampo values(20611,'ed347_turma','int4','Turma que o profissional está vinculado.','0', 'Turma',10,'f','f','f',1,'text','Turma');
insert into db_syscampo values(20612,'ed347_rechumano','int4','Profissional vinculado a turma.','0', 'Profissional',10,'f','f','f',1,'text','Profissional');
delete from db_syscampodep where codcam = 20612;
delete from db_syscampodef where codcam = 20612;
insert into db_syscampo values(20613,'ed347_funcaoatividade','int4','Função exercida pelo profissional.','0', 'Função',10,'f','f','f',1,'text','Função');
delete from db_sysarqcamp where codarq = 3710;
insert into db_sysarqcamp values(3710,20610,1,0);
insert into db_sysarqcamp values(3710,20611,2,0);
insert into db_sysarqcamp values(3710,20612,3,0);
insert into db_sysarqcamp values(3710,20613,4,0);
delete from db_sysprikey where codarq = 3710;
insert into db_sysprikey (codarq,codcam,sequen,camiden) values(3710,20610,1,20611);
delete from db_sysforkey where codarq = 3710 and referen = 0;
insert into db_sysforkey values(3710,20611,1,1010083,0);
delete from db_sysforkey where codarq = 3710 and referen = 0;
insert into db_sysforkey values(3710,20612,1,1010087,0);
delete from db_sysforkey where codarq = 3710 and referen = 0;
insert into db_sysforkey values(3710,20613,1,3706,0);
insert into db_sysindices values(4074,'turmaoutrosprofissionais_turma_in',3710,'0');
insert into db_syscadind values(4074,20611,1);
insert into db_sysindices values(4075,'turmaoutrosprofissionais_rechumano_in',3710,'0');
insert into db_syscadind values(4075,20612,1);
insert into db_sysindices values(4076,'turmaoutrosprofissionais_funcaoatividade_in',3710,'0');
insert into db_syscadind values(4076,20613,1);
insert into db_syssequencia values(1000370, 'turmaoutrosprofissionais_ed347_sequencial_seq', 1, 1, 9223372036854775807, 1, 1);
update db_sysarqcamp set codsequencia = 1000370 where codarq = 3710 and codcam = 20610;


--paises
update escola.pais set ed228_c_descr = 'BRUNEI ' where ed228_i_codigo = 245;
update escola.pais set ed228_c_descr = 'MALI ' where ed228_i_codigo = 206;
update escola.pais set ed228_c_descr = 'SINT MAARTEN (PARTE HOLANDESA) ' where ed228_i_codigo = 5009;
update escola.pais set ed228_c_descr = 'REINO UNIDO DA GRA BRETANHA E IRLANDA DO NORTE ' where ed228_i_codigo = 32;
insert into escola.pais (ed228_i_codigo, ed228_c_descr, ed228_i_paisonu, ed228_c_abrev) values (13, 'TANZANIA', 834, 'TZA');


--Atividade Complementar
insert into escola.censoativcompl (ed133_i_codigo, ed133_i_tipo, ed133_c_descr) values (11006, 11, 'BANDA');
insert into escola.censoativcompl (ed133_i_codigo, ed133_i_tipo, ed133_c_descr) values (11007, 11, 'INICIACAO MUSICAL POR FLAUTA DOCE');
insert into escola.censoativcompl (ed133_i_codigo, ed133_i_tipo, ed133_c_descr) values (11008, 11, 'INICIACAO MUSICAL DE INSTRUMENTOS DE CORDAS');
insert into escola.censoativcompl (ed133_i_codigo, ed133_i_tipo, ed133_c_descr) values (11009, 11, 'MUSICA');
insert into escola.censoativcompl (ed133_i_codigo, ed133_i_tipo, ed133_c_descr) values (11010, 11, 'PERCUSSAO');
insert into escola.censoativcompl (ed133_i_codigo, ed133_i_tipo, ed133_c_descr) values (12003, 12, 'DESENHO');
insert into escola.censoativcompl (ed133_i_codigo, ed133_i_tipo, ed133_c_descr) values (12004, 12, 'ESCULTURA E CERAMICA');
insert into escola.censoativcompl (ed133_i_codigo, ed133_i_tipo, ed133_c_descr) values (12005, 12, 'GRAFITE');
insert into escola.censoativcompl (ed133_i_codigo, ed133_i_tipo, ed133_c_descr) values (12006, 12, 'MOSAICO');
insert into escola.censoativcompl (ed133_i_codigo, ed133_i_tipo, ed133_c_descr) values (12007, 12, 'PINTURA');
update escola.censoativcompl set ed133_c_descr = 'CINECLUBE' where ed133_i_codigo = 13001;
update escola.censoativcompl set ed133_c_descr = 'TEATRO' where ed133_i_codigo = 14001;
insert into escola.censoativcompl (ed133_i_codigo, ed133_i_tipo, ed133_c_descr) values (14004, 14, 'PRATICAS CIRCENSES');
insert into escola.censoativcompl (ed133_i_codigo, ed133_i_tipo, ed133_c_descr) values (15002, 15, 'ARTESANATO POPULAR');
insert into escola.censoativcompl (ed133_i_codigo, ed133_i_tipo, ed133_c_descr) values (15003, 15, 'BRINQUEDOS E ARTESANATO REGIONAL');
insert into escola.censoativcompl (ed133_i_codigo, ed133_i_tipo, ed133_c_descr) values (15004, 15, 'CONTOS');
insert into escola.censoativcompl (ed133_i_codigo, ed133_i_tipo, ed133_c_descr) values (15005, 15, 'LITERATURA DE CORDEL');
insert into escola.censoativcompl (ed133_i_codigo, ed133_i_tipo, ed133_c_descr) values (17001, 17, 'LEITURA: ORGANIZACAO DE CLUBES DE LEITURA');
insert into escola.censoativcompl (ed133_i_codigo, ed133_i_tipo, ed133_c_descr) values (17002, 17, 'SALA TEMATICA PARA O ESTUDO DE LINGUAS ESTRANGEIRAS');
update escola.censoativcompl set ed133_c_descr = 'OUTRA CATEGORIA DE CULTURA, ARTES E EDUCACAO PATRIMONIAL' where ed133_i_codigo = 19999;
update escola.censoativcompl set ed133_c_descr = 'RECREACAO E LAZER/BRINQUEDOTECA' where ed133_i_codigo = 21001;
update escola.censoativcompl set ed133_c_descr = 'YOGA/MEDITACAO' where ed133_i_codigo = 22007;
update escola.censoativcompl set ed133_c_descr = 'ETNOJOGOS' where ed133_i_codigo = 22010;
insert into escola.censoativcompl (ed133_i_codigo, ed133_i_tipo, ed133_c_descr) values (22011, 22, 'ATLETISMO');
insert into escola.censoativcompl (ed133_i_codigo, ed133_i_tipo, ed133_c_descr) values (22012, 22, 'BADMINTON');
insert into escola.censoativcompl (ed133_i_codigo, ed133_i_tipo, ed133_c_descr) values (22013, 22, 'BASQUETE DE RUA');
insert into escola.censoativcompl (ed133_i_codigo, ed133_i_tipo, ed133_c_descr) values (22014, 22, 'BASQUETE');
insert into escola.censoativcompl (ed133_i_codigo, ed133_i_tipo, ed133_c_descr) values (22015, 22, 'CICLISMO');
insert into escola.censoativcompl (ed133_i_codigo, ed133_i_tipo, ed133_c_descr) values (22016, 22, 'CORRIDA DE ORIENTACAO');
insert into escola.censoativcompl (ed133_i_codigo, ed133_i_tipo, ed133_c_descr) values (22017, 22, 'ESPORTE NA ESCOLA/ATLETISMO E MULTIPLAS VIVENCIAS ESPORTIVAS');
insert into escola.censoativcompl (ed133_i_codigo, ed133_i_tipo, ed133_c_descr) values (22018, 22, 'FUTEBOL');
insert into escola.censoativcompl (ed133_i_codigo, ed133_i_tipo, ed133_c_descr) values (22019, 22, 'FUTSAL');
insert into escola.censoativcompl (ed133_i_codigo, ed133_i_tipo, ed133_c_descr) values (22020, 22, 'GINASTICA RITMICA');
insert into escola.censoativcompl (ed133_i_codigo, ed133_i_tipo, ed133_c_descr) values (22021, 22, 'HANDEBOL');
insert into escola.censoativcompl (ed133_i_codigo, ed133_i_tipo, ed133_c_descr) values (22022, 22, 'JUDO');
insert into escola.censoativcompl (ed133_i_codigo, ed133_i_tipo, ed133_c_descr) values (22023, 22, 'KARATE');
insert into escola.censoativcompl (ed133_i_codigo, ed133_i_tipo, ed133_c_descr) values (22024, 22, 'LUTA OLIMPICA');
insert into escola.censoativcompl (ed133_i_codigo, ed133_i_tipo, ed133_c_descr) values (22025, 22, 'NATACAO');
insert into escola.censoativcompl (ed133_i_codigo, ed133_i_tipo, ed133_c_descr) values (22026, 22, 'TAEKWONDO');
insert into escola.censoativcompl (ed133_i_codigo, ed133_i_tipo, ed133_c_descr) values (22027, 22, 'TENIS DE MESA');
insert into escola.censoativcompl (ed133_i_codigo, ed133_i_tipo, ed133_c_descr) values (22028, 22, 'VOLEIBOL');
insert into escola.censoativcompl (ed133_i_codigo, ed133_i_tipo, ed133_c_descr) values (22029, 22, 'VOLEI DE PRAIA');
insert into escola.censoativcompl (ed133_i_codigo, ed133_i_tipo, ed133_c_descr) values (22030, 22, 'XADREZ TRADICIONAL');
insert into escola.censoativcompl (ed133_i_codigo, ed133_i_tipo, ed133_c_descr) values (22031, 22, 'XADREZ VIRTUAL');
update escola.censoativcompl set ed133_c_descr = 'LINGUA PORTUGUESA: ENFASE EM LEITURA E PRODUCAO DE TEXTO' where ed133_i_codigo = 31002;
update escola.censoativcompl set ed133_c_descr = 'CIENCIAS (INCLUI LABORATORIOS, FEIRAS E PROJETOS CIENTIFICOS)' where ed133_i_codigo = 31004;
update escola.censoativcompl set ed133_c_descr = 'LINGUAS ESTRANGEIRAS' where ed133_i_codigo = 31006;
update escola.censoativcompl set ed133_c_descr = 'LEITURA E PRODUCAO TEXTUAL' where ed133_i_codigo = 31007;
update escola.censoativcompl set ed133_c_descr = 'ETNOLINGUAGEM' where ed133_i_codigo = 31011;
insert into escola.censoativcompl (ed133_i_codigo, ed133_i_tipo, ed133_c_descr) values (31012, 31, 'CIENCIAS E SAUDE');
insert into escola.censoativcompl (ed133_i_codigo, ed133_i_tipo, ed133_c_descr) values (31013, 31, 'CIENCIAS HUMANAS');
insert into escola.censoativcompl (ed133_i_codigo, ed133_i_tipo, ed133_c_descr) values (31014, 31, 'ORIENTACAO DE ESTUDOS E LEITURA');
insert into escola.censoativcompl (ed133_i_codigo, ed133_i_tipo, ed133_c_descr) values (41007, 41, 'EDUCACAO EM DIREITOS HUMANOS');
insert into escola.censoativcompl (ed133_i_codigo, ed133_i_tipo, ed133_c_descr) values (41008, 41, 'ARTE AUDIOVISUAL E CORPORAL');
insert into escola.censoativcompl (ed133_i_codigo, ed133_i_tipo, ed133_c_descr) values (41009, 41, 'ARTE CORPORAL E SOM');
insert into escola.censoativcompl (ed133_i_codigo, ed133_i_tipo, ed133_c_descr) values (41010, 41, 'ARTE CORPORAL E JOGOS');
insert into escola.censoativcompl (ed133_i_codigo, ed133_i_tipo, ed133_c_descr) values (41011, 41, 'ARTE GRAFICA E LITERATURA');
insert into escola.censoativcompl (ed133_i_codigo, ed133_i_tipo, ed133_c_descr) values (41012, 41, 'ARTE GRAFICA E MIDIAS');
insert into escola.censoativcompl (ed133_i_codigo, ed133_i_tipo, ed133_c_descr) values (71007, 71, 'PROMOCAO DA SAUDE E PREVENCAO DE DOENCAS E AGRAVOS A SAUDE');
update escola.censoativcompl set ed133_c_descr = 'OUTRA CATEGORIA DE PROMOCAO DA SAUDE' where ed133_i_codigo = 79999;
update escola.censoativcompl set ed133_c_descr = 'PETI - MINISTERIO DO DESENVOLVIMENTO SOCIAIL E COMBATE A FOME (MDS)' where ed133_i_codigo = 91001;
update escola.censoativcompl set ed133_c_descr = 'PROGRAMA SEGUNDO TEMPO - MINISTERIO DOS ESPORTES (ME)' where ed133_i_codigo = 91002;
insert into escola.censoativcompl (ed133_i_codigo, ed133_i_tipo, ed133_c_descr) values (10103, 101, 'INICIACAO CIENTIFICA');
update escola.censoativcompl set ed133_c_descr = 'OUTRA CATEGORIA DE INICIACAO CIENTIFICA' where ed133_i_codigo = 10999;
insert into escola.censoativcompl (ed133_i_codigo, ed133_i_tipo, ed133_c_descr) values (13101, 131, 'COM-VIDA (ORGANIZACAO DE COLETIVOS PRO-MEIO AMBIENTE)');
insert into escola.censoativcompl (ed133_i_codigo, ed133_i_tipo, ed133_c_descr) values (13102, 131, 'CANTEIROS SUSTENTAVEIS');
insert into escola.censoativcompl (ed133_i_codigo, ed133_i_tipo, ed133_c_descr) values (13103, 131, 'CUIDADOS COM ANIMAIS');
insert into escola.censoativcompl (ed133_i_codigo, ed133_i_tipo, ed133_c_descr) values (13104, 131, 'CONSERVACAO DO SOLO E COMPOSTEIRA: CANTEIROS SUSTENTAVEIS (HORTA) E/OU JARDINAGEM ESCOLAR');
insert into escola.censoativcompl (ed133_i_codigo, ed133_i_tipo, ed133_c_descr) values (13105, 131, 'USO EFICIENTE DE AGUA E ENERGIA');
insert into escola.censoativcompl (ed133_i_codigo, ed133_i_tipo, ed133_c_descr) values (13201, 132, 'ECONOMIA SOLIDARIA E CRIATIVA/EDUCACAO ECONOMICA');
insert into escola.censoativcompl (ed133_i_codigo, ed133_i_tipo, ed133_c_descr) values (13999, 139, 'OUTRA CATEGORIA DE EDUCACAO AMBIENTAL, DESENVOLVIMENTO SUSTENTAVEL E ECONOMIA SOLIDARIA E CRIATIVA/EDUCACAO ECONOMICA/AGROECOLOGIA');
insert into escola.censoativcompl (ed133_i_codigo, ed133_i_tipo, ed133_c_descr) values (14101, 141, 'FOTOGRAFIA');
insert into escola.censoativcompl (ed133_i_codigo, ed133_i_tipo, ed133_c_descr) values (14102, 141, 'HISTORIA EM QUADRINHOS');
insert into escola.censoativcompl (ed133_i_codigo, ed133_i_tipo, ed133_c_descr) values (14103, 141, 'JORNAL ESCOLAR');
insert into escola.censoativcompl (ed133_i_codigo, ed133_i_tipo, ed133_c_descr) values (14104, 141, 'RADIO ESCOLAR');
insert into escola.censoativcompl (ed133_i_codigo, ed133_i_tipo, ed133_c_descr) values (14105, 141, 'VIDEO');
insert into escola.censoativcompl (ed133_i_codigo, ed133_i_tipo, ed133_c_descr) values (14201, 142, 'ROBOTICA EDUCACIONAL');
insert into escola.censoativcompl (ed133_i_codigo, ed133_i_tipo, ed133_c_descr) values (14202, 142, 'TECNOLOGICAS EDUCACIONAIS');
insert into escola.censoativcompl (ed133_i_codigo, ed133_i_tipo, ed133_c_descr) values (14203, 142, 'AMBIENTES DE REDES SOCIAIS');
insert into escola.censoativcompl (ed133_i_codigo, ed133_i_tipo, ed133_c_descr) values (14999, 149, 'OUTRA CATEGORIA DE COMUNICACAO, USO DE MIDIAS E CULTURA DIGITAL E TECNOLOGICA');

--ensino superior
update escola.censoinstsuperior   set ed257_c_nome = 'UNIVERSIDADE ESTADUAL DE CIENCIAS DA SAUDE DE ALAGOAS UNCISAL',       ed257_c_situacao = 'ATIVA' where ed257_i_codigo = 32;
update escola.censoinstsuperior   set ed257_c_nome = 'CENTRO UNIVERSITARIO DE ARARAS',       ed257_c_situacao = 'ATIVA' where ed257_i_codigo = 125;
update escola.censoinstsuperior   set ed257_c_nome = 'FACULDADE DE DIREITO DE VARGINHA FADIVA',       ed257_c_situacao = 'ATIVA' where ed257_i_codigo = 141;
update escola.censoinstsuperior   set ed257_c_nome = 'CONSERVATORIO BRASILEIRO DE MUSICA CENTRO UNIVERSITARIO',       ed257_c_situacao = 'ATIVA' where ed257_i_codigo = 158;
update escola.censoinstsuperior   set ed257_c_nome = 'FAI CENTRO DE ENSINO SUPERIOR EM GESTAO, TECNOLOGIA E EDUCACAO',       ed257_c_situacao = 'ATIVA' where ed257_i_codigo = 166;
update escola.censoinstsuperior   set ed257_c_nome = 'ESCOLA DE MEDICINA SOUZA MARQUES DA FUNDACAO TECNICO EDUCACIONAL SOUZA MARQUES',       ed257_c_situacao = 'ATIVA' where ed257_i_codigo = 190;
update escola.censoinstsuperior   set ed257_c_nome = 'FACULDADE MORAES JUNIOR MACKENZIE RIO',       ed257_c_situacao = 'ATIVA' where ed257_i_codigo = 195;
update escola.censoinstsuperior   set ed257_c_nome = 'CENTRO UNIVERSITARIO ITALOBRASILEIRO',       ed257_c_situacao = 'ATIVA' where ed257_i_codigo = 206;
update escola.censoinstsuperior   set ed257_c_nome = 'FACULDADE DE ENGENHARIA DE MINAS GERAIS FEAMIG',       ed257_c_situacao = 'ATIVA' where ed257_i_codigo = 214;
update escola.censoinstsuperior   set ed257_c_nome = 'CENTRO UNIVERSITARIO DAS FACULDADES ASSOCIADAS DE ENSINO FAE',       ed257_c_situacao = 'ATIVA' where ed257_i_codigo = 217;
update escola.censoinstsuperior   set ed257_c_nome = 'FACULDADE DE SAO BERNARDO DO CAMPO FASB',       ed257_c_situacao = 'ATIVA' where ed257_i_codigo = 231;
update escola.censoinstsuperior   set ed257_c_nome = 'FACULDADE DE ENGENHARIA E AGRIMENSURA DE PIRASSUNUNGA FEAP',       ed257_c_situacao = 'ATIVA' where ed257_i_codigo = 255;
update escola.censoinstsuperior   set ed257_c_nome = 'INSTITUTO SUPERIOR DE CIENCIAS APLICADAS ISCA',       ed257_c_situacao = 'ATIVA' where ed257_i_codigo = 346;
update escola.censoinstsuperior   set ed257_c_nome = 'FOCCA FACULDADE DE OLINDA',       ed257_c_situacao = 'ATIVA' where ed257_i_codigo = 405;
update escola.censoinstsuperior   set ed257_c_nome = 'CENTRO UNIVERSITARIO LUTERANO DE JIPARANA',       ed257_c_situacao = 'ATIVA' where ed257_i_codigo = 450;
update escola.censoinstsuperior   set ed257_c_nome = 'UNIVERSIDADE BANDEIRANTE ANHANGUERA',       ed257_c_situacao = 'ATIVA' where ed257_i_codigo = 457;
update escola.censoinstsuperior   set ed257_c_nome = 'FACULDADE DE COMUNICACAO E MARKETING DA FUNDACAO ARMANDO ALVARES PENTEADO',       ed257_c_situacao = 'ATIVA' where ed257_i_codigo = 463;
update escola.censoinstsuperior   set ed257_c_nome = 'FACULDADE DE CIENCIAS SOCIAIS APLICADAS DO SUL DE MINAS   FACESM',       ed257_c_situacao = 'ATIVA' where ed257_i_codigo = 508;
update escola.censoinstsuperior   set ed257_c_nome = 'CENTRO UNIVERSITARIO ANHANGUERA DE NITEROI',       ed257_c_situacao = 'ATIVA' where ed257_i_codigo = 515;
update escola.censoinstsuperior   set ed257_c_nome = 'CENTRO UNIVERSITARIO DE MANDAGUARI UNIMAN',       ed257_c_situacao = 'ATIVA' where ed257_i_codigo = 535;
update escola.censoinstsuperior   set ed257_c_nome = 'UNIVERSIDADE FEDERAL RURAL DO SEMIARIDO',       ed257_c_situacao = 'ATIVA' where ed257_i_codigo = 589;
update escola.censoinstsuperior   set ed257_c_nome = 'UNIVERSIDADE FEDERAL DE ITAJUBA UNIFEI',       ed257_c_situacao = 'ATIVA' where ed257_i_codigo = 598;
update escola.censoinstsuperior   set ed257_c_nome = 'FACULDADE DE FILOSOFIA CIENCIAS E LETRAS PROFESSORA NAIR FORTES ABU MERHY',       ed257_c_situacao = 'ATIVA' where ed257_i_codigo = 615;
update escola.censoinstsuperior   set ed257_c_nome = 'FACULDADES ASSOCIADAS DE UBERABA FAZU',       ed257_c_situacao = 'ATIVA' where ed257_i_codigo = 648;
update escola.censoinstsuperior   set ed257_c_nome = 'UNIVERSIDADE ANHANGUERA UNIDERP',       ed257_c_situacao = 'ATIVA' where ed257_i_codigo = 671;
update escola.censoinstsuperior   set ed257_c_nome = 'FACULDADES INTEGRADAS ANGLOAMERICANO',       ed257_c_situacao = 'INATIVA' where ed257_i_codigo = 681;
update escola.censoinstsuperior   set ed257_c_nome = 'FAE CENTRO UNIVERSITARIO',       ed257_c_situacao = 'ATIVA' where ed257_i_codigo = 715;
update escola.censoinstsuperior   set ed257_c_nome = 'CENTRO UNIVERSITARIO SAO CAMILO ESPIRITO SANTO',       ed257_c_situacao = 'ATIVA' where ed257_i_codigo = 739;
update escola.censoinstsuperior   set ed257_c_nome = 'FACULDADE DE TECNOLOGIA DE JACAREI',       ed257_c_situacao = 'ATIVA' where ed257_i_codigo = 778;
update escola.censoinstsuperior   set ed257_c_nome = 'CENTRO UNIVERSITARIO ESTACIO RADIAL DE SAO PAULO ESTACIO UNIRADIAL',       ed257_c_situacao = 'ATIVA' where ed257_i_codigo = 793;
update escola.censoinstsuperior   set ed257_c_nome = 'FACULDADE DE DIREITO E CIENCIAS SOCIAIS DO LESTE DE MINAS FADILESTE',       ed257_c_situacao = 'ATIVA' where ed257_i_codigo = 809;
update escola.censoinstsuperior   set ed257_c_nome = 'CENTRO TECNICO EDUCACIONAL SUPERIOR DO OESTE PARANAENSE',       ed257_c_situacao = 'ATIVA' where ed257_i_codigo = 810;
update escola.censoinstsuperior   set ed257_c_nome = 'UNIVERSIDADE DO CEUMA UNICEUMA',       ed257_c_situacao = 'ATIVA' where ed257_i_codigo = 823;
update escola.censoinstsuperior   set ed257_c_nome = 'CENTRO UNIVERSITARIO DE DESENVOLVIMENTO DO CENTRO OESTE',       ed257_c_situacao = 'ATIVA' where ed257_i_codigo = 826;
update escola.censoinstsuperior   set ed257_c_nome = 'FACULDADES INTEGRADAS DE PARANAIBA FIPAR',       ed257_c_situacao = 'ATIVA' where ed257_i_codigo = 913;
update escola.censoinstsuperior   set ed257_c_nome = 'FACULDADE DE CIENCIAS AGRO AMBIENTAIS',       ed257_c_situacao = 'ATIVA' where ed257_i_codigo = 954;
update escola.censoinstsuperior   set ed257_c_nome = 'FACULDADE DE TURISMO SANTOS DUMONT',       ed257_c_situacao = 'ATIVA' where ed257_i_codigo = 966;
update escola.censoinstsuperior   set ed257_c_nome = 'FACULDADE SENAICETIQT',       ed257_c_situacao = 'ATIVA' where ed257_i_codigo = 991;
update escola.censoinstsuperior   set ed257_c_nome = 'FACULDADE DE DUQUE DE CAXIAS',       ed257_c_situacao = 'ATIVA' where ed257_i_codigo = 994;
update escola.censoinstsuperior   set ed257_c_nome = 'INSTITUTO SUPERIOR E CENTRO EDUCACIONAL LUTERANO BOM JESUS IELUSC',       ed257_c_situacao = 'ATIVA' where ed257_i_codigo = 1014;
update escola.censoinstsuperior   set ed257_c_nome = 'FACULDADE DE CIENCIAS E TECNOLOGIA DE UNAI FACTU',       ed257_c_situacao = 'ATIVA' where ed257_i_codigo = 1019;
update escola.censoinstsuperior   set ed257_c_nome = 'FACULDADE DE CIENCIAS CONTABEIS MACEIO',       ed257_c_situacao = 'ATIVA' where ed257_i_codigo = 1051;
update escola.censoinstsuperior   set ed257_c_nome = 'CENTRO UNIVERSITARIO ESTACIO DA BAHIA ESTACIO FIB',       ed257_c_situacao = 'ATIVA' where ed257_i_codigo = 1058;
update escola.censoinstsuperior   set ed257_c_nome = 'CENTRO UNIVERSITARIO DO INSTITUTO DE EDUCACAO SUPERIOR DE BRASILIA IESB',       ed257_c_situacao = 'ATIVA' where ed257_i_codigo = 1060;
update escola.censoinstsuperior   set ed257_c_nome = 'FACULDADE ESTACIO DO RECIFE ESTACIO FIR',       ed257_c_situacao = 'ATIVA' where ed257_i_codigo = 1077;
update escola.censoinstsuperior   set ed257_c_nome = 'FACULDADE DE PRESIDENTE EPITACIO FAPE',       ed257_c_situacao = 'ATIVA' where ed257_i_codigo = 1096;
update escola.censoinstsuperior   set ed257_c_nome = 'FACULDADE DE CIENCIAS GERENCIAIS COTIA',       ed257_c_situacao = 'ATIVA' where ed257_i_codigo = 1108;
update escola.censoinstsuperior   set ed257_c_nome = 'CENTRO UNIVERSITARIO EURO AMERICANO',       ed257_c_situacao = 'ATIVA' where ed257_i_codigo = 1113;
update escola.censoinstsuperior   set ed257_c_nome = 'FACULDADE DE ESTUDOS ADMINISTRATIVOS DE MINAS GERAIS FEADMG',       ed257_c_situacao = 'ATIVA' where ed257_i_codigo = 1139;
update escola.censoinstsuperior   set ed257_c_nome = 'INSTITUTO FEDERAL DE EDUCACAO, CIENCIA E TECNOLOGIA DA PARAIBA',       ed257_c_situacao = 'ATIVA' where ed257_i_codigo = 1166;
update escola.censoinstsuperior   set ed257_c_nome = 'CENTRO UNIVERSITARIO DE MARINGA UNICESUMAR',       ed257_c_situacao = 'ATIVA' where ed257_i_codigo = 1196;
update escola.censoinstsuperior   set ed257_c_nome = 'FAL ESTACIO FACULDADE ESTACIO DE NATAL',       ed257_c_situacao = 'ATIVA' where ed257_i_codigo = 1208;
update escola.censoinstsuperior   set ed257_c_nome = 'FACULDADE ANGLOLATINO',       ed257_c_situacao = 'ATIVA' where ed257_i_codigo = 1215;
update escola.censoinstsuperior   set ed257_c_nome = 'FACULDADE SAO FRANCISCO DE BARREIRAS FASB',       ed257_c_situacao = 'ATIVA' where ed257_i_codigo = 1227;
update escola.censoinstsuperior   set ed257_c_nome = 'FACULDADE DE CIENCIAS CONTABEIS DE NOVA ANDRADINA FACINAN',       ed257_c_situacao = 'ATIVA' where ed257_i_codigo = 1247;
update escola.censoinstsuperior   set ed257_c_nome = 'CENTRO UNIVERSITARIO UNISEB',       ed257_c_situacao = 'ATIVA' where ed257_i_codigo = 1270;
update escola.censoinstsuperior   set ed257_c_nome = 'FACULDADE DE ITAPOLIS FACITA',       ed257_c_situacao = 'ATIVA' where ed257_i_codigo = 1279;
update escola.censoinstsuperior   set ed257_c_nome = 'FACULDADE ESTACIO COTIA',       ed257_c_situacao = 'ATIVA' where ed257_i_codigo = 1280;
update escola.censoinstsuperior   set ed257_c_nome = 'FACULDADE ALVARES DE AZEVEDO',       ed257_c_situacao = 'ATIVA' where ed257_i_codigo = 1290;
update escola.censoinstsuperior   set ed257_c_nome = 'FACULDADE ESTACIO DE ALAGOAS ESTACIO FAL',       ed257_c_situacao = 'ATIVA' where ed257_i_codigo = 1298;
update escola.censoinstsuperior   set ed257_c_nome = 'FACULDADE DE CIENCIAS SOCIAIS APLICADAS FACISA',       ed257_c_situacao = 'ATIVA' where ed257_i_codigo = 1334;
update escola.censoinstsuperior   set ed257_c_nome = 'CENTRO UNIVERSITARIO TUPY',       ed257_c_situacao = 'ATIVA' where ed257_i_codigo = 1351;
update escola.censoinstsuperior   set ed257_c_nome = 'FACULDADES EST',       ed257_c_situacao = 'ATIVA' where ed257_i_codigo = 1382;
update escola.censoinstsuperior   set ed257_c_nome = 'CENTRO UNIVERSITARIO DINAMICA DAS CATARATAS',       ed257_c_situacao = 'ATIVA' where ed257_i_codigo = 1396;
update escola.censoinstsuperior   set ed257_c_nome = 'AREA1   FACULDADE DE CIENCIA E TECNOLOGIA',       ed257_c_situacao = 'ATIVA' where ed257_i_codigo = 1410;
update escola.censoinstsuperior   set ed257_c_nome = 'CENTRO UNIVERSITARIO PLANALTO DO DISTRITO FEDERAL UNIPLAN',       ed257_c_situacao = 'ATIVA' where ed257_i_codigo = 1446;
update escola.censoinstsuperior   set ed257_c_nome = 'CENTRO UNIVERSITARIO DO CERRADO PATROCINIO',       ed257_c_situacao = 'ATIVA' where ed257_i_codigo = 1450;
update escola.censoinstsuperior   set ed257_c_nome = 'FACULDADE ESTACIO EURO PANAMERICANA DE HUMANIDADES E TECNOLOGIAS ESTACIO EUROPAN',       ed257_c_situacao = 'ATIVA' where ed257_i_codigo = 1457;
update escola.censoinstsuperior   set ed257_c_nome = 'FACULDADE ANHANGUERA DE SAO BERNARDO',       ed257_c_situacao = 'ATIVA' where ed257_i_codigo = 1478;
update escola.censoinstsuperior   set ed257_c_nome = 'FACULDADE CENECISTA DE JOINVILLE FACE',       ed257_c_situacao = 'ATIVA' where ed257_i_codigo = 1530;
update escola.censoinstsuperior   set ed257_c_nome = 'INSTITUTO FEDERAL DE EDUCACAO, CIENCIA E TECNOLOGIA SULRIOGRANDENSE',       ed257_c_situacao = 'ATIVA' where ed257_i_codigo = 1578;
update escola.censoinstsuperior   set ed257_c_nome = 'FACULDADE ESTACIO DE SAO LUIS',       ed257_c_situacao = 'ATIVA' where ed257_i_codigo = 1590;
update escola.censoinstsuperior   set ed257_c_nome = 'FACULDADE DE ADMINISTRACAO DE NOVA ANDRADINA FANOVA',       ed257_c_situacao = 'ATIVA' where ed257_i_codigo = 1605;
update escola.censoinstsuperior   set ed257_c_nome = 'ESCOLA SUPERIOR DE CRICIUMA ESUCRI',       ed257_c_situacao = 'ATIVA' where ed257_i_codigo = 1694;
update escola.censoinstsuperior   set ed257_c_nome = 'ESTACIO ATUAL FACULDADE ESTACIO DA AMAZONIA',       ed257_c_situacao = 'ATIVA' where ed257_i_codigo = 1702;
update escola.censoinstsuperior   set ed257_c_nome = 'IMP DE ENSINO SUPERIOR IMP',       ed257_c_situacao = 'ATIVA' where ed257_i_codigo = 1739;
update escola.censoinstsuperior   set ed257_c_nome = 'FACULDADE DE TECNOLOGIA ALVARES DE AZEVEDO',       ed257_c_situacao = 'ATIVA' where ed257_i_codigo = 1745;
update escola.censoinstsuperior   set ed257_c_nome = 'FACULDADE LUSOBRASILEIRA',       ed257_c_situacao = 'ATIVA' where ed257_i_codigo = 1749;
update escola.censoinstsuperior   set ed257_c_nome = 'FACULDADE DE MAUA FAMA',       ed257_c_situacao = 'ATIVA' where ed257_i_codigo = 1804;
update escola.censoinstsuperior   set ed257_c_nome = 'INSTITUTO FEDERAL DE EDUCACAO, CIENCIA E TECNOLOGIA DO AMAZONAS',       ed257_c_situacao = 'ATIVA' where ed257_i_codigo = 1812;
update escola.censoinstsuperior   set ed257_c_nome = 'FACULDADE SULAMERICANA',       ed257_c_situacao = 'ATIVA' where ed257_i_codigo = 1822;
update escola.censoinstsuperior   set ed257_c_nome = 'ESCOLA DA CIDADE FACULDADE DE ARQUITETURA E URBANISMO',       ed257_c_situacao = 'ATIVA' where ed257_i_codigo = 1828;
update escola.censoinstsuperior   set ed257_c_nome = 'CENTRO UNIVERSITARIO FUNDACAO DE ENSINO OCTAVIO BASTOS   FEOB',       ed257_c_situacao = 'ATIVA' where ed257_i_codigo = 1836;
update escola.censoinstsuperior   set ed257_c_nome = 'FEFISA FACULDADES INTEGRADAS DE SANTO ANDRE',       ed257_c_situacao = 'ATIVA' where ed257_i_codigo = 1845;
update escola.censoinstsuperior   set ed257_c_nome = 'FACULDADE REGIONAL DA BAHIA',       ed257_c_situacao = 'ATIVA' where ed257_i_codigo = 1893;
update escola.censoinstsuperior   set ed257_c_nome = 'ESCOLA DE ENSINO SUPERIOR FABRA',       ed257_c_situacao = 'ATIVA' where ed257_i_codigo = 1908;
update escola.censoinstsuperior   set ed257_c_nome = 'FACULDADE DE CIENCIAS EXATAS E TECNOLOGICAS SANTO AGOSTINHO FACET',       ed257_c_situacao = 'ATIVA' where ed257_i_codigo = 1919;
update escola.censoinstsuperior   set ed257_c_nome = 'INSTITUTO DE ENSINO SUPERIOR DE LONDRINA INESUL',       ed257_c_situacao = 'ATIVA' where ed257_i_codigo = 1939;
update escola.censoinstsuperior   set ed257_c_nome = 'FACULDADE DOS IMIGRANTES FAI',       ed257_c_situacao = 'ATIVA' where ed257_i_codigo = 1969;
update escola.censoinstsuperior   set ed257_c_nome = 'SEMINARIO ADVENTISTA LATINOAMERICANO DE TEOLOGIA',       ed257_c_situacao = 'ATIVA' where ed257_i_codigo = 2001;
update escola.censoinstsuperior   set ed257_c_nome = 'FACULDADE JK   UNIDADE II   GAMA',       ed257_c_situacao = 'ATIVA' where ed257_i_codigo = 2021;
update escola.censoinstsuperior   set ed257_c_nome = 'UNIAO LATINOAMERICADA DE TECNOLOGIA',       ed257_c_situacao = 'ATIVA' where ed257_i_codigo = 2035;
update escola.censoinstsuperior   set ed257_c_nome = 'FACULDADE ESTACIO DO PARA ESTACIO FAP',       ed257_c_situacao = 'ATIVA' where ed257_i_codigo = 2036;
update escola.censoinstsuperior   set ed257_c_nome = 'FACULDADE FIGUEIREDO COSTA FIC',       ed257_c_situacao = 'ATIVA' where ed257_i_codigo = 2042;
update escola.censoinstsuperior   set ed257_c_nome = 'FACULDADE ANGLOAMERICANO',       ed257_c_situacao = 'ATIVA' where ed257_i_codigo = 2077;
update escola.censoinstsuperior   set ed257_c_nome = 'INSTITUTO SUPERIOR DE EDUCACAO PRO SABER',       ed257_c_situacao = 'ATIVA' where ed257_i_codigo = 2091;
update escola.censoinstsuperior   set ed257_c_nome = 'FACULDADE ESTACIO DE SERGIPE ESTACIO FASE',       ed257_c_situacao = 'ATIVA' where ed257_i_codigo = 2122;
update escola.censoinstsuperior   set ed257_c_nome = 'FACULDADE SANTANA',       ed257_c_situacao = 'ATIVA' where ed257_i_codigo = 2160;
update escola.censoinstsuperior   set ed257_c_nome = 'RATIO FACULDADE TEOLOGICA E FILOSOFICA',       ed257_c_situacao = 'ATIVA' where ed257_i_codigo = 2180;
update escola.censoinstsuperior   set ed257_c_nome = 'FACULDADE VILLAS BOAS',       ed257_c_situacao = 'ATIVA' where ed257_i_codigo = 2197;
update escola.censoinstsuperior   set ed257_c_nome = 'FACULDADE METROPOLITANA DE CIENCIAS E TECNOLOGIA',       ed257_c_situacao = 'ATIVA' where ed257_i_codigo = 2246;
update escola.censoinstsuperior   set ed257_c_nome = 'FACULDADE OBOE II',       ed257_c_situacao = 'ATIVA' where ed257_i_codigo = 2256;
update escola.censoinstsuperior   set ed257_c_nome = 'FACULDADE UNIAO CULTURAL DO ESTADO DE SAO PAULO',       ed257_c_situacao = 'ATIVA' where ed257_i_codigo = 2289;
update escola.censoinstsuperior   set ed257_c_nome = 'FACULDADE CANDIDO RONDON   FCR',       ed257_c_situacao = 'ATIVA' where ed257_i_codigo = 2330;
update escola.censoinstsuperior   set ed257_c_nome = 'FACULDADE ESTACIO DO AMAPA ESTACIO FAMAP',       ed257_c_situacao = 'ATIVA' where ed257_i_codigo = 2380;
update escola.censoinstsuperior   set ed257_c_nome = 'FACULDADE INTEGRADA BRASIL AMAZONIA FIBRA',       ed257_c_situacao = 'ATIVA' where ed257_i_codigo = 2426;
update escola.censoinstsuperior   set ed257_c_nome = 'FACULDADE PROMOVE DE BELO HORIZONTE',       ed257_c_situacao = 'ATIVA' where ed257_i_codigo = 2450;
update escola.censoinstsuperior   set ed257_c_nome = 'FACUDADE IEDUCARE FIED',       ed257_c_situacao = 'ATIVA' where ed257_i_codigo = 2466;
update escola.censoinstsuperior   set ed257_c_nome = 'FIAMFAAM CENTRO UNIVERSITARIO',       ed257_c_situacao = 'ATIVA' where ed257_i_codigo = 2556;
update escola.censoinstsuperior   set ed257_c_nome = 'ABEU   CENTRO UNIVERSITARIO',       ed257_c_situacao = 'ATIVA' where ed257_i_codigo = 2565;
update escola.censoinstsuperior   set ed257_c_nome = 'FACULDADE DE TECNOLOGIA IBTA SAO JOSE DOS CAMPOS',       ed257_c_situacao = 'ATIVA' where ed257_i_codigo = 2625;
update escola.censoinstsuperior   set ed257_c_nome = 'FACULDADE PIEMONTE',       ed257_c_situacao = 'ATIVA' where ed257_i_codigo = 2653;
update escola.censoinstsuperior   set ed257_c_nome = 'FACULDADE INESP INSTITUTO NACIONAL DE ENSINO E PESQUISA',       ed257_c_situacao = 'ATIVA' where ed257_i_codigo = 2688;
update escola.censoinstsuperior   set ed257_c_nome = 'FACULDADE DO CENTROOESTE',       ed257_c_situacao = 'ATIVA' where ed257_i_codigo = 2695;
update escola.censoinstsuperior   set ed257_c_nome = 'FACULDADE DE CIENCIAS EDUCACIONAIS DE CAPIM GROSSO',       ed257_c_situacao = 'ATIVA' where ed257_i_codigo = 2753;
update escola.censoinstsuperior   set ed257_c_nome = 'FACULDADES INTEGRADAS DESEMBARGADOR SAVIO BRANDAO',       ed257_c_situacao = 'ATIVA' where ed257_i_codigo = 2775;
update escola.censoinstsuperior   set ed257_c_nome = 'FANEESP FACULDADE NACIONAL DE EDUCACAO E ENSINO SUPERIOR DO PARANA',       ed257_c_situacao = 'ATIVA' where ed257_i_codigo = 2799;
update escola.censoinstsuperior   set ed257_c_nome = 'FACULDADE JK GUARA',       ed257_c_situacao = 'ATIVA' where ed257_i_codigo = 2904;
update escola.censoinstsuperior   set ed257_c_nome = 'FACULDADE MARIA MILZA CAMPUS FACTAE',       ed257_c_situacao = 'ATIVA' where ed257_i_codigo = 2912;
update escola.censoinstsuperior   set ed257_c_nome = 'FACULDADE DE DESENVOLVIMENTO DO RIO GRANDE DO SUL',       ed257_c_situacao = 'ATIVA' where ed257_i_codigo = 2950;
update escola.censoinstsuperior   set ed257_c_nome = 'FACULDADE DO INSTITUTO NACIONAL DE POSGRADUACAO DE CAMPINAS',       ed257_c_situacao = 'ATIVA' where ed257_i_codigo = 3007;
update escola.censoinstsuperior   set ed257_c_nome = 'FACULDADE DO INSTITUTO NACIONAL DE POSGRADUACAO DE SAO JOSE DOS CAMPOS',       ed257_c_situacao = 'ATIVA' where ed257_i_codigo = 3008;
update escola.censoinstsuperior   set ed257_c_nome = 'FAJOPA FACULDADE JOAO PAULO II',       ed257_c_situacao = 'ATIVA' where ed257_i_codigo = 3012;
update escola.censoinstsuperior   set ed257_c_nome = 'FACULDADE INTERNACIONAL DA PARAIBA',       ed257_c_situacao = 'ATIVA' where ed257_i_codigo = 3099;
update escola.censoinstsuperior   set ed257_c_nome = 'FACULDADE PITAGORAS DE DIVINOPOLIS FPD',       ed257_c_situacao = 'ATIVA' where ed257_i_codigo = 3149;
update escola.censoinstsuperior   set ed257_c_nome = 'INSTITUTO SUPERIOR DE EDUCACAO ANGLOAMERICANO',       ed257_c_situacao = 'ATIVA' where ed257_i_codigo = 3158;
update escola.censoinstsuperior   set ed257_c_nome = 'INSTITUTO FEDERAL DE EDUCACAO, CIENCIA E TECNOLOGIA DE SANTA CATARINA',       ed257_c_situacao = 'ATIVA' where ed257_i_codigo = 3162;
update escola.censoinstsuperior   set ed257_c_nome = 'INSTITUTO FEDERAL DE EDUCACAO, CIENCIA E TECNOLOGIA DO TRIANGULO MINEIRO',       ed257_c_situacao = 'ATIVA' where ed257_i_codigo = 3165;
update escola.censoinstsuperior   set ed257_c_nome = 'FACULDADE DE CIENCIAS DA BAHIA FACIBA',       ed257_c_situacao = 'ATIVA' where ed257_i_codigo = 3216;
update escola.censoinstsuperior   set ed257_c_nome = 'FACULDADE DE TECNOLOGIA E GESTAO',       ed257_c_situacao = 'ATIVA' where ed257_i_codigo = 3242;
update escola.censoinstsuperior   set ed257_c_nome = 'FACULDADE DE TECNOLOGIA ENIACFAPI',       ed257_c_situacao = 'ATIVA' where ed257_i_codigo = 3294;
update escola.censoinstsuperior   set ed257_c_nome = 'FACULDADES INTEGRADAS MATOGROSSENSES DE CIENCIAS SOCIAIS E HUMANAS',       ed257_c_situacao = 'ATIVA' where ed257_i_codigo = 3303;
update escola.censoinstsuperior   set ed257_c_nome = 'INSTITUTO DE EDUCACAO SUPERIOR PRESIDENTE KENNEDY CENTRO DE FORMACAO DE PROFISSIONAIS DE EDUCACAO',       ed257_c_situacao = 'ATIVA' where ed257_i_codigo = 3360;
update escola.censoinstsuperior   set ed257_c_nome = 'FACULDADE UBERLANDENSE DE NUCLEOS INTEGRADOS DE ENSINO, SERVICO SOCIAL E APRENDIZAGEM',       ed257_c_situacao = 'ATIVA' where ed257_i_codigo = 3430;
update escola.censoinstsuperior   set ed257_c_nome = 'FACULDADE DA FRONTEIRA FAF',       ed257_c_situacao = 'ATIVA' where ed257_i_codigo = 3502;
update escola.censoinstsuperior   set ed257_c_nome = 'FACULDADE VICENTINA FAVI',       ed257_c_situacao = 'ATIVA' where ed257_i_codigo = 3509;
update escola.censoinstsuperior   set ed257_c_nome = 'FACULDADE DE TEOLOGIA EVANGELICA EM CURITIBA FATEV',       ed257_c_situacao = 'ATIVA' where ed257_i_codigo = 3536;
update escola.censoinstsuperior   set ed257_c_nome = 'FACULDADE ANHANGUERA DE GUARULHOS',       ed257_c_situacao = 'ATIVA' where ed257_i_codigo = 3603;
update escola.censoinstsuperior   set ed257_c_nome = 'SINAL FACULDADE DE TEOLOGIA E FILOSOFIA',       ed257_c_situacao = 'ATIVA' where ed257_i_codigo = 3675;
update escola.censoinstsuperior   set ed257_c_nome = 'FACULDADE ECOAR',       ed257_c_situacao = 'ATIVA' where ed257_i_codigo = 3699;
update escola.censoinstsuperior   set ed257_c_nome = 'FACULDADE DE EDUCACAO DE BACABAL FEBAC',       ed257_c_situacao = 'ATIVA' where ed257_i_codigo = 3741;
update escola.censoinstsuperior   set ed257_c_nome = 'FACULDADE SOCIESC',       ed257_c_situacao = 'ATIVA' where ed257_i_codigo = 3758;
update escola.censoinstsuperior   set ed257_c_nome = 'FACULDADE ITABORAI',       ed257_c_situacao = 'ATIVA' where ed257_i_codigo = 3760;
update escola.censoinstsuperior   set ed257_c_nome = 'FACULDADE IBGEN INSTITUTO BRASILEIRO DE GESTAO DE NEGOCIOS',       ed257_c_situacao = 'ATIVA' where ed257_i_codigo = 3768;
update escola.censoinstsuperior   set ed257_c_nome = 'FACULDADE SENAC PORTO ALEGRE FSPOA',       ed257_c_situacao = 'ATIVA' where ed257_i_codigo = 3804;
update escola.censoinstsuperior   set ed257_c_nome = 'INSTITUTO CENTRO DE ENSINO TECNOLOGICO SOBRAL',       ed257_c_situacao = 'ATIVA' where ed257_i_codigo = 3830;
update escola.censoinstsuperior   set ed257_c_nome = 'FACULDADE DAS AGUAS EMENDADAS FAE',       ed257_c_situacao = 'ATIVA' where ed257_i_codigo = 3854;
update escola.censoinstsuperior   set ed257_c_nome = 'AVM   FACULDADE INTEGRADA',       ed257_c_situacao = 'ATIVA' where ed257_i_codigo = 3876;
update escola.censoinstsuperior   set ed257_c_nome = 'FACULDADE JK BRASILIA UNIDADE PLANO PILOTO',       ed257_c_situacao = 'ATIVA' where ed257_i_codigo = 3980;
update escola.censoinstsuperior   set ed257_c_nome = 'FACULDADE JK ASA NORTE',       ed257_c_situacao = 'ATIVA' where ed257_i_codigo = 3992;
update escola.censoinstsuperior   set ed257_c_nome = 'INSTITUTO INFNET RIO DE JANEIRO',       ed257_c_situacao = 'ATIVA' where ed257_i_codigo = 3998;
update escola.censoinstsuperior   set ed257_c_nome = 'FATECE FACULDADE DE TECNOLOGIA, CIENCIAS E EDUCACAO',       ed257_c_situacao = 'ATIVA' where ed257_i_codigo = 4007;
update escola.censoinstsuperior   set ed257_c_nome = 'FACULDADE TECNOLOGIA EDUVALE AVARE',       ed257_c_situacao = 'ATIVA' where ed257_i_codigo = 4043;
update escola.censoinstsuperior   set ed257_c_nome = 'FACULDADE BATISTA DO ESTADO DO RIO DE JANEIRO FABERJ',       ed257_c_situacao = 'ATIVA' where ed257_i_codigo = 4066;
update escola.censoinstsuperior   set ed257_c_nome = 'FACULDADE ICESP',       ed257_c_situacao = 'ATIVA' where ed257_i_codigo = 4068;
update escola.censoinstsuperior   set ed257_c_nome = 'FACULDADE ESTACIO DA PARAIBA',       ed257_c_situacao = 'ATIVA' where ed257_i_codigo = 4094;
update escola.censoinstsuperior   set ed257_c_nome = 'FACULDADE DE TECNOLOGIA TECBRASIL UNIDADE PORTO ALEGRE',       ed257_c_situacao = 'ATIVA' where ed257_i_codigo = 4096;
update escola.censoinstsuperior   set ed257_c_nome = 'FACULDADE DE TECNOLOGIA TECBRASIL UNIDADE BENTO GONCALVES',       ed257_c_situacao = 'ATIVA' where ed257_i_codigo = 4097;
update escola.censoinstsuperior   set ed257_c_nome = 'ESCOLA SUPERIOR DE ENGENHARIA E GESTAO DE SAO PAULO ESEG',       ed257_c_situacao = 'ATIVA' where ed257_i_codigo = 4104;
update escola.censoinstsuperior   set ed257_c_nome = 'FACULDADE JOAQUIM NABUCO PAULISTA',       ed257_c_situacao = 'ATIVA' where ed257_i_codigo = 4118;
update escola.censoinstsuperior   set ed257_c_nome = 'FACULDADE MAURICIO DE NASSAU MANAUS',       ed257_c_situacao = 'ATIVA' where ed257_i_codigo = 4135;
update escola.censoinstsuperior   set ed257_c_nome = 'INSTITUTO UNIFICADO EUROPEU DO BRASIL IUNEBRASIL',       ed257_c_situacao = 'ATIVA' where ed257_i_codigo = 4175;
update escola.censoinstsuperior   set ed257_c_nome = 'FACULDADE DE TECNOLOGIA INED   UNIDADE IPATINGA',       ed257_c_situacao = 'ATIVA' where ed257_i_codigo = 4204;
update escola.censoinstsuperior   set ed257_c_nome = 'FACULDADE PEDRO LEOPOLDO',       ed257_c_situacao = 'ATIVA' where ed257_i_codigo = 4218;
update escola.censoinstsuperior   set ed257_c_nome = 'INSTITUTO SUPERIOR DE EDUCACAO PROFESSORA NAIR FORTES ABUMERHY',       ed257_c_situacao = 'ATIVA' where ed257_i_codigo = 4219;
update escola.censoinstsuperior   set ed257_c_nome = 'FACULDADE DE INHUMAS FACMAIS',       ed257_c_situacao = 'ATIVA' where ed257_i_codigo = 4259;
update escola.censoinstsuperior   set ed257_c_nome = 'FACULDADE DO VALE ELVIRA DAYRELL FAVED',       ed257_c_situacao = 'ATIVA' where ed257_i_codigo = 4289;
update escola.censoinstsuperior   set ed257_c_nome = 'FACULDADE DO CENTRO EDUCACIONAL MINEIRO FACEM',       ed257_c_situacao = 'ATIVA' where ed257_i_codigo = 4329;
update escola.censoinstsuperior   set ed257_c_nome = 'FACULDADE PANAMERICANA DE JIPARANA',       ed257_c_situacao = 'ATIVA' where ed257_i_codigo = 4411;
update escola.censoinstsuperior   set ed257_c_nome = 'FACULDADE JK   UNIDADE I   GAMA',       ed257_c_situacao = 'ATIVA' where ed257_i_codigo = 4416;
update escola.censoinstsuperior   set ed257_c_nome = 'FACULDADE DE ENFERMAGEM NOVA ESPERANCA DE MOSSORO FACENERN',       ed257_c_situacao = 'ATIVA' where ed257_i_codigo = 4431;
update escola.censoinstsuperior   set ed257_c_nome = 'ESCOLA SUPERIOR PAULISTA DE ADMINISTRACAO ESPA',       ed257_c_situacao = 'ATIVA' where ed257_i_codigo = 4442;
update escola.censoinstsuperior   set ed257_c_nome = 'FACULDADE CIDADE DE GUANHAES FACIG',       ed257_c_situacao = 'ATIVA' where ed257_i_codigo = 4446;
update escola.censoinstsuperior   set ed257_c_nome = 'FACULDADES INTEGRADAS CAMPOGRANDENSES',       ed257_c_situacao = 'ATIVA' where ed257_i_codigo = 4502;
update escola.censoinstsuperior   set ed257_c_nome = 'ESTACIO FATERN FACULDADE ESTACIO DO RIO GRANDE DO NORTE',       ed257_c_situacao = 'ATIVA' where ed257_i_codigo = 4566;
update escola.censoinstsuperior   set ed257_c_nome = 'FACULDADE CENTRO MATOGROSSENSE',       ed257_c_situacao = 'ATIVA' where ed257_i_codigo = 4567;
update escola.censoinstsuperior   set ed257_c_nome = 'FACULDADE DE TECNOLOGIA CONTEC UNIDADE DE CARAPINA',       ed257_c_situacao = 'ATIVA' where ed257_i_codigo = 4606;
update escola.censoinstsuperior   set ed257_c_nome = 'FACULDADE ANGLOAMERICANO DE JOAO PESSOA',       ed257_c_situacao = 'ATIVA' where ed257_i_codigo = 4631;
update escola.censoinstsuperior   set ed257_c_nome = 'FACULDADE ANGLOAMERICANO DE CAXIAS DO SUL',       ed257_c_situacao = 'ATIVA' where ed257_i_codigo = 4632;
update escola.censoinstsuperior   set ed257_c_nome = 'FACULDADE ANGLOAMERICANO DE PASSO FUNDO',       ed257_c_situacao = 'ATIVA' where ed257_i_codigo = 4633;
update escola.censoinstsuperior   set ed257_c_nome = 'FACULDADE DE ENSINO REGIONAL ALTERNATIVA',       ed257_c_situacao = 'ATIVA' where ed257_i_codigo = 4714;
update escola.censoinstsuperior   set ed257_c_nome = 'AMADO ASSOCIADOS IRH S C LTDA',       ed257_c_situacao = 'INATIVA' where ed257_i_codigo = 4755;
update escola.censoinstsuperior   set ed257_c_nome = 'FACULDADE IBS',       ed257_c_situacao = 'ATIVA' where ed257_i_codigo = 4773;
update escola.censoinstsuperior   set ed257_c_nome = 'FACISA UNAI FACULDADE DE CIENCIAS DA SAUDE DE UNAI',       ed257_c_situacao = 'ATIVA' where ed257_i_codigo = 4780;
update escola.censoinstsuperior   set ed257_c_nome = 'INSTITUTO CENTRO DE ENSINO TECNOLOGICO CARIRI',       ed257_c_situacao = 'ATIVA' where ed257_i_codigo = 4788;
update escola.censoinstsuperior   set ed257_c_nome = 'INSTITUTO CENTRO DE ENSINO TECNOLOGICO LIMOEIRO DO NORTE',       ed257_c_situacao = 'INATIVA' where ed257_i_codigo = 4789;
update escola.censoinstsuperior   set ed257_c_nome = 'FACULDADE DE TECNOLOGIA CENTEC CARIRI',       ed257_c_situacao = 'ATIVA' where ed257_i_codigo = 4791;
update escola.censoinstsuperior   set ed257_c_nome = 'ESCOLA SUPERIOR DE ENGENHARIA E GESTAO DE VALINHOS ESEG',       ed257_c_situacao = 'ATIVA' where ed257_i_codigo = 4794;
update escola.censoinstsuperior   set ed257_c_nome = 'FACULDADE DE CIENCIAS GERENCIAIS E EMPREENDEDORISMO FACIGE',       ed257_c_situacao = 'ATIVA' where ed257_i_codigo = 4821;
update escola.censoinstsuperior   set ed257_c_nome = 'FACULDADE DE EDUCACAO ACRIANA EUCLIDES DA CUNHA',       ed257_c_situacao = 'ATIVA' where ed257_i_codigo = 4836;
update escola.censoinstsuperior   set ed257_c_nome = 'FACULDADE DE TECNOLOGIA FAESA UNIDADE GUARAPARI',       ed257_c_situacao = 'ATIVA' where ed257_i_codigo = 4859;
update escola.censoinstsuperior   set ed257_c_nome = 'FACULDADE DE TECNOLOGIA PITAGOTAS UNIDADE LONDRINA',       ed257_c_situacao = 'ATIVA' where ed257_i_codigo = 4869;
update escola.censoinstsuperior   set ed257_c_nome = 'FACULDADE DE TECNOLOGIA CENTEC SERTAO CENTRAL',       ed257_c_situacao = 'ATIVA' where ed257_i_codigo = 4992;
update escola.censoinstsuperior   set ed257_c_nome = 'FACULDADE DE TECNOLOGIA DO IBRATE FAITEC',       ed257_c_situacao = 'INATIVA' where ed257_i_codigo = 4993;
update escola.censoinstsuperior   set ed257_c_nome = 'FACULDADE DE EDUCACAO TECNOLOGICA DO ESTADO DO RIO DE JANEIRO FAETERJ',       ed257_c_situacao = 'ATIVA' where ed257_i_codigo = 5016;
update escola.censoinstsuperior   set ed257_c_nome = 'FACULDADE DE EDUCACAO TECNOLOGICA DO ESTADO DO RIO DE JANEIRO FAETERJ',       ed257_c_situacao = 'ATIVA' where ed257_i_codigo = 5017;
update escola.censoinstsuperior   set ed257_c_nome = 'FACULDADE DE EDUCACAO TECNOLOGICA DO ESTADO DO RIO DE JANEIRO FAETERJ',       ed257_c_situacao = 'ATIVA' where ed257_i_codigo = 5020;
update escola.censoinstsuperior   set ed257_c_nome = 'FACULDADE DE EDUCACAO TECNOLOGICA DO ESTADO DO RIO DE JANEIRO FAETERJ',       ed257_c_situacao = 'ATIVA' where ed257_i_codigo = 5021;
update escola.censoinstsuperior   set ed257_c_nome = 'FACULDADE DE EDUCACAO TECNOLOGICA DO ESTADO DO RIO DE JANEIRO FAETERJ',       ed257_c_situacao = 'ATIVA' where ed257_i_codigo = 5051;
update escola.censoinstsuperior   set ed257_c_nome = 'FACULDADE DE EDUCACAO TECNOLOGICA DO ESTADO DO RIO DE JANEIRO FAETERJ',       ed257_c_situacao = 'ATIVA' where ed257_i_codigo = 5052;
update escola.censoinstsuperior   set ed257_c_nome = 'FACULDADE DE EDUCACAO TECNOLOGICA DO ESTADO DO RIO DE JANEIRO',       ed257_c_situacao = 'ATIVA' where ed257_i_codigo = 5053;
update escola.censoinstsuperior   set ed257_c_nome = 'INSTITUTO SUPERIOR DE EDUCACAO ANTONINO FREIRE ISEAF',       ed257_c_situacao = 'ATIVA' where ed257_i_codigo = 5204;
update escola.censoinstsuperior   set ed257_c_nome = 'FACULDADE ANHANGUERA DE EDUCACAO, CIENCIAS E TECNOLOGIA DE SOROCABA',       ed257_c_situacao = 'ATIVA' where ed257_i_codigo = 5216;
update escola.censoinstsuperior   set ed257_c_nome = 'UNIVERSIDADE ESTADUAL DE ALAGOAS UNEAL',       ed257_c_situacao = 'ATIVA' where ed257_i_codigo = 5242;
update escola.censoinstsuperior   set ed257_c_nome = 'FACULDADE PORTOALEGRENSE',       ed257_c_situacao = 'ATIVA' where ed257_i_codigo = 5317;
update escola.censoinstsuperior   set ed257_c_nome = 'FUNDACAO UNIVERSIDADE FEDERAL DO PAMPA UNIPAMPA',       ed257_c_situacao = 'ATIVA' where ed257_i_codigo = 5322;
update escola.censoinstsuperior   set ed257_c_nome = 'INSTITUTO DE ENSINO SUPERIOR INTEGRADOIESI',       ed257_c_situacao = 'ATIVA' where ed257_i_codigo = 5394;
update escola.censoinstsuperior   set ed257_c_nome = 'FACULDADE DE TECNOLOGIA DE MINAS GERAIS FATEMIG',       ed257_c_situacao = 'ATIVA' where ed257_i_codigo = 5430;
update escola.censoinstsuperior   set ed257_c_nome = 'FACULDADES INTEGRADAS DA UNIAO EDUCACIONAL DO PLANALTO CENTRAL FACIPLAC',       ed257_c_situacao = 'ATIVA' where ed257_i_codigo = 5439;
update escola.censoinstsuperior   set ed257_c_nome = 'FACULDADES VALE DO CARANGOLA FAVALE',       ed257_c_situacao = 'ATIVA' where ed257_i_codigo = 5537;
update escola.censoinstsuperior   set ed257_c_nome = 'FACULDADES INTEGRADAS DO NORTE DE MINAS FUNORTE',       ed257_c_situacao = 'ATIVA' where ed257_i_codigo = 5592;
update escola.censoinstsuperior   set ed257_c_nome = 'LIBERTAS FACULDADES INTEGRADAS',       ed257_c_situacao = 'ATIVA' where ed257_i_codigo = 5599;
update escola.censoinstsuperior   set ed257_c_nome = 'FACULDADE DE CIENCIAS HUMANAS E SOCIAIS DE ARARIPINA FACISA',       ed257_c_situacao = 'ATIVA' where ed257_i_codigo = 5664;
update escola.censoinstsuperior   set ed257_c_nome = 'FAMAC FACULDADE DE MACHADINHO DO OESTE',       ed257_c_situacao = 'ATIVA' where ed257_i_codigo = 10009;
update escola.censoinstsuperior   set ed257_c_nome = 'FACULDADE OBOE   FACO',       ed257_c_situacao = 'ATIVA' where ed257_i_codigo = 10016;
update escola.censoinstsuperior   set ed257_c_nome = 'FACULDADE DE TECNOLOGIA DE ENSINO SUPERIOR FATEC',       ed257_c_situacao = 'ATIVA' where ed257_i_codigo = 10059;
insert into escola.censoinstsuperior (ed257_i_codigo,                                     ed257_c_nome,                                     ed257_i_dependencia,                                      ed257_i_tipo,                                     ed257_i_censomunic,                                     ed257_c_situacao) values (10349, 'FACULDADE DE TECNOLOGIA IPPEO', 4, 1, 4106902, 'ATIVA');
insert into escola.censoinstsuperior (ed257_i_codigo,                                     ed257_c_nome,                                     ed257_i_dependencia,                                      ed257_i_tipo,                                     ed257_i_censomunic,                                     ed257_c_situacao) values (11376, 'FACULDADE VILLALOBOS DO CONELESTE PAULISTA', 4, 1, 3549904, 'ATIVA');
update escola.censoinstsuperior   set ed257_c_nome = 'FACULDADE DE TECNOLOGIA DA SERRA GAUCHA CAXIAS DO SUL',       ed257_c_situacao = 'ATIVA' where ed257_i_codigo = 11563;
update escola.censoinstsuperior   set ed257_c_nome = 'FACULDADES NETWORK   CAMPUS SUMARE',       ed257_c_situacao = 'ATIVA' where ed257_i_codigo = 11586;
update escola.censoinstsuperior   set ed257_c_nome = 'FACULDADE ANGLOAMERICANO DE CHAPECO',       ed257_c_situacao = 'ATIVA' where ed257_i_codigo = 11604;
update escola.censoinstsuperior   set ed257_c_nome = 'FACULDADE PITAGORAS DE VOTORANTIM SOROCABA',       ed257_c_situacao = 'ATIVA' where ed257_i_codigo = 11750;
update escola.censoinstsuperior   set ed257_c_nome = 'FACULDADE PITAGORAS DE TECNOLOGIA DE BETIM',       ed257_c_situacao = 'ATIVA' where ed257_i_codigo = 11751;
update escola.censoinstsuperior   set ed257_c_nome = 'INSTITUTO NACIONAL DE ENSINO SUPERIOR E POSGRADUACAO PADRE GERVASIO',       ed257_c_situacao = 'ATIVA' where ed257_i_codigo = 11860;
update escola.censoinstsuperior   set ed257_c_nome = 'FACULDADE DE TECNOLOGIA INED   UNIDADE VENDA NOVA',       ed257_c_situacao = 'ATIVA' where ed257_i_codigo = 12005;
insert into escola.censoinstsuperior (ed257_i_codigo,                                     ed257_c_nome,                                     ed257_i_dependencia,                                      ed257_i_tipo,                                     ed257_i_censomunic,                                     ed257_c_situacao) values (12136, 'FACULDADE DE TECNOLOGIA DO RIO DE JANEIRO', 4, 1, 3304557, 'ATIVA');
update escola.censoinstsuperior   set ed257_c_nome = 'FACULDADE DE TECNOLOGIA FAESA VILA VELHA',       ed257_c_situacao = 'ATIVA' where ed257_i_codigo = 12229;
update escola.censoinstsuperior   set ed257_c_nome = 'FACULDADE DE TECNOLOGIA LA SALLE ESTRELA',       ed257_c_situacao = 'ATIVA' where ed257_i_codigo = 12338;
update escola.censoinstsuperior   set ed257_c_nome = 'FACULDADE DE TECNOLOGIA DA SERRA GAUCHA BENTO CONCALVES',       ed257_c_situacao = 'ATIVA' where ed257_i_codigo = 12523;
update escola.censoinstsuperior   set ed257_c_nome = 'FACITEN FACULDADE DE CIENCIAS E TECNOLOGIAS DE NATAL',       ed257_c_situacao = 'ATIVA' where ed257_i_codigo = 12547;
update escola.censoinstsuperior   set ed257_c_nome = 'FACULDADE CRISTA DE CURITIBA',       ed257_c_situacao = 'ATIVA' where ed257_i_codigo = 12754;
update escola.censoinstsuperior   set ed257_c_nome = 'FACULDADE DE TECNOLOGIA SENAC MINAS UNIDADE BELO HORIZONTE',       ed257_c_situacao = 'ATIVA' where ed257_i_codigo = 12772;
update escola.censoinstsuperior   set ed257_c_nome = 'FACULDADE DE TECNOLOGIA TECBRASIL UNIDADE NOVO HAMBURGO',       ed257_c_situacao = 'ATIVA' where ed257_i_codigo = 12784;
insert into escola.censoinstsuperior (ed257_i_codigo,                                     ed257_c_nome,                                     ed257_i_dependencia,                                      ed257_i_tipo,                                     ed257_i_censomunic,                                     ed257_c_situacao) values (12791, 'FACULDADE ANHANGUERA DE PINDAMONHANGABA', 4, 1, 3538006, 'ATIVA');
insert into escola.censoinstsuperior (ed257_i_codigo,                                     ed257_c_nome,                                     ed257_i_dependencia,                                      ed257_i_tipo,                                     ed257_i_censomunic,                                     ed257_c_situacao) values (12829, 'FACULDADE EXITO', 4, 1, 5214606, 'ATIVA');
update escola.censoinstsuperior   set ed257_c_nome = 'FACULDADE DE TECNOLOGIA SENAC MINAS UNIDADE BARBACENA',       ed257_c_situacao = 'ATIVA' where ed257_i_codigo = 12848;
update escola.censoinstsuperior   set ed257_c_nome = 'IPOG INSTITUTO DE POSGRADUACAO & GRADUACAO',       ed257_c_situacao = 'ATIVA' where ed257_i_codigo = 12916;
update escola.censoinstsuperior   set ed257_c_nome = 'FACULDADE DE GOIANIA UNIDADE 1',       ed257_c_situacao = 'ATIVA' where ed257_i_codigo = 13133;
update escola.censoinstsuperior   set ed257_c_nome = 'FACULDADE ANGLOAMERICANO DE BAGE',       ed257_c_situacao = 'ATIVA' where ed257_i_codigo = 13359;
insert into escola.censoinstsuperior (ed257_i_codigo,                                     ed257_c_nome,                                     ed257_i_dependencia,                                      ed257_i_tipo,                                     ed257_i_censomunic,                                     ed257_c_situacao) values (13648, 'FACULDADE SAO MARCOS', 4, 1, 4319000, 'ATIVA');
insert into escola.censoinstsuperior (ed257_i_codigo,                                     ed257_c_nome,                                     ed257_i_dependencia,                                      ed257_i_tipo,                                     ed257_i_censomunic,                                     ed257_c_situacao) values (13783, 'FACULDADES UNIDAS FEIRA DE SANTANA', 4, 1, 2910800, 'ATIVA');
insert into escola.censoinstsuperior (ed257_i_codigo,                                     ed257_c_nome,                                     ed257_i_dependencia,                                      ed257_i_tipo,                                     ed257_i_censomunic,                                     ed257_c_situacao) values (13784, 'FACULDADE DO PLANALTO CENTRAL', 4, 1, 5208004, 'ATIVA');
insert into escola.censoinstsuperior (ed257_i_codigo,                                     ed257_c_nome,                                     ed257_i_dependencia,                                      ed257_i_tipo,                                     ed257_i_censomunic,                                     ed257_c_situacao) values (13792, 'INSTITUICAO DE ENSINO SUPERIOR DE CACOAL', 4, 1, 1100049, 'ATIVA');
update escola.censoinstsuperior   set ed257_c_nome = 'FACULDADE LA SALLE CAXIAS',       ed257_c_situacao = 'ATIVA' where ed257_i_codigo = 13818;
update escola.censoinstsuperior   set ed257_c_nome = 'ESCOLA DIEESE DE CIENCIAS DO TRABALHO',       ed257_c_situacao = 'ATIVA' where ed257_i_codigo = 13845;
update escola.censoinstsuperior   set ed257_c_nome = 'FATEC FACULDADE SENAI DE TECNOLOGIA',       ed257_c_situacao = 'ATIVA' where ed257_i_codigo = 13878;
update escola.censoinstsuperior   set ed257_c_nome = 'FACULDADE DE TECNOLOGIA BSGU',       ed257_c_situacao = 'ATIVA' where ed257_i_codigo = 13890;
update escola.censoinstsuperior   set ed257_c_nome = 'FACULDADE CESUMAR',       ed257_c_situacao = 'ATIVA' where ed257_i_codigo = 14403;
insert into escola.censoinstsuperior (ed257_i_codigo,                                     ed257_c_nome,                                     ed257_i_dependencia,                                      ed257_i_tipo,                                     ed257_i_censomunic,                                     ed257_c_situacao) values (14412, 'FACULDADE DE TECNOLOGIA SENAI PERNAMBUCO', 4, 1, 2611606, 'ATIVA');
insert into escola.censoinstsuperior (ed257_i_codigo,                                     ed257_c_nome,                                     ed257_i_dependencia,                                      ed257_i_tipo,                                     ed257_i_censomunic,                                     ed257_c_situacao) values (14785, 'FACULDADE DE TECNOLOGIA SENAI MARINGA', 4, 1, 4115200, 'ATIVA');
insert into escola.censoinstsuperior (ed257_i_codigo,                                     ed257_c_nome,                                     ed257_i_dependencia,                                      ed257_i_tipo,                                     ed257_i_censomunic,                                     ed257_c_situacao) values (14786, 'FACULDADE DE TECNOLOGIA SENAI LONDRINA', 4, 1, 4113700, 'ATIVA');
insert into escola.censoinstsuperior (ed257_i_codigo,                                     ed257_c_nome,                                     ed257_i_dependencia,                                      ed257_i_tipo,                                     ed257_i_censomunic,                                     ed257_c_situacao) values (14878, 'TREVISAN ESCOLA SUPERIOR DE NEGOCIOS', 4, 1, 3542909, 'ATIVA');
insert into escola.censoinstsuperior (ed257_i_codigo,                                     ed257_c_nome,                                     ed257_i_dependencia,                                      ed257_i_tipo,                                     ed257_i_censomunic,                                     ed257_c_situacao) values (14879, 'FACULDADE DOURADO', 4, 1, 3550308, 'ATIVA');
insert into escola.censoinstsuperior (ed257_i_codigo,                                     ed257_c_nome,                                     ed257_i_dependencia,                                      ed257_i_tipo,                                     ed257_i_censomunic,                                     ed257_c_situacao) values (14927, 'FACULDADE SAO GABRIEL DA PALHA', 4, 1, 3204708, 'ATIVA');
insert into escola.censoinstsuperior (ed257_i_codigo,                                     ed257_c_nome,                                     ed257_i_dependencia,                                      ed257_i_tipo,                                     ed257_i_censomunic,                                     ed257_c_situacao) values (14961, 'FACULDADE DE TECNOLOGIA EM SAUDE IAHCS', 4, 1, 4314902, 'ATIVA');
update escola.censoinstsuperior   set ed257_c_nome = 'UNIVERSIDADE FEDERAL DA INTEGRACAO LATINO AMERICANA',       ed257_c_situacao = 'ATIVA' where ed257_i_codigo = 15001;
update escola.censoinstsuperior   set ed257_c_nome = 'FACULDADE MASTER DE PARAUAPEBAS FAMAP',       ed257_c_situacao = 'ATIVA' where ed257_i_codigo = 15079;
insert into escola.censoinstsuperior (ed257_i_codigo,                                     ed257_c_nome,                                     ed257_i_dependencia,                                      ed257_i_tipo,                                     ed257_i_censomunic,                                     ed257_c_situacao) values (15272, 'FACULDADE DE TECNOLOGIA, EDUCACAO SUPERIOR E PROFISSIONAL', 4, 1, 2211001, 'ATIVA');
insert into escola.censoinstsuperior (ed257_i_codigo,                                     ed257_c_nome,                                     ed257_i_dependencia,                                      ed257_i_tipo,                                     ed257_i_censomunic,                                     ed257_c_situacao) values (15280, 'FACULDADE BRASILEIRA DE ENSINO, PESQUISA E EXTENSAO', 4, 1, 2507507, 'ATIVA');
insert into escola.censoinstsuperior (ed257_i_codigo,                                     ed257_c_nome,                                     ed257_i_dependencia,                                      ed257_i_tipo,                                     ed257_i_censomunic,                                     ed257_c_situacao) values (15351, 'FACULDADE IDEAU', 4, 1, 4311809, 'ATIVA');
insert into escola.censoinstsuperior (ed257_i_codigo,                                     ed257_c_nome,                                     ed257_i_dependencia,                                      ed257_i_tipo,                                     ed257_i_censomunic,                                     ed257_c_situacao) values (15382, 'FACULDADE NOROESTE DO MATO GROSSO', 4, 1, 5105150, 'ATIVA');
insert into escola.censoinstsuperior (ed257_i_codigo,                                     ed257_c_nome,                                     ed257_i_dependencia,                                      ed257_i_tipo,                                     ed257_i_censomunic,                                     ed257_c_situacao) values (15445, 'FACULDADE METROPOLITANA DE CURITIBA', 4, 1, 4106902, 'ATIVA');
update escola.censoinstsuperior   set ed257_c_nome = 'UNIVERSIDADE DA INTEGRACAO INTERNACIONAL DA LUSOFONIA AFROBRASILEIRA',       ed257_c_situacao = 'ATIVA' where ed257_i_codigo = 15497;
insert into escola.censoinstsuperior (ed257_i_codigo,                                     ed257_c_nome,                                     ed257_i_dependencia,                                      ed257_i_tipo,                                     ed257_i_censomunic,                                     ed257_c_situacao) values (15501, 'FACULDADE DE TECNOLOGIA SENAI ROBERTO SIMONSEN', 4, 1, 3550308, 'ATIVA');
insert into escola.censoinstsuperior (ed257_i_codigo,                                     ed257_c_nome,                                     ed257_i_dependencia,                                      ed257_i_tipo,                                     ed257_i_censomunic,                                     ed257_c_situacao) values (15502, 'FACULDADE DE TECNOLOGIA SENAI SUICOBRASILEIRA', 4, 1, 3550308, 'ATIVA');
insert into escola.censoinstsuperior (ed257_i_codigo,                                     ed257_c_nome,                                     ed257_i_dependencia,                                      ed257_i_tipo,                                     ed257_i_censomunic,                                     ed257_c_situacao) values (15504, 'FACULDADE IRECE', 4, 1, 2914604, 'ATIVA');
insert into escola.censoinstsuperior (ed257_i_codigo,                                     ed257_c_nome,                                     ed257_i_dependencia,                                      ed257_i_tipo,                                     ed257_i_censomunic,                                     ed257_c_situacao) values (15518, 'FACUDADE DE MORRINHOS', 4, 1, 5213806, 'ATIVA');
insert into escola.censoinstsuperior (ed257_i_codigo,                                     ed257_c_nome,                                     ed257_i_dependencia,                                      ed257_i_tipo,                                     ed257_i_censomunic,                                     ed257_c_situacao) values (15521, 'FACULDADE CATOLICA DE SAO JOSE DOS CAMPOS', 4, 1, 3549904, 'ATIVA');
update escola.censoinstsuperior   set ed257_c_nome = 'FACULDADE DE TECNOLOGIA DE SAO JOSE DOS CAMPOS JESSEN VIDAL',       ed257_c_situacao = 'ATIVA' where ed257_i_codigo = 15581;
update escola.censoinstsuperior   set ed257_c_nome = 'FACULDADE DE TECNOLOGIA DE ITAPETININGA PROF.ANTONIO BELIZANDRO BARBOSA REZENDE',       ed257_c_situacao = 'ATIVA' where ed257_i_codigo = 15693;
update escola.censoinstsuperior   set ed257_c_nome = 'FACULDADE DE TECNOLOGIA DE OSASCO PREFEITO HIRANT SANAZAR',       ed257_c_situacao = 'ATIVA' where ed257_i_codigo = 15709;
update escola.censoinstsuperior   set ed257_c_nome = 'FATEC ARTHUR AZEVEDO MOGI MIRIM',       ed257_c_situacao = 'ATIVA' where ed257_i_codigo = 15714;
insert into escola.censoinstsuperior (ed257_i_codigo,                                     ed257_c_nome,                                     ed257_i_dependencia,                                      ed257_i_tipo,                                     ed257_i_censomunic,                                     ed257_c_situacao) values (15777, 'FACULDADE SUDOESTE PAULISTAITAPETININGA', 4, 1, 3522307, 'ATIVA');
update escola.censoinstsuperior   set ed257_c_nome = 'FACULDADE DE TECNOLOGIA ESTUDANTE RAFAEL ALMEIDA CAMARINHA MARILIA',       ed257_c_situacao = 'ATIVA' where ed257_i_codigo = 15784;
update escola.censoinstsuperior   set ed257_c_nome = 'FACULDADE DE TECNOLOGIA DE TATUI PROF. WILSON ROBERTO RIBEIRO DE CAMARGO',       ed257_c_situacao = 'ATIVA' where ed257_i_codigo = 15803;
insert into escola.censoinstsuperior (ed257_i_codigo,                                     ed257_c_nome,                                     ed257_i_dependencia,                                      ed257_i_tipo,                                     ed257_i_censomunic,                                     ed257_c_situacao) values (15859, 'FACULDADE CATOLICA PAULISTA', 4, 1, 3529005, 'ATIVA');
insert into escola.censoinstsuperior (ed257_i_codigo,                                     ed257_c_nome,                                     ed257_i_dependencia,                                      ed257_i_tipo,                                     ed257_i_censomunic,                                     ed257_c_situacao) values (15873, 'FACULDADE ITAQUA', 4, 1, 3523107, 'ATIVA');
insert into escola.censoinstsuperior (ed257_i_codigo,                                     ed257_c_nome,                                     ed257_i_dependencia,                                      ed257_i_tipo,                                     ed257_i_censomunic,                                     ed257_c_situacao) values (16037, 'INSTITUTO SUPERIOR DE CIENCIAS POLICIAIS', 2, 1, 5300108, 'ATIVA');
update escola.censoinstsuperior   set ed257_c_nome = 'FACULDADE LEONARDO DA VINCI SANTA CATARINA',       ed257_c_situacao = 'ATIVA' where ed257_i_codigo = 16914;
update escola.censoinstsuperior   set ed257_c_nome = 'CENTRO UNIVERSITARIO CATOLICA DE SANTA CATARINA EM JOINVILLE',       ed257_c_situacao = 'ATIVA' where ed257_i_codigo = 17138;
update escola.censoinstsuperior   set ed257_c_nome = 'CENTRO DE EDUCACAO SUPERIOR DA FOZ DO ITAJAI CESFI',       ed257_c_situacao = 'ATIVA' where ed257_i_codigo = 17633;
insert into escola.censoinstsuperior (ed257_i_codigo,                                     ed257_c_nome,                                     ed257_i_dependencia,                                      ed257_i_tipo,                                     ed257_i_censomunic,                                     ed257_c_situacao) values (17691, 'FACULDADE DE TECNOLOGIA SENAI GASPAR RICARDO JUNIOR', 4, 1, 3552205, 'ATIVA');
insert into escola.censoinstsuperior (ed257_i_codigo,                                     ed257_c_nome,                                     ed257_i_dependencia,                                      ed257_i_tipo,                                     ed257_i_censomunic,                                     ed257_c_situacao) values (17775, 'FACULDADE DE CIENCIAS DA SAUDE DE SERRA TALHADA', 7, 1, 2613909, 'ATIVA');
insert into escola.censoinstsuperior (ed257_i_codigo,                                     ed257_c_nome,                                     ed257_i_dependencia,                                      ed257_i_tipo,                                     ed257_i_censomunic,                                     ed257_c_situacao) values (17942, 'FACULDADE DE TECNOLOGIA DO TATUAPE', 2, 1, 3550308, 'ATIVA');
insert into escola.censoinstsuperior (ed257_i_codigo,                                     ed257_c_nome,                                     ed257_i_dependencia,                                      ed257_i_tipo,                                     ed257_i_censomunic,                                     ed257_c_situacao) values (17952, 'FACULDADE DE TECNOLOGIA DE JACAREI', 2, 1, 3524402, 'ATIVA');
insert into escola.censoinstsuperior (ed257_i_codigo,                                     ed257_c_nome,                                     ed257_i_dependencia,                                      ed257_i_tipo,                                     ed257_i_censomunic,                                     ed257_c_situacao) values (17953, 'FACULDADE DE TECNOLOGIA DE POMPEIA SHUNJI NISHIMURA', 2, 1, 3540002, 'ATIVA');
insert into escola.censoinstsuperior (ed257_i_codigo,                                     ed257_c_nome,                                     ed257_i_dependencia,                                      ed257_i_tipo,                                     ed257_i_censomunic,                                     ed257_c_situacao) values (17977, 'FACULDADE DE TECNOLOGIA DE ITAQUERA', 2, 1, 3550308, 'ATIVA');
insert into escola.censoinstsuperior (ed257_i_codigo,                                     ed257_c_nome,                                     ed257_i_dependencia,                                      ed257_i_tipo,                                     ed257_i_censomunic,                                     ed257_c_situacao) values (18049, 'FACULDADE DE TECNOLOGIA DE TAUBATE', 2, 1, 3554102, 'ATIVA');
insert into escola.censoinstsuperior (ed257_i_codigo,                                     ed257_c_nome,                                     ed257_i_dependencia,                                      ed257_i_tipo,                                     ed257_i_censomunic,                                     ed257_c_situacao) values (18099, 'FACULDADE DE TECNOLOGIA DE DIADEMA LUIGI PAPAIZ', 2, 1, 3513801, 'ATIVA');
insert into escola.censoinstsuperior (ed257_i_codigo,                                     ed257_c_nome,                                     ed257_i_dependencia,                                      ed257_i_tipo,                                     ed257_i_censomunic,                                     ed257_c_situacao) values (18440, 'UNIVERSIDADE FEDERAL DO SUL E SUDESTE DO PARA', 1, 1, 1504208, 'ATIVA');
insert into escola.censoinstsuperior (ed257_i_codigo,                                     ed257_c_nome,                                     ed257_i_dependencia,                                      ed257_i_tipo,                                     ed257_i_censomunic,                                     ed257_c_situacao) values (18506, 'UNIVERSIDADE FEDERAL DO OESTE DA BAHIA', 1, 1, 2903201, 'ATIVA');
insert into escola.censoinstsuperior (ed257_i_codigo,                                     ed257_c_nome,                                     ed257_i_dependencia,                                      ed257_i_tipo,                                     ed257_i_censomunic,                                     ed257_c_situacao) values (18812, 'UNIVERSIDADE FEDERAL DO SUL DA BAHIA', 1, 1, 2914802, 'ATIVA');




insert into avaliacaopergunta( db103_sequencial ,db103_avaliacaotiporesposta ,db103_avaliacaogrupopergunta ,db103_descricao ,db103_identificador ,db103_obrigatoria ,db103_ativo ,db103_ordem ) values ( 3000154 ,2 ,3000012 ,' Código INEP do prédio compartilhado 1' ,'PredioCompartilhadoInep1' ,'f' ,'t' ,2);
insert into avaliacaopergunta( db103_sequencial ,db103_avaliacaotiporesposta ,db103_avaliacaogrupopergunta ,db103_descricao ,db103_identificador ,db103_obrigatoria ,db103_ativo ,db103_ordem ) values ( 3000155 ,2 ,3000012 ,' Código INEP do prédio compartilhado 2' ,'PredioCompartilhadoInep2' ,'f' ,'t' ,3);
insert into avaliacaopergunta( db103_sequencial ,db103_avaliacaotiporesposta ,db103_avaliacaogrupopergunta ,db103_descricao ,db103_identificador ,db103_obrigatoria ,db103_ativo ,db103_ordem ) values ( 3000156 ,2 ,3000012 ,' Código INEP do prédio compartilhado 3' ,'PredioCompartilhadoInep3' ,'f' ,'t' ,4);
insert into avaliacaopergunta( db103_sequencial ,db103_avaliacaotiporesposta ,db103_avaliacaogrupopergunta ,db103_descricao ,db103_identificador ,db103_obrigatoria ,db103_ativo ,db103_ordem ) values ( 3000157 ,2 ,3000012 ,' Código INEP do prédio compartilhado 4' ,'PredioCompartilhadoInep4' ,'f' ,'t' ,5);
insert into avaliacaopergunta( db103_sequencial ,db103_avaliacaotiporesposta ,db103_avaliacaogrupopergunta ,db103_descricao ,db103_identificador ,db103_obrigatoria ,db103_ativo ,db103_ordem ) values ( 3000158 ,2 ,3000012 ,' Código INEP do prédio compartilhado 5' ,'PredioCompartilhadoInep5' ,'f' ,'t' ,6);
insert into avaliacaopergunta( db103_sequencial ,db103_avaliacaotiporesposta ,db103_avaliacaogrupopergunta ,db103_descricao ,db103_identificador ,db103_obrigatoria ,db103_ativo ,db103_ordem ) values ( 3000159 ,2 ,3000012 ,' Código INEP do prédio compartilhado 6' ,'PredioCompartilhadoInep6' ,'f' ,'t' ,7);
insert into avaliacaoperguntaopcao( db104_sequencial ,db104_avaliacaopergunta ,db104_descricao ,db104_identificador ,db104_aceitatexto ,db104_peso ) values ( 3000571 ,3000154 ,'' ,'PredioCompartilhadoInep1_2' ,'true' ,0 );
insert into avaliacaoperguntaopcao( db104_sequencial ,db104_avaliacaopergunta ,db104_descricao ,db104_identificador ,db104_aceitatexto ,db104_peso ) values ( 3000572 ,3000155 ,'' ,'PredioCompartilhadoInep2_2' ,'true' ,0 );
insert into avaliacaoperguntaopcao( db104_sequencial ,db104_avaliacaopergunta ,db104_descricao ,db104_identificador ,db104_aceitatexto ,db104_peso ) values ( 3000576 ,3000156 ,'' ,'PredioCompartilhadoInep3_2' ,'true' ,0 );
insert into avaliacaoperguntaopcao( db104_sequencial ,db104_avaliacaopergunta ,db104_descricao ,db104_identificador ,db104_aceitatexto ,db104_peso ) values ( 3000573 ,3000157 ,'' ,'PredioCompartilhadoInep4_2' ,'true' ,0 );
insert into avaliacaoperguntaopcao( db104_sequencial ,db104_avaliacaopergunta ,db104_descricao ,db104_identificador ,db104_aceitatexto ,db104_peso ) values ( 3000574 ,3000158 ,'' ,'PredioCompartilhadoInep5_2' ,'true' ,0 );
insert into avaliacaoperguntaopcao( db104_sequencial ,db104_avaliacaopergunta ,db104_descricao ,db104_identificador ,db104_aceitatexto ,db104_peso ) values ( 3000575 ,3000159 ,'' ,'PredioCompartilhadoInep6_2' ,'true' ,0 );

insert into avaliacaoperguntaopcaolayoutcampo( ed313_sequencial ,ed313_ano ,ed313_db_layoutcampo ,ed313_avaliacaoperguntaopcao ,ed313_layoutvalorcampo ) values ( 841 ,2014 ,11455 ,3000571 ,'' );
insert into avaliacaoperguntaopcaolayoutcampo( ed313_sequencial ,ed313_ano ,ed313_db_layoutcampo ,ed313_avaliacaoperguntaopcao ,ed313_layoutvalorcampo ) values ( 842 ,2014 ,11456 ,3000572 ,'' );
insert into avaliacaoperguntaopcaolayoutcampo( ed313_sequencial ,ed313_ano ,ed313_db_layoutcampo ,ed313_avaliacaoperguntaopcao ,ed313_layoutvalorcampo ) values ( 843 ,2014 ,11457 ,3000576 ,'' );
insert into avaliacaoperguntaopcaolayoutcampo( ed313_sequencial ,ed313_ano ,ed313_db_layoutcampo ,ed313_avaliacaoperguntaopcao ,ed313_layoutvalorcampo ) values ( 844 ,2014 ,11458 ,3000573 ,'' );
insert into avaliacaoperguntaopcaolayoutcampo( ed313_sequencial ,ed313_ano ,ed313_db_layoutcampo ,ed313_avaliacaoperguntaopcao ,ed313_layoutvalorcampo ) values ( 845 ,2014 ,11459 ,3000574 ,'' );
insert into avaliacaoperguntaopcaolayoutcampo( ed313_sequencial ,ed313_ano ,ed313_db_layoutcampo ,ed313_avaliacaoperguntaopcao ,ed313_layoutvalorcampo ) values ( 846 ,2014 ,11460 ,3000575 ,'' );